9.450858360379563,10.85848120115019,-0.8568354108900662,-6.073796978554222,4.301359358079912,1
17.090115832195124,12.94137198877402,-5.068746497974795,-3.018896915882622,-2.3570553567297514,1
17.63027284677514,26.526185255118122,-3.6430308587214304,-1.7564446067147603,-3.791694008226444,1
17.54061931858779,23.283528080586922,-5.576658581217348,5.41794956163483,-0.13736401667430953,1
15.512522881759097,19.142004230792224,9.519836237209036,2.1282236163363617,1.736320283630579,1
18.173225681849942,18.441456784882654,-4.024301318765793,-1.365740571083978,-0.697544629972344,1
23.889700957129868,23.827372398837575,0.783655755235391,-7.144667718178786,5.298435175235081,1
7.506042940321502,12.946439031330208,-1.9065546694012663,-5.503933278300983,4.142597741898936,1
19.394124957130472,15.966043707446289,-1.4741994392007185,-0.4171026852830082,6.35372505226823,1
14.83019893233586,16.238309365592123,5.2943200155819055,0.7769165475230628,-2.954603319043064,1
17.19772862566351,13.217476461639238,-3.352240779015392,5.658817056083234,11.413499936268423,1
12.236351709690538,14.758230916412252,-10.450631951165086,9.623389074985422,3.6747576566841453,1
14.297255080074208,21.263048775347166,5.0940216630810164,-6.10348591567444,9.988766653748929,1
11.810724074802348,5.473303859084291,3.292945747927499,-0.3962871101474481,4.82098186648379,1
17.635762372494483,16.940194009199423,-2.377852481221278,-5.294707465986534,-3.9087347870671083,1
20.20410628385902,18.735421421376007,-0.5537189697633096,-5.195327689228004,-0.9967519633372555,1
16.44874953796579,10.209002632687032,2.885695201571435,-0.8458493913271856,4.181678923299416,1
13.427452669620388,17.76225481337385,1.1673361264881752,1.8993238610905907,0.3922184723026333,1
9.735664299485983,13.68436802406427,0.3691905238501796,5.949692019676864,-6.316079134795618,1
16.58910503434843,14.98707373634813,-11.174673736434766,7.04099722880602,-7.092877848988147,1
15.040094462205108,10.348964120331818,2.6049979360014577,1.5242027179325606,-1.7358531187457764,1
13.962816751643073,19.003356889736704,-3.04283101738398,0.6115616361968362,0.16346661427930298,1
11.11335654157107,17.69520174483796,3.9978711249144334,1.9613316681642727,8.079946074535123,1
17.392132897285922,17.059952967635013,1.2710781838662857,8.18085604312844,7.8027378289236555,1
14.816934133572476,23.32063991715856,3.854239424812173,0.2756551371310916,0.23831623111425737,1
16.538045874783112,9.28820499456409,-0.650845862691396,2.1660614404323377,7.4130591309401765,1
7.456527414892311,11.019617358330494,12.71985353386172,-3.4477474785432065,0.7258893527329247,1
16.366324309895415,10.393207755577059,4.720277648735924,0.9225945806614427,-0.9081580352827545,1
17.529523145026413,16.522104080443683,-8.00157280631508,0.28115860678376947,4.764248921696939,1
15.003271605601782,21.558267912554637,-2.022641528546353,4.037570676307781,-2.03997010312648,1
20.36067248450386,12.166388158364464,10.117256381177702,2.2780440120088743,6.184874800679797,1
22.1636104494075,20.281963309633,5.285838643802523,7.1578886457390825,6.436043038864166,1
25.90586945262423,11.844504180730766,0.9404175761411985,-3.258046060750779,2.4625529729430076,1
19.82617646310183,17.770307099789616,-5.512326611558739,4.9739955791994275,4.188306491412494,1
10.977993441583147,15.906426927990363,3.5697208564929674,7.86169044354242,4.182659008447695,1
11.529894461099335,3.6900873426904273,3.197975961511317,-2.83908962496264,3.928389258455582,1
16.96220682692941,15.380320321379921,0.5309984274952124,9.325471247836923,3.1888215959036192,1
22.170017492293308,20.461113636886612,3.94548251987152,-6.269843823777706,-1.2118898728465988,1
16.975748284755877,15.99408834128401,-5.195853804768669,0.5527298217567058,-0.2522897399429531,1
14.254071545022867,22.170852146582845,-1.286174727901952,-1.8065969660438368,-6.1614741986917245,1
25.73012776728122,11.182981106399325,-0.6903043826674744,-4.421822357967154,4.713258179704846,1
14.803285949244954,20.260038532944073,3.2519462739496814,3.6346670093855273,1.6703535358846655,1
26.139895769555256,21.156729769281522,-3.369530667893512,-0.7160872044504627,-5.601531362712102,1
8.079181953124072,10.661377158902617,4.306887809473938,3.951881274698898,-7.619800068078424,1
20.07523238615348,12.975318911684461,1.9561482098433356,9.073615975930228,-1.0858211673354496,1
8.988326930691423,18.236148482769387,0.15691778453864114,-1.5115213510384033,6.207724604217335,1
11.729515290532028,9.835024795402994,-0.3258431641992332,1.2414488077628627,-2.816128320846814,1
5.670753376693394,18.86608833330609,12.231478109825826,2.506520637240208,6.994929734999954,1
4.808641899719241,14.685128125655028,3.0159361467274555,-0.9358192583464677,-2.8845021152025594,1
10.719382631401396,17.4011633574175,0.14646738697922446,7.211848181466407,2.297104683554256,1
19.428860697091384,6.376550534856555,-1.61979549413832,0.07089468638517493,0.850752890688957,1
3.695183792117403,15.221094852780867,6.968158254187986,3.590069420083764,9.79646730088253,1
15.655645708755117,10.393596709367245,2.635476123731419,6.897936072032525,4.223198414206401,1
4.7993400174655605,16.305225205070187,-4.229042860169634,0.04004020012723175,-0.5722822737704929,1
16.62785858529451,-0.27768737008610955,-2.4023796108437447,-4.9968901867455315,7.9744436513850525,1
11.701047812728033,17.306248963912157,1.071543545788151,6.182144844188762,8.177787311877362,1
14.652431989896717,16.22119138822166,2.159337136628639,4.5396490575572335,-7.749786792286864,1
19.19806933602357,16.891775774535475,2.7524431228994066,2.417682547165301,2.46775325164963,1
24.67372819512658,5.559060430984232,-8.155251228722562,-3.399498900363856,5.785931221001122,1
16.962777037380828,18.44559042206938,-1.9557978365329252,8.15375036974697,4.8761235025287535,1
23.691966825409985,20.232831791273014,0.05791591388943407,5.405764091756156,-0.8309215306155586,1
22.874602152625926,24.387412592039663,-0.249387636322433,9.994042590130928,5.266857354762751,1
14.285244548645576,17.99590167537911,-4.82171995610409,3.5718140872000244,1.230743415923855,1
18.001313107232043,20.3085453893421,11.225523782188422,1.9652193347039146,3.307412028355527,1
10.224145356114272,23.487573695888983,-4.242062953730687,-1.0820045131749358,7.500017728998221,1
7.7275334827812205,12.108238647120691,10.037608854985645,2.36783978823348,-0.9725569490040507,1
21.370245423563603,18.941088787901876,-1.0840849291048782,-2.9520001597295455,-5.3001839275272005,1
17.096759816389135,17.89429164399505,-1.6502992310311315,5.330376732039072,0.8248933017782978,1
9.341749308832426,15.565972406470001,-7.783453415953861,1.5749146297343337,-1.4107056061694552,1
15.024103483788007,14.720297901629944,2.844056620993513,0.2631649572956837,-4.7961357562075975,1
1.5571794473935618,17.040732904916386,0.5007947226001572,-3.0401113787919893,-2.825276324406664,1
18.818655894317676,13.029496521509671,6.938663495647033,6.516371083611627,-0.5694696464910616,1
18.957751409264453,18.286491304657133,-0.33343170850324655,4.024456767634273,-1.483690075799212,1
13.723707681352584,20.127784507335896,9.006801251068861,3.2262607919680795,-3.361141943618856,1
11.459746232887246,15.373413879527202,1.6151755452412815,-0.9467744547414634,0.49821421780253494,1
15.283071264628934,9.283839671811663,-5.440682028224024,-1.1588271431722004,-11.166512538297624,1
10.0063590987038,18.990752077350297,-7.5023289984229145,9.338025152852971,5.644275475545101,1
13.458777423141333,23.116807894612258,3.301658772043519,9.767360353861154,-1.2689902966970315,1
14.552892482762298,20.86193640706857,2.518607037575667,-5.560560802131642,2.123296878220757,1
16.450058764942433,18.81405284351378,-8.742282037455661,4.039293223293355,11.830855926220696,1
16.823720612834855,13.584040648014064,3.717561588772166,3.7285849909915942,7.643075304492937,1
22.942145443681014,16.71242147681388,3.1714019462153216,-0.06760494352510849,-4.251596276554262,1
13.123541752259042,9.22860418484011,3.72658108014525,6.876110649800781,1.244495740344588,1
15.650571102431956,15.390952963707507,-1.7437747645690145,7.432733286882645,2.6587588420916246,1
14.016975325303857,15.683836706389327,4.551572192229591,-6.19071543965681,1.9579640679365333,1
14.57171958276403,12.051190573486315,6.617501294157545,-9.465327243374666,-3.276030783525381,1
18.872769017521787,15.05560585558353,3.594464562455637,-4.7152348408750715,11.520112756924828,1
12.392982008188117,7.431346934542775,0.7190258546650274,11.050916151515013,-3.055491151092488,1
17.581977341434673,11.02233913742979,-3.239190174554058,3.5730410646818394,-3.473920517877101,1
18.3110639474528,6.400781138575143,-3.611815305502059,0.15433499464174616,-8.023027232345838,1
19.331532958896666,14.770099481917484,5.385320478553258,-5.155224277883674,-0.4573823993703259,1
18.837090608381246,7.231452921138574,6.87163467339053,0.8072258640001542,3.7323940047812756,1
11.985719502951124,17.944183133855176,1.5311024495232606,8.160844816751268,-4.9768568852543105,1
20.970823641826307,17.29157542952912,11.509455849237927,4.727862745249992,-6.985571164767437,1
14.067554436804452,12.128651446515716,9.093098457926512,-1.1371991652721491,2.383065923756927,1
9.816009174287625,19.677921300738454,-5.116009228175374,4.379677096924291,-1.4399134450612538,1
17.13083946480886,15.068653231983049,-1.8394639480377588,2.7658723153849385,0.1701677009161855,1
18.32263675972839,14.335123145327003,-8.085569515359094,0.4679993264136034,-3.468664688644787,1
14.8384615529103,10.93893460645932,-0.14906595803293232,0.8086729251196816,0.9759143494926114,1
9.852456302986063,7.143218822229166,4.559998025775646,-6.531776616551826,-2.4911595986590767,1
18.025614724756238,13.374824829444865,2.2449962471222733,-5.1536593569350275,-1.4951090501018496,1
12.403217778851536,14.796855985786815,5.839021109557348,-2.1299155153942992,-4.894674541812645,1
20.88350606825211,28.205225566396336,4.773800051075736,-3.9255232206757213,-5.44855410155299,1
15.874918501981286,4.176822366166494,-1.4439776578854557,-3.4677055288978194,3.936948821592653,1
9.410307816331946,8.985347263074853,-0.312338321295456,2.22333686363159,0.2330911295917013,1
12.230376656728534,15.041167461651977,4.386626934238324,-7.4693183140078006,4.315810225709072,1
23.879438003369998,11.295617886074083,-4.830182336431879,2.682891744364579,3.340700659149322,1
12.125718241774981,15.111019711874484,-1.8649350293448417,6.9130084873756665,-3.3213021774915603,1
12.72529786462114,18.26622385982837,-4.391317340650579,6.243682126976605,-0.14066013177291836,1
22.090255418458096,27.87194781464474,-12.090898869335616,-5.526274104719035,6.555094962490851,1
22.40641007341189,23.501356079921322,1.5039283217032378,6.578742130616804,1.2529604747512668,1
14.350777053441817,19.805190739443447,3.6130101355964186,8.614729792391078,-1.504904822322561,1
8.833500733120268,18.439153908282442,-2.8281317448308405,-1.0405683252940259,0.767859257708678,1
19.738413665698495,12.722678316663462,-4.339477044113821,-0.9860092875149815,1.8134112403350313,1
11.997461868194131,13.075461452592839,8.567330654661099,-9.732117273222734,5.123981713857002,1
15.480513567233789,9.735355702410182,-1.274960991565008,0.4431363851288914,-6.725899424988909,1
13.474139029225451,12.575811825436343,-1.138712829496776,5.074901035102622,7.0158542166202995,1
24.2353890766032,20.386000486995137,-3.2903103896814043,0.9719095507211287,3.697002610530955,1
13.514000088229098,19.691142195587634,-1.8259803872266498,0.7079740624293827,5.5529675962031595,1
20.446863983730196,11.75188370322327,7.343914789555002,2.415900323980778,-7.4296641876168685,1
27.13888167322203,7.653845043764593,-6.505208937152618,-10.719141061165455,1.6081911027621014,1
17.712831130162805,17.697421351977734,7.12958123550724,-8.898924538212198,0.751799288554523,1
5.579430119691102,18.638036843314367,3.8938355614944915,-4.105421279790871,3.9454442025123977,1
23.406361792088664,16.182039710601824,-2.1320072098356153,-0.31672272835407034,-0.5777805127637086,1
13.206957296391117,16.325770688267145,4.552249728103866,-0.8491930939515004,3.3516834226878247,1
5.739365414491903,13.856394920191423,3.863083451148541,1.1094468522166103,-2.1302308501721,1
9.635414173043943,17.062839243470336,7.377834565885921,-0.5914729652140762,8.943527656115883,1
9.174006617712543,18.954858335275503,-8.84921432215521,0.9969476445272089,4.715052900155637,1
9.95461012588478,16.96100580610795,-6.284691450261324,-3.8416885305998267,6.7548435677483765,1
16.38679430318489,11.925561421202039,-0.20356105420626314,3.7868225612798936,-2.115998362081438,1
13.831186727911522,12.154522744428853,-5.061906702767273,-9.87843674817504,7.312994584873496,1
10.740215230506816,7.94717712240809,8.658795394926976,-8.21705643415009,-8.13934194623067,1
8.873283340533074,18.46605269873315,7.053325712095995,7.721928582470159,-7.7086387283343285,1
12.120128939037006,17.41815512061832,-2.504557539668141,-1.995792817127799,10.531459993800148,1
9.702520600440646,13.62986037692363,-0.005880700884980383,1.3414149749281656,3.738170057493328,1
22.614786092819273,17.021502512485117,-1.2031589090943946,-5.20774024130844,6.908863079934875,1
18.24387586708031,16.05183965833606,3.9330260048551993,-5.779927227364854,-10.496412953156554,1
10.71848235092802,11.608056669248583,5.165105143747658,-2.857470075892007,1.5537071369838262,1
20.226494534610122,11.847907608687791,-0.49882277232275096,-7.1443122629174205,-2.2077184634750004,1
4.420010785523033,18.34001471348063,2.4660282065195003,5.884408691129157,8.209936608344329,1
24.910682799808853,24.464032180426067,4.3068165568529455,-11.473535262977375,-3.0933071910143948,1
11.271149098406065,8.568572343590652,5.794657238843405,0.3270646338672524,-4.723990266849443,1
12.087891239142746,15.800681049808995,3.0308432871032562,6.701913091976831,-0.8408389868192863,1
11.960432537071618,7.272563130181334,7.098551645824473,1.9066641976340648,1.9883575479570412,1
17.267083855008487,19.24333327912768,12.103526908599415,4.928959135199646,1.3684981471474553,1
6.802203078253585,19.124370462892074,-1.450530501743318,0.6554154255141365,-2.0972341086425392,1
15.325561684556945,19.06870640372103,0.2519139069229208,2.979960012771148,-10.136336076932912,1
15.761073425932313,13.554087109516436,-0.7107770211765783,-2.3955173479849696,4.012266176916335,1
11.119439394968435,20.714586729054645,7.40115212432362,7.943420090942524,-1.9429686084866309,1
18.572813012579843,18.341189935162564,4.715790217111382,-6.498776076979755,-6.527518158155243,1
14.235635691536215,19.524952733355622,0.7001407911719939,7.250253448932282,-1.7106018569013361,1
15.37396083990057,7.994592358117752,-0.09485132126948281,-2.7619076565492566,3.929430376716771,1
19.084159218839105,19.07369625604273,0.10391987720844054,2.5714397696448685,-1.7353074623187585,1
20.042670254242445,19.66855958407533,2.1977461390394746,-2.4200750753345917,0.36714588625995226,1
17.3781958991955,12.05203374867267,8.856761785711466,2.333663041737931,0.7563865153133114,1
18.295930839637652,14.01837824645549,-6.70450091815157,6.021315771363803,-8.172722179291505,1
14.540238123012832,11.636351215665709,-0.07456423212559482,9.3092433823134,0.10236778062327001,1
13.120897941300267,12.074457817379827,2.6494203434278107,1.2441872589872123,-4.013823055322755,1
16.547838703844644,9.77489611833276,-9.476271787127228,-8.85742646095518,1.5794414875947798,1
15.038457187048213,17.959523855903047,-5.430507190386818,1.069765205032333,-1.7835184768576249,1
17.30742489633281,15.428964297561974,0.08157047765476078,-8.43919435133515,5.873050473688476,1
25.836086306163583,6.447675775341175,-5.856477082296824,5.657216030980066,0.7166454530623692,1
16.389781086827547,17.489517069031336,-4.870018384770004,-5.221277455568316,2.9629992553675217,1
11.6053270502115,14.292579732642608,0.8466299869388159,7.788328195263647,-7.255618222349687,1
13.285006429042955,24.06767466683966,-11.539535628710672,0.5538518354128508,5.511253785993189,1
17.863503662802657,15.272450316977698,-0.8469861479514469,7.816241495052639,-4.270613977735115,1
14.05889973009407,12.597963585089595,1.6491032908313301,-4.375226631397027,-1.0567919369583123,1
13.630505246501915,16.23625572304267,2.7147204094611235,-1.0021095776088322,4.6111821513502385,1
16.762588642997116,20.268056495962735,-0.4275153937883793,4.406183318601766,-10.909763439167255,1
14.999726276691305,20.11776992071136,-5.464632423214757,6.582784429890324,-2.800710953289283,1
16.639272333969487,15.327111662719172,-1.2546764754766322,-1.3936221410227816,2.783160899802102,1
21.144592234381996,17.563639779896526,3.753167469627313,4.057646853514712,-3.0563454214279773,1
17.811211895363456,18.258741625233718,-0.22556888231379535,8.962612403806068,6.942145768429482,1
15.634120129331594,13.908224511336284,6.008857277451141,2.9507179183076886,-0.9082810440250504,1
5.069480441828837,14.752125929384293,-2.1928605763106974,7.941406888162921,12.619406669294206,1
10.510372741126233,16.509721800882364,-4.717666599507814,5.1322517143384925,-4.038771286576841,1
11.340343568131772,9.994103362892428,-2.3181200286234303,2.6235978225631658,1.6909562664183835,1
26.292450256394567,20.14580670355041,-0.26826531346591276,4.847682424058899,6.28507939972666,1
20.61310667926999,10.880377084936839,-14.316604536341673,11.580590486430363,1.586374024978933,1
12.490160775258872,7.072032867941972,-3.6627576322600452,5.526703186276608,-3.6629056590257916,1
12.216982119285102,15.738799608899631,4.2666398822629,0.6120244134007384,0.0065473489793977935,1
17.069080779808303,8.370517761905845,2.4038271459642218,-2.1666502752911097,5.021043413503995,1
10.331169243435248,16.487633058326757,-3.506948813784801,-6.128000571443991,-3.0067838413731627,1
25.66021484762849,12.864701496928355,-0.930648184808538,5.778647696434298,-3.0267913234329056,1
12.086030513748714,18.225970590415535,2.647744657511377,4.925615479957069,9.019808791236233,1
11.948278381072686,20.89012462415285,0.7322587049388425,1.1123797732862386,-9.107100567697394,1
14.016917320948007,18.313334910081174,7.487390272440244,-1.8905717658161088,2.556400180032073,1
15.264336922155387,20.61098237490242,-3.319650597461048,-6.673799886012916,-0.38235016572585145,1
13.713647883576993,19.620947944145286,3.615971923932336,-3.674615155356614,-1.19453122429791,1
18.520250088237415,13.544832818207475,2.5479861306935883,1.254956554240955,-8.347699793569628,1
8.379912537822054,20.176812655192897,1.8496696879121088,0.5341376312137086,-0.09501060883662449,1
16.04970576240845,16.408036371861638,1.1878957548092088,-0.7727548243380651,-2.8088339999759024,1
5.197913265763363,24.75300721406549,9.09501350675737,-0.16267223857646718,1.4639849407263732,1
25.060151722401738,25.992839008204907,12.937521834121604,-3.916339517253837,3.0038602230606593,1
7.376011551608983,17.761647300196337,-1.2829067795568339,-4.298298550462219,1.7494146477371963,1
15.57440700281757,18.215433209078764,-2.4475398654076455,2.472346741120475,4.79221343013704,1
23.163067007611613,22.615426287405665,3.5528083278394433,-1.575165666526722,8.046121008206788,1
8.059964203819465,17.48806462103244,0.9973016897173709,5.5587414473731105,-5.608418540190718,1
13.01541580493933,19.346778996327977,-0.582681176809813,5.182508602731189,-4.048825019921289,1
11.629890947098591,23.808250042744355,7.548641417401475,-1.6453915613409467,0.10142068942819993,1
17.366186201517934,22.406338959413308,-4.852500030283232,5.331265734868896,-3.649964942439988,1
7.52265969346537,14.264256142044156,-4.270969657512308,-1.5476508025074383,4.802784626607819,1
20.428727100310923,12.079434262045044,12.051656291242612,-4.143571563090225,6.288798443654395,1
16.471616616587063,24.7390351863544,-5.179363371334951,-3.7143471306938105,-1.0311652018058979,1
18.648518315168094,12.652919126934274,10.207338138395935,-0.5154795734528126,5.23423396344885,1
20.818658699181697,13.601807865069327,0.18959361252979678,-3.6749391699881517,3.6145630649581846,1
12.14840328515554,28.431850661904285,-6.405783756110042,1.4108896561257538,3.443178767528122,1
17.191487563231853,16.91912904360176,2.630127578044629,1.7603262761156238,-3.706476803289873,1
14.522592209552037,25.24571008825065,-1.704684620156776,1.950323461557827,4.256476520074154,1
14.905417098295164,8.819632565339646,-6.880513547232448,8.059144809583742,-5.955845985021151,1
9.808046545696428,10.746784494639316,7.972630109017215,-2.480158112495044,4.7709103290527235,1
15.603124904189464,22.02873271955651,0.20359218077983277,3.4289419542450457,4.076806367565672,1
12.704384184732376,14.122052762460113,-0.07710544242518114,2.96152296743742,0.6348761845626572,1
9.611223552061507,12.74735047741456,5.983706919490643,-11.232314625941616,-2.5919393039873455,1
20.668637874343347,17.719660248260602,6.832551563523623,3.7280250533162604,-2.901494593451844,1
20.040533828962303,19.83564304223239,9.625552818080022,4.336823736393557,-2.791861444696985,1
13.057511575230814,15.49227768830832,0.6063775608847933,2.7268918881082236,1.4330401009113556,1
7.871354074026805,14.299581974685609,-6.76148212290526,-10.210583122897063,-1.8964541511412585,1
16.068499801857342,20.110004861636387,3.9986006804626824,-5.539003056572906,-7.19711220652966,1
20.581496877464144,18.57320950021219,-4.072094295313734,-2.7240079352952926,2.1649375798180843,1
24.164992518156478,12.297876912765432,1.172513488730337,-0.17211799739632228,3.3048671706370487,1
22.2475508745888,8.258984609602804,0.5283144958537827,2.533464515506364,-3.410864459182392,1
15.093713633119894,16.464022534578742,7.233280807350278,1.4929364712794988,-0.370965775789027,1
16.439877901699447,14.526515011012346,-0.6957289042762445,6.337889393960472,-3.443288559851424,1
16.515587525883664,4.224544090873991,-4.957350620989446,3.0007352376011696,2.983760710271474,1
26.986153265534966,20.705213074939188,-7.085134832679829,7.382343205925471,-8.93707929009867,1
18.07423715088357,16.414084284571523,5.6540032450298305,-2.1794989237482127,6.15212835736019,1
8.01775532443255,14.642899874033644,-2.7730670933469197,-0.004901970376627318,2.6635133966480975,1
3.34598213360273,6.92504582821655,9.08741766694497,0.3777949336433504,-6.177333445272822,1
11.506259474045422,7.615384419382838,-1.0692873990371012,3.36674381995235,2.4282537479407367,1
14.046625461966864,12.922588840584472,6.70576337727915,-0.05590868079025535,0.06176225481742281,1
15.464088654883112,26.799794291306753,7.9423086132394545,1.0466347373234837,14.408656906648273,1
9.624827409439888,10.867011268356345,-4.242497525338628,8.314948047380641,0.6976126224456823,1
8.51221734692813,11.089450309145985,7.483879404260325,5.832653117846469,4.041919768301818,1
10.939166692344509,11.667399961082772,4.78173596502719,2.4519486598309133,5.391750637104987,1
17.537238885080413,17.6452853512602,-1.120251655043139,-4.597156630812789,1.192518183152923,1
16.815294514806798,13.182917033996599,2.930969861528723,5.391143330600867,2.757689718789256,1
6.34093035106072,21.45355615006241,8.149648499574706,-6.277241197431716,-1.311003210162128,1
13.45898586232318,17.21301674572827,3.3866596566947065,4.428149653616909,1.8277395227628774,1
22.904201112577415,23.147538215671176,5.988457378518343,11.38821995001399,0.8369488290797075,1
20.855675562010916,9.582581912374165,-1.9019187913875095,9.839753370399874,1.4788402261485591,1
15.559911278164948,10.785135075670754,4.028938063442082,2.4326538289274677,-3.34658211320773,1
15.742309400903002,19.789118051272403,-2.1841029825242364,-6.1619960083630705,-6.29373738084531,1
10.566489263707236,16.27050925035461,-4.74268028672714,4.1110956789602735,-1.5711449744567485,1
9.039564994256754,13.322391658632093,11.564562770591019,8.780946735700597,2.990852785343162,1
14.735471910826151,16.847147608061075,-7.1982474517513,4.384516351858793,-4.626121992223094,1
10.718821067043812,13.70461679237461,-7.692375711261262,3.6239533562649875,6.096399902072314,1
9.798205774291212,14.9336927020223,-6.2077731161113885,-3.1047192166184177,7.335342096601824,1
28.159794743530597,13.490653911088621,7.766564180486634,-2.0733107766136323,-5.4714587715292184,1
13.11046725997567,12.760779075535297,-1.431496277717471,2.8487713739048717,3.667586677046498,1
13.502192698416362,15.835890618859706,-3.8745423158741,-7.108219637727986,1.996837517733605,1
14.531549468584211,17.069189391031177,4.71739896302655,3.7671446875668115,0.9664851651655741,1
15.044786750274755,15.804888087459823,1.675076456920585,4.112457725524262,5.16422652560248,1
3.6503346641745615,24.28570934477394,0.5013306673695392,-1.3763286724656862,7.421974389373335,1
11.918159228090047,4.921848095343076,6.186426698719937,-4.519200276778314,0.08589512527920506,1
20.01380399709595,10.293774863882106,-0.7246282955943757,2.7552134683679363,-7.995747548735416,1
12.293695936451497,9.419901141961757,-0.07334651010134263,-6.9221256908915585,-3.971491890055667,1
24.60602880894853,16.021043404531255,-1.766394527317277,-6.083801367650173,-2.1966456140214037,1
13.741838717970726,20.87744824278285,4.110394373439679,6.573093646668774,-2.9484253078492264,1
21.308007358343655,23.54160116164509,3.859228529022218,2.335962336347606,-1.2314649044480799,1
20.353276435965945,11.541407750846401,-2.663099760154505,2.7762235320474273,-3.848643139618562,1
10.894862600568377,13.404208948732464,-5.545534800087651,1.8355548764583718,-2.263754074684887,1
15.226522261214376,13.889810295712513,3.3663268428365196,0.80930576175566,-3.35229734900697,1
14.462526064664154,5.385185390984413,1.4427648359179848,-0.01774124859149584,5.081999649772868,1
19.790098082223057,15.132943881291244,-0.4089558385124663,3.139265707997249,-2.875049287188785,1
12.137294948505644,-3.2162356402303196,1.4049950373492281,1.0187013164617846,3.5435013446159713,1
13.867873342135278,17.419529530696742,12.0555577732097,1.6044155006438832,0.6478960500355326,1
3.405495877886315,21.218447093539858,3.081188229136307,-5.018097531134985,3.6420550862920376,1
18.01470250351013,14.416657053246478,-5.4053560805817655,0.513250442078627,1.453822149926899,1
10.584887434658008,12.916662422935731,-10.310808640346195,-8.169295370791149,-4.621758426084849,1
8.60220014348581,20.65018096910186,-0.9423256761696903,-1.4146048181323305,4.497809086987752,1
13.438899226215522,15.422360877588005,9.816633807059699,-0.968753398517062,-4.562783304769425,1
20.740771109587595,7.530662810052217,-1.3916488541906582,6.370453525884974,1.2552756970370038,1
22.029273588787326,10.282021142778628,8.05594340012165,3.4537361467580654,10.438699376908541,1
14.06311595112697,11.190074586437913,-1.9867710122093678,-5.64880970290489,-5.1378355350783025,1
15.82341061328559,14.279873162595415,-0.9899302419001796,-0.33760601676581525,3.9000451263682514,1
16.617110606379097,7.065352623527587,-0.7799484348465748,12.37072783983798,0.61072370860965,1
3.3059564134521917,18.055857138094296,-3.112701191839782,-5.251885339460888,7.3831177213476185,1
16.06081603362665,18.482071232486973,8.29371411566555,3.727679073197362,-0.16223063168993845,1
5.732002989940792,17.19531352678805,4.391854246217595,1.6885143048064144,2.007448107251658,1
17.225944049413947,14.464943777986434,1.3541013818513485,4.6878130418407515,-5.494279628147409,1
14.459399488846332,7.42582737255886,2.9091393241488506,-9.800561468409873,-9.514859163897723,1
13.904640738337829,15.204844773079218,-1.5334242081507967,-4.356558611827994,1.8246821443836199,1
18.201795050641334,23.237956439862234,7.497711529991235,-5.090028140555182,-4.2828953770417995,1
18.698498151542314,13.080617941704476,-9.653956542535404,6.961747413306111,-3.042895113726142,1
23.55271517117741,15.894821440781033,6.820882918900438,9.58127812643662,6.193016376981961,1
18.504529883417646,14.783969120693493,11.580116821110446,-2.6798214146771873,3.7395479087681323,1
17.355748676554633,15.80004958972548,2.882983617277257,1.5746518602812993,-2.0175479185102647,1
20.339259632155397,12.741468449963907,2.5961074603803,3.048354639638466,2.7504440457292647,1
21.791222343915827,2.202012367512161,8.594893645996267,-6.425976384910895,7.498577853942198,1
14.068798675758302,3.956339850290952,-7.146275228483532,4.599466678825679,-3.027374466763951,1
12.943389346985402,12.396067776051172,-0.5110173725339495,6.197613801280764,1.5353945019118727,1
13.979367383292507,21.61448840121352,-0.8041530088024984,6.4974375815422425,-0.5453849491979288,1
8.009822296123488,14.888186087358509,-0.3081100288172456,2.957067059170451,-0.13790033454810913,1
17.80286527903383,9.082418212209799,-6.734992604782402,4.3028542633110884,3.2349092088585216,1
6.83158075695278,15.385484650412328,-5.957459530913482,-7.659565923702454,-2.8571049191363382,1
12.75599207267544,22.73537124544107,-1.6569749968844798,1.703748655351571,-5.977578220819629,1
17.02480782454371,12.317850707548793,-5.258526320960698,8.61209138037795,-4.8358224917376145,1
19.39093129999442,7.830335791694834,2.24011536462243,-3.370968851287228,-0.39575167717249693,1
15.801006502727676,17.740040848073605,1.8268689451329414,-1.0738964362741585,-2.5186850883636076,1
17.478802532949725,17.638680172134478,-3.281704096928431,1.3621833098820075,7.0621137322092435,2
28.709230050617933,18.057940082379883,3.9776770120002842,4.13811193393843,-0.16164724420850174,2
21.643903422623588,16.26076505521268,3.454104645527074,-9.067221727651567,6.071168094239522,2
20.210814683717405,20.16077997933736,12.481813005082573,7.276983199175908,9.743258389138324,2
17.703374757128163,25.439029172762414,-6.31059065734878,-3.1943876984818935,-4.916165230279478,2
18.15673426004406,25.34534575384148,0.0011097073432957405,0.13544169083015678,2.190641153848584,2
22.123082093550956,14.656031481603323,5.380577589403879,10.545270765925531,8.477035550114604,2
20.6522607391062,14.932750347280525,6.501257273130679,7.573117876684595,3.658568072445761,2
30.954019801245405,18.581061182962074,-5.139183217403347,4.12821002815839,0.37207997603282306,2
21.40556546612408,24.362554952525002,-2.5022216772189823,4.622944430388149,6.873349739011279,2
12.584329999578426,28.200395573350278,5.157531586601938,3.9102431149861268,-4.186506335283413,2
17.054114966514586,24.89844775552042,3.5279242048826616,3.8209631459643294,-10.487255344431627,2
21.578706593771287,22.59100763827853,5.559792756026754,-10.618037671273402,-10.423193095156588,2
23.293326921019005,13.587917917304477,-0.3372681365265746,-1.3926553224029083,2.872947269160141,2
23.5795643689028,16.3105756806844,-1.7465014372812195,7.011273593244386,9.739824720404494,2
14.36186536763431,10.251889254133722,1.533433934860661,1.93509679596889,7.863920795206237,2
27.14171441891007,19.156788342992186,0.8693458353064889,14.475793844656067,1.158951416772799,2
25.174801348878262,19.283626417466852,-2.63835284439421,3.379332657788486,-0.3858907432922951,2
20.380350173451532,21.440972525608167,0.7968037364792406,3.615512496106379,6.01453647683857,2
21.08453001849531,21.050657403559104,3.912563563804005,6.5296257365477866,4.413283841064886,2
15.16066520132551,15.977558932125085,-6.949744208815789,3.568596973062097,0.8068677647208569,2
14.0168344274793,13.434476782087495,3.3251812029582797,6.956174471670809,6.930116084885441,2
19.758110119926968,18.90495725960485,3.4240116115155717,-1.7961487238993659,-4.122795845694105,2
20.59232116235884,25.05243175955363,3.0609081884228626,9.078474518984692,3.0238406138562013,2
20.260500981367937,4.360046277949937,9.22252804774449,-10.013184519094235,12.268009145297405,2
19.859918106910236,13.036827188603894,6.713854256456403,1.7228665547385438,1.846641025066025,2
19.567744828156684,28.85683213352271,5.026429470855973,-2.115723639070334,11.020823994019013,2
14.828856982620156,12.304347983873033,-6.131193845029067,6.929483243033552,-3.586599646978808,2
19.61686116682559,18.85642477018144,4.447790554037951,2.7914571038580336,1.557403988951481,2
19.53097905394978,20.700933651320053,3.2146745112736297,-4.793171536713525,3.042648580315662,2
23.17166465243983,23.581900205627583,-0.5174947768056528,4.19775340156128,7.28493476132126,2
19.34478078869826,16.99741376457599,-8.741790116847453,-0.34326514830096166,0.8839145899715282,2
17.063281973919164,22.80553907371985,2.7238124972017177,4.609922041486964,-0.40676756451926277,2
15.843305682980297,10.909096224236297,2.4410145461398036,-0.1741800207149362,6.694773452123581,2
18.76545141593332,12.638609476585843,-7.895799145424414,-1.0347647489128575,-2.3357834854348685,2
21.432028542856568,19.05843556000222,2.4807586857453803,-1.707674108972176,1.3530389627251251,2
25.957563891079673,22.20876200758783,-9.374084930182084,4.688010913380159,-10.378320332283982,2
20.078572623156642,20.719711055919156,4.281760419967672,2.1204553863044087,-1.4977700008707329,2
12.816315194467364,20.59530605108328,-7.434218841550278,-0.47498991167296456,0.7599795066102164,2
19.217551447965878,24.46868223971988,7.937424078670519,-3.0138380362317267,-0.5284838591756598,2
27.220255879157925,19.803175991794063,3.829063634119675,0.3236183016703956,6.486285437093334,2
21.13599810962842,20.985367078025238,9.984869122324584,-3.2863311975970717,0.6049217474685855,2
21.84349348218365,30.56801334970315,3.4773830383178588,-2.734807079643181,-11.264006510470534,2
23.187629813058294,28.631428072977343,14.190768529784515,6.15711815957598,-4.084357629852791,2
22.938595404616787,16.696130186408368,2.2679691452619437,5.916268958802227,4.99585042097773,2
27.918729847317334,16.913635958190405,-0.0857173559422213,-6.381240373449966,5.1923073947489815,2
23.779849200651235,10.166141524535218,-3.296778702090781,5.84642693450469,-7.1101485499627675,2
17.370972065069658,10.423338838618,1.1233194813249332,-0.7081144707233944,-3.4052704792510724,2
22.946783120333954,18.157585793456825,3.4125454856275614,4.54529283332551,2.834327770318785,2
21.306013447148636,16.245958246006495,6.786428920141117,-0.08108030014711853,-1.2022527445956919,2
16.068950376188305,18.933109341405373,3.3048179919295557,-7.045126263738,-6.037950649947884,2
18.642271092539936,16.93218672295781,3.063101203377481,-2.563651282712201,2.3676953529554634,2
25.63507274266466,20.06589800739728,-4.666362936553164,0.4546507064626457,2.1604865790113212,2
16.246300685293388,24.02709564725292,-3.378207539031818,-7.833889787575552,6.7103518772165,2
19.135960234215936,15.214157743187535,-2.7244087291729593,-9.521033943904106,2.683383951526415,2
18.598753155122427,29.78556770930812,2.997773053688085,3.092469247580895,0.47075368331925305,2
23.08877612632432,18.753598347769625,2.4753642318751257,6.446069303084469,3.949273338743467,2
20.313271421818612,25.131549000113083,-4.19892687288177,-0.4608998351296232,-9.548613764306744,2
16.516009443894973,23.703150208779448,0.9965187911948687,1.7995580220014031,4.221336402263178,2
20.799848881593526,28.769822738111802,-10.460184468847759,8.897344682821672,-2.912627240469415,2
25.334483415255335,28.09916618672068,2.358091869972343,0.20046075364321203,-1.8308803557856916,2
22.690049615584734,23.02847436515651,5.171078357294854,3.3628356663628622,-2.2094850830701827,2
21.477573905858275,22.796599672793516,-6.193740292005612,6.694516486216964,-1.9270596175415484,2
11.002655022485095,24.57929382931208,-7.009959334534438,-0.21001608972223695,3.037945227154762,2
19.348842855712412,24.4785569864772,-5.014867398501689,6.304857881438821,-1.9123872931791226,2
22.022089968204895,19.798529104034852,5.803331096164417,-4.779304973183034,-0.06038467642917955,2
24.59420922193908,21.50548303056177,7.544146030376059,2.9888828790452493,4.883630585668709,2
23.945023074335317,20.60250862402409,-4.015190010201361,-0.5253248847008596,6.14134838464206,2
15.177028945786159,14.17002137377435,-3.025186617318627,-0.6074797151878801,-4.034816566776898,2
22.027938058276433,19.21753357296458,-0.18080580410607516,1.0204932504320776,-2.704581248178156,2
10.474235024028857,22.253824197665978,5.965395933717099,10.778086297344242,-1.7951671819022375,2
14.868294578774687,21.8079567660274,-0.6194326848518394,1.9987604120952844,-6.7351462434617115,2
22.995399240174812,23.089258912692095,-7.018539152761221,-14.249671791467259,-8.613493208816013,2
17.65857006142991,20.491408688300012,-5.873677197963952,-1.2891913584619554,-1.7843248079764105,2
22.615265445012646,14.95433155045222,-1.0237932984985054,3.8207439067160833,-12.701299641160784,2
19.014845565786064,29.041791098724975,2.6343370049678816,-0.7735264326773308,-7.8170645845560855,2
18.365273736466317,21.191582538066005,6.416053626070726,-6.522528094207339,7.6931768010023385,2
19.68839067988999,15.039376296022205,4.605530152002087,0.805114943538882,0.17637680555433577,2
14.117833255033421,20.368759666328923,2.751969129608676,-2.876658301073536,-3.401444500953982,2
20.73525228189324,12.568212254313243,2.397092424363712,-7.056729411130574,-14.775686060423803,2
16.495068389302872,22.666663016658678,7.80877651625953,0.3328882474311816,1.8337816353192284,2
21.609207845671353,25.536696763881526,5.503817633363992,6.4276530384217105,-0.3182459730435381,2
20.8087632494752,20.782465782296416,2.4685626682149993,-10.433902910200048,4.704212705972754,2
23.538337411260986,23.574322858867806,1.0655065831742632,-1.8177561282908572,3.87305133378893,2
12.542859620276332,14.581080840443702,2.700614115252395,2.371806697627325,6.50942788823607,2
18.25086840227925,24.964637183341466,7.275046158186211,-1.7198192312873455,-4.931093786649319,2
23.398334327685888,24.359982001043623,1.8991428273884787,6.682532830560746,8.268976189374358,2
14.739811079040697,21.900308968077507,0.0025029389341790775,6.643802529763865,-2.063468712753463,2
20.863357211591474,22.5191581941843,0.5372171474985596,-4.939650237104458,7.515652150333812,2
22.182657156248712,22.688443238673692,3.1218555986908276,3.557226277131164,1.757287508677873,2
16.061650321015847,25.69987168617062,-3.0356973624027423,5.332801810736892,-0.42698264415884335,2
16.214859692696795,21.402465813161722,-0.6783106084585304,1.9951978960289467,-8.825628681691294,2
20.741900997573126,15.228581381504245,4.917855909633478,1.8837369421654615,-3.0777770701496143,2
19.263973126859508,23.239894819108194,-4.621870961995357,-2.3363384840071375,-3.9018998529137905,2
18.20102880190112,13.065493809119868,-3.1242374693507315,-6.602598076442102,7.414145254911664,2
15.26723290989636,15.388674482463536,3.120098326780144,-3.1448765254310214,-6.008328825874148,2
23.7727100271317,13.379808855992557,-5.133259507000464,1.7195924634233393,4.3112872459967395,2
20.227470700736337,22.160176217267434,4.61569764049483,-2.658446392987808,-1.7178006374489905,2
16.293644964320855,24.191306681672728,-1.3179823884631934,2.678065140468035,-1.3582952087731144,2
18.51004228012173,23.063831323828573,-4.58547508345931,-4.470676555934993,-4.300135538110409,2
19.962156850576488,28.564820081076014,-1.6983660832906868,10.630451744745784,8.363613390926794,2
23.285286331703542,31.234154729961666,9.853821445703304,3.734638119102163,-5.227537453350001,2
21.841856263401176,21.261535610433004,0.07742753650858303,2.561988693148117,-2.58717868790754,2
16.142802672493364,21.596066354920442,2.7219875818613426,2.288724342504757,0.2330252501334702,2
18.440945190526442,14.310920958820343,2.3421115780936597,3.4844895719727673,2.1441313337546823,2
24.40855458796142,18.74271523884898,9.219207239831402,1.7654218295083584,0.8537970681970485,2
27.129391208161255,30.568058822686375,1.572942685965748,-0.05370612919143891,-5.9148953736024135,2
23.205122743091604,22.963270795996294,0.5755422433901269,-4.349419119486023,-5.454972746382213,2
29.265542510958802,24.211465525010063,2.7214793856928536,4.850770559642202,-0.5611420676549823,2
7.991866712483191,13.043889038324512,5.230291764208175,-3.6627397076140102,-1.8130057585636359,2
24.71485488371053,32.40007474444694,-0.7684325195264607,-4.312531082837317,-0.5086644886400449,2
30.783157691198813,23.438197800654347,5.519711336286908,2.559837187185255,1.3439750161504476,2
24.241312726458368,20.48528248372447,3.3975179971805556,4.892322532680066,0.9529762833132543,2
23.186421859804124,19.79876941427071,-1.8262553245525575,-1.8123352235988697,1.9398762740043085,2
24.09031923506876,19.85380329883436,4.372731102259786,-11.181606526152036,-3.427567384337305,2
31.96016202257134,16.464286702012387,-4.210522597188514,9.894186103749025,3.793059511796371,2
19.622316979736965,19.522802922261903,-9.178142934612563,2.050800731586653,7.19273260342275,2
12.465870212242743,22.69899853024468,-2.4559848039420245,1.7159265288733636,-3.2158210247921604,2
14.658109063509734,6.6951766412095886,-10.952025100393788,-2.499094483250392,-2.5332121611708063,2
24.514630995183737,22.80655643032931,0.4278657537596743,-0.7093360274730358,5.750875264207481,2
23.623314991015935,18.485393100642774,0.7204749533699877,7.127281017702768,-2.5309507938189,2
21.434025278542116,27.116901102497998,3.17177893066845,-4.747272166929508,2.074249197084847,2
18.760693703522833,25.37035307280381,-1.9405562781077457,-0.6851434691421494,8.762399059137799,2
25.56819088342113,17.53163171821489,8.324852932203752,-2.44872876598795,-3.914620132306455,2
18.303498555269204,18.813429601442227,7.210961039650272,6.3362518280270175,1.1661260453298512,2
12.120942759098002,10.329863590799754,2.774296287067206,0.7799523761488836,11.199118979363792,2
14.949388157265647,25.010440568170882,-4.425499814870656,7.026766208188709,1.3119025447915926,2
21.69351042321384,14.25222110720581,-1.698897860370483,-1.043162621795493,2.4948190959893863,2
25.50688565052774,23.21964040995309,-2.766255342737184,7.16249171850563,-1.0740110145111808,2
22.997450652565128,18.649046192382194,4.946144550029105,5.773626510499403,1.2552667704570035,2
12.532985606090536,16.854885431545398,1.3848046257491853,1.890712305835514,-1.9822076239563788,2
13.27940190539817,19.793813930635547,-8.822097518884624,6.117767230680643,-2.5330780961508266,2
21.278941029264004,22.804141443118183,-6.285999132919584,-0.8362403276101371,2.6943754989360738,2
22.343927714287204,20.3289319740019,1.9081878951332545,-6.414387589884227,4.382202246609429,2
27.502988938681348,15.977833341591456,-0.0858189582992126,2.2930407437916016,-4.493724215289459,2
16.59141119097955,22.225980945545093,3.613893524912305,2.789533602525514,1.3133119801785167,2
23.873691102900256,25.62767942595424,-4.41455541094264,1.424664910497227,1.989143870704925,2
25.26575551477596,24.448793296877803,0.9547224176817894,0.8185304979927723,-2.5833410470997213,2
23.33952171432131,25.242144417464598,0.6368384258753537,-1.1000929443026188,-1.672431002958617,2
12.732100495974223,18.866533629944797,-2.6126577267820275,-4.369848711105897,2.419987983670638,2
24.188794403972153,25.023937622686173,0.2103349898405289,-6.0790225089936465,2.100681237079291,2
24.55571617532053,25.52329580658367,-8.571291325352906,0.9903422525482979,4.0395264391187355,2
21.648233540705466,12.243904226345466,1.7669715012387623,3.5567823105111263,1.4957544528818494,2
15.710552014632928,11.256303345420392,-4.128588502668975,-0.36935152222974965,3.9540645516777624,2
22.4704774642382,27.40672249525754,-5.47790415789361,-1.6567918710998493,7.690429555941483,2
15.717992432392148,19.899531610392675,-5.897577294940796,8.926218443986409,0.4623763797603456,2
25.36205621494696,13.897229066488155,3.47281300325998,6.960636764723425,-10.138414780080872,2
26.96463326637487,21.702403569454773,1.3082515822341605,-5.2987707480395185,12.539355001113915,2
21.54421604954306,25.386556682200943,8.914848546751045,-1.3774054873098835,2.328243108856297,2
11.686904490128708,11.796990467312794,9.412933273583484,-0.3930150223699673,-6.215926412396674,2
17.922565314898634,30.9594435114454,0.19417704739889197,-9.190901285665399,-2.7423079191741824,2
19.88483718543992,21.49314570105842,-1.6959484499496678,-1.9906659400597242,-0.08170719558350159,2
19.37330249436574,19.080062328825875,-5.8863767586756826,4.405985567778158,1.5398190834597651,2
19.880498213170036,12.819318463568429,-2.7195648980122193,0.9108518511465649,3.268623918974407,2
12.006143681835342,15.864557662916663,13.308130342905223,2.109102578703998,2.348163976538208,2
18.111926329883815,23.82813679529424,3.6908842963072583,0.14128516507710187,0.9403771903420148,2
21.507485286438442,13.541048860757439,11.866145454663915,10.085057646524334,-7.209692253086406,2
21.00083539224653,18.83319754142492,2.0274385261138486,0.3321173386024445,5.436061616502147,2
14.720402504062685,22.481597275239206,-4.157873802911304,-4.417853150258793,16.542124712750873,2
19.072078273977112,16.679162625806953,1.1488555543224122,2.2059659676351604,-4.018952887645671,2
25.793537839384534,19.669613754994977,4.153307784430908,2.8508164073634417,-5.714925615735315,2
12.157483054733952,21.278944576398573,7.424646905708008,-7.418050369820547,-0.5670285488558937,2
20.085181441700403,25.79562464873102,3.090797353811083,6.583980212658237,-1.5144364878428749,2
18.51312169805526,19.0505651912616,4.230925349452676,8.573571457506716,-6.084390914537644,2
29.22424636565222,22.4159723848006,-5.969558309779446,10.59782706478168,3.871143521258067,2
25.391859613335544,18.828461073090423,2.7597901210904583,5.97502255953186,-1.1827584720010589,2
30.617425316653243,26.528037479380643,1.696799758305602,3.060340249787253,8.153003944358822,2
20.650211577039173,21.260580335608218,-1.9727286293577353,-3.3473334621224238,-6.024912295998545,2
18.740313009216024,26.086757741858843,3.239665619130824,-3.307370167337564,12.36568857945495,2
16.74467641849479,19.507980080093215,-0.696851931213136,-2.264669345044001,7.797554302637321,2
19.351111667794758,26.732025475784315,-1.6717378386115698,-8.010563804314145,3.3363821774471827,2
18.03269856331702,24.855013009381924,1.1986269001992473,3.797494335700503,7.844490289907168,2
12.838309316582349,23.350702322909,8.132091245268004,10.818022544021899,0.8102338621934925,2
13.682310259741268,19.052421335514573,-3.131606157687532,-5.0767243054071525,9.760149880625706,2
31.814252579765654,18.21881383081191,2.2167171294842873,5.801966242962971,-1.0403266127088404,2
24.42810805777346,19.1427901952817,-11.161596554764822,0.6587700837056085,9.802263649666548,2
23.2928930675262,16.58801968252999,-0.7888722560471799,11.05722721517098,6.7127985723942025,2
24.47346023505668,27.80805665589141,-1.3881940932823569,-1.0318572055404434,1.838609197852879,2
15.921207723973811,18.52361549359595,-1.949772166967123,0.7056311134323535,1.716919245108327,2
19.918958251167286,14.075693163584475,12.51185800673831,-5.977206220473757,-4.1358856567413085,2
21.4082402956171,25.112408439447833,8.626569996365557,4.707631878139831,-3.3874061546267367,2
26.50389914433912,21.46534369355884,8.497100792082204,1.39974573882037,8.97767193250707,2
15.184459526331704,12.816023979586326,-3.4110728514915953,0.31331368760299594,15.49559951146523,2
22.46655472025254,14.289226707397532,-0.6497931550823441,-0.11982375729548211,0.1472921073387824,2
12.635748973783944,19.796415014588653,0.9602033863075323,6.716171584258428,4.351278052586778,2
18.169577931297574,23.695997950379315,2.242773695853332,-1.6180721310796091,12.026057993262429,2
25.62027058414172,22.568340759023588,-5.142322995801499,3.141746205772411,4.762774376030324,2
20.735324717492936,22.8352723901907,4.1025137992137,-1.7588706360266273,-1.4556143804835315,2
21.705722874820584,19.25623825538724,3.0761531553205828,7.936999221988033,-16.49823728984856,2
21.488119339394395,15.590219789476473,1.9161400650537475,-5.884355090554091,5.565358612836608,2
20.35328726073078,21.888567580505846,3.5756168460395172,-4.2754596739179345,-5.490432468426999,2
10.177438760247737,28.708123903484992,-3.4774076350220815,-6.228755969278322,1.3458449692675019,2
24.29177395058327,16.27551283423196,2.715590270640704,1.1414940154735422,-0.2589365041603897,2
16.957107151134238,11.893376200385342,0.7110768458858562,3.152683262517773,2.0310540833033004,2
21.74696622250606,19.535448260085822,0.06681945935374756,12.338662396825478,-3.700837257724281,2
21.59595686810653,21.6283027124054,0.20385152341861423,-0.41120562708272157,6.371536039445325,2
24.900196534734352,12.115080234629566,-3.2618753392250657,6.149458469762579,2.0646489683362237,2
15.151426529547951,19.097714548736455,0.19294917843895854,3.46485358314205,7.043860437017897,2
21.458687076185456,20.00033347128671,-4.777864550671451,6.371062624088097,4.982844910537837,2
16.955341897805127,18.124792189369035,-6.251668301962245,4.210573605520917,-7.7970976427067065,2
16.698640701932504,17.362434326203193,-7.727334487154684,5.191109979749953,-5.379970543301081,2
15.494747342737949,19.39325061423899,-1.7099575537134752,2.884504915789952,10.898257963543298,2
15.579455287358975,16.039727481623267,-6.9426691958497955,-7.044576569018524,6.823759284314656,2
20.526681071613083,9.534543207164766,-0.886087395902103,5.978181497911783,-2.8354319795422103,2
24.17866015380677,25.975671317400018,1.074217955644422,-6.112561288249904,6.715912996175648,2
26.75288349351917,22.741143386568787,8.080340036682486,-1.9498327015586598,1.2695778581022283,2
26.224445517746034,17.74442244840312,-7.207355321348839,-4.87346562614499,0.7500810155160836,2
8.823386182852735,12.817885931883684,-2.140469283061622,6.008455396328867,-1.0935810978593525,2
21.153350044899806,19.673202439838345,-5.313584624674149,0.19539686047046634,2.17947274199419,2
21.071978444352524,7.223661143214413,5.093296988039043,-4.553793029078239,2.6814088687154047,2
20.88470457995729,12.197435999699783,3.2743302607064804,-4.296177838725258,5.755657972967877,2
12.200632630239845,8.072222480967161,2.1708271079644756,-0.3863551920674644,2.4094434657980077,2
18.0410254456046,30.528679196531165,2.6650310675286235,1.7716562626574002,-5.667944757431808,2
22.255593463341146,18.879773297837005,-7.151123067234691,-5.008398919657072,2.754454707003074,2
19.105384791815936,18.690222494978816,6.330814694280427,-1.4993765687323402,0.2897410731329899,2
12.871359542925982,18.61278139608229,5.547085119383417,-6.550746241626216,-10.621724683067939,2
26.41169541317845,20.17336609616477,-1.7163658082187632,-3.5717893777255547,-5.20503684270396,2
18.69350869816254,30.214975523875882,4.182488423612549,2.7128364771438758,-1.4011970920199874,2
21.90382359649662,19.27755139008231,-6.673098811233549,-6.192049006732892,-1.3593248682170032,2
17.744751858591115,16.151738420553617,1.5638028150980139,-2.5397575390420197,1.0090636329324691,2
21.691763197994057,16.51551244661325,1.1398191082274334,1.5378945844383076,1.658328000783861,2
15.691849380594967,21.348064204458755,0.16991854330779144,3.286250954057606,8.55906694499459,2
19.360362733084703,16.689221033416246,-0.7848286973320051,0.09585396947142699,5.7634244461357325,2
25.49920348314797,20.75148785048612,8.363142473587208,5.317129489179346,2.642197206372569,2
18.999916285726535,23.657144090501173,1.5075053017409399,5.354627845035821,0.8852106093843944,2
18.568265498864164,14.030443201344205,-4.684434821610154,1.368145361300041,5.400252422254641,2
9.850508249187142,19.523207931124023,-2.6435872213102427,-6.682975923996841,2.12245682347164,2
14.493946513867293,25.198696732918005,6.19748857806356,0.4401901839167661,9.493026133789876,2
23.071017422802143,18.98505598033805,8.060258753990835,0.9689851568383246,2.9943328570874796,2
19.213442868346444,22.160647372721677,-3.328022585283195,2.9211712326541273,-2.529703232136219,2
18.15422262292723,19.224705231217023,2.0508414540252597,12.910386501623492,-2.346641234743304,2
14.159187611269214,14.915177342223625,5.826728582466672,0.12796745453877145,-3.9283148413991604,2
20.276639260716358,24.931023439808694,-0.6008879345279359,2.9412234207334174,-4.030457148006043,2
33.522650606612864,28.26241943824982,-1.872485825333842,-2.5347897254957594,2.061692344137994,2
18.870337149362477,22.14153594100435,-1.4157626286756635,-1.4170405189770627,-0.9623330155549745,2
13.55092886217329,24.942150836532655,-1.35557674143622,6.638900009100122,6.3503611201697066,2
15.434502728859314,19.310588756776433,3.4363832295007324,-2.966303981948507,6.4056402155192265,2
22.441887156467068,14.036627508160565,-12.104217251685121,12.233964688781708,-2.1690100962477303,2
23.06093033697585,30.24383038591973,11.109376011350786,2.364781649554847,-0.4345538280680219,2
25.61655960078926,24.614158001712532,-4.638268295949968,-2.56593483932192,-0.48879130694560513,2
12.403401792937533,20.90287814000556,-4.597719532601441,-6.844392402158423,0.4004267886389824,2
15.00438757149366,14.817585587000552,-5.263522584259396,-6.783051025849423,3.431987612302919,2
21.358142493753842,17.662765911005913,2.0795374449671353,6.13793618174677,4.498532024931742,2
25.160928874320476,17.668312550305185,3.4637929652273924,4.7164330456862285,6.963075308546983,2
19.1972328345552,14.350207143698027,2.199318250105388,8.443286510776382,0.9042733615315981,2
23.69933300868696,25.370767574213012,-0.041386284855764455,-13.797559076871012,2.006225229857842,2
15.322478789724741,18.249156146927135,-8.66723888014864,14.625090790212056,0.13684994023164154,2
23.707607138507505,13.58036592957637,3.6356511972343526,3.9550121775172054,-8.169399321365452,2
22.845075382083298,21.00780944079621,1.5339839071848047,-3.0963795880167764,-1.1141684662952769,2
16.439602864960072,22.464000592407494,-2.726577108834428,10.97262001211656,-6.897269658823289,2
26.249593171131508,12.33378828670882,3.564813509767192,13.144280887803154,-1.046072732960912,2
23.856909129262274,19.438361183686364,-3.576361717169817,-2.7979274703615076,4.7210265305157755,2
16.339181442472352,21.237953837408845,-2.4394568487930446,-2.641241766165579,-6.0484382382624675,2
24.92929186631828,27.04258906148666,-4.175116915456001,-1.7267527193643448,-1.1146666834394563,2
27.888838277583314,22.75494565614945,-1.6557518237060136,-0.84566648601846,-0.4664748017380851,2
19.907963221293972,18.21593755195795,7.441615323419799,8.095804789764895,1.3449542450605914,2
22.07674847258236,14.36483984871909,-5.965514284603698,3.6976136297938065,2.883938318997517,2
18.5447668811197,22.715063189174934,0.3205275105086547,0.10378071001040834,-6.923620891042709,2
19.905628986182702,18.814730302224024,2.711599699719075,3.2947739693136273,-4.591675333045355,2
21.06311882330999,20.679549264105148,4.526571343812255,-4.998874348441975,-3.3482380172286614,2
20.697735495987406,24.675449568815182,-0.5648476862327061,8.057273900890557,3.155168633935115,2
16.229203884025868,19.601890649458248,3.0589467149075675,2.374425253668909,-7.413956257122354,2
27.79040818308918,18.65809319874667,-6.86900235051141,-1.841282079795615,-4.700675629062793,2
16.658397669215475,19.59560209821264,6.368227870798511,2.782660549636261,-4.624515826699966,2
15.88266889914657,13.547786458864216,9.550302201399244,-2.037338475781791,0.47311916033004897,2
14.567353163406839,17.548274648884714,-0.6049751350921502,4.079880477769994,1.6075210925886794,2
14.243668007281595,17.817288462838288,-9.793886004779216,3.6910352075725905,10.514353641197346,2
29.925685881835555,31.575127361214385,-5.434519859300089,7.739627998499871,2.375785313763611,2
26.815083792304964,23.575183764770493,-2.08179599833621,3.441359612882634,3.1923019737267477,2
22.214161798095965,18.972842996624237,7.719742449619105,1.068309577181445,1.715273654785562,2
22.915980489145667,27.919541850280897,5.722854866807627,3.93861448083036,-1.7041916137863802,2
10.211362514541658,26.535831928450563,2.4741682935581593,2.7424219945450656,-1.7251287798494248,2
21.669572088710765,18.929673993790324,-3.759454088858769,2.8462682663283996,-5.4360324927046575,2
11.294417163961063,23.61758799349576,-3.0399999982079047,-0.3494796974187886,-2.7722088367154756,2
26.190256742399875,20.794907868313835,-7.042606042496059,3.9678152509330986,4.639749843774177,2
17.68583855084542,8.490403764875548,-8.270568204804437,-4.932499684057405,-5.501828802588538,2
15.745635474259792,20.08177830274158,2.782220787443046,6.211374053130751,-2.4413033747457167,2
35.804451898421476,29.017367695286403,3.0067110764133242,-3.800206140667556,1.416733846919272,2
21.20353183501045,14.356379724301659,-6.689321371462791,1.4024839867314183,-0.4134311339374581,2
25.91653423025391,23.472482067721476,-4.819473602762041,1.694547814087493,0.41822629773763276,2
10.907492236789782,14.327645870569071,6.738710703284617,8.919116790728529,9.247534527171323,2
28.208727712596925,19.630700060620423,-2.5967288139646527,2.2318915887245603,0.5536023850163809,2
12.535269340074482,15.84745009406365,-2.7653597404279178,-7.81565145824999,-2.4284324172274423,2
28.104359675348626,13.100450553845581,-0.289331431737442,-0.673406863946922,6.124617653736003,2
18.762691229087935,15.412478331301934,0.30543345975920466,6.011709748757509,7.327906404663918,2
23.517513520761995,22.93759329923663,6.8815254640975745,13.244714728280501,-1.451173019959652,2
15.327248425516608,25.352354865434982,-3.847723056708829,1.7913964784620093,-4.478027320315572,2
10.642154627244388,19.695235895847617,1.4369501109359022,6.147916589007932,1.8717873317047444,2
20.251760474760008,21.76118118819036,-2.1051654531618764,7.850347960093809,0.1744473513889122,2
14.713172678624733,22.335218807480725,0.8592849171037154,-0.6946011830886598,-4.0661183321731285,2
20.75192133987797,22.484844778072897,0.7505940984986565,-3.1471470431894533,0.025381044080340365,2
31.19512622338504,16.689433589557442,3.7928583876150204,-8.030491275839724,2.236390359452196,2
22.917975697696672,14.098738711692125,-3.0776405137207004,1.1932032772869376,2.7650278026636457,2
26.98217092807552,23.749470059322203,1.7866735654846981,-4.554836817488251,-2.383915699858157,2
10.309134680638302,16.44344718717215,-2.7513564218250997,-9.068353501956269,7.709292396778195,2
26.232276154974137,17.586734182230945,2.541833324654779,7.611285417156929,-0.5812168221390279,2
17.735472962533798,17.042463828666467,-1.8215345578911881,-0.2206572019299231,-2.8593831766526203,2
17.815479416243765,22.53639718286865,-1.4197597798401436,2.248308823991838,-1.8231134381703713,2
15.144192288553615,23.49037369639397,3.9355595711663596,2.1317456682466296,4.854788629297688,2
16.38992368884478,23.078197313653565,-4.681226365947774,-3.1164121925795003,4.454486673090296,2
82.22055733816825,18.87420321120983,2.23569431826383,3.698842367250153,0.7903618308145587,3
81.33161913794896,17.93912511500497,4.063194405387353,1.1513974959162836,2.435652223929746,3
76.36917204157011,18.48434033358989,1.0360767782498017,-0.38241045837493104,1.1986616080605639,3
83.00305907280523,24.377428033970496,0.21737543048335384,3.52684610646945,-0.8932068680412775,3
78.50801632011141,17.901805422607246,1.9339236704402318,2.0601697262316345,1.2311135734129517,3
79.63580826198833,20.917808522026455,2.20356104032668,-2.3197408795395504,0.42232979348183153,3
80.84133458232775,21.548995966758447,1.5827322772166417,-2.569524437754381,1.6543046052005406,3
81.73102071636072,20.94944527351866,-2.695360018357683,1.8659105122292163,0.7958134611400552,3
81.80813777282792,19.649115501651416,-0.7350798043809272,2.6855844013388976,0.1492314326889126,3
78.30770925298137,23.411393086074597,5.45164310451878,0.7964881882095961,0.9498224025687788,3
78.13157021846281,21.883474278957436,4.31676304466152,-6.606091491256764,-0.9187700287065179,3
74.42093774145938,20.367013890976143,2.2811687791946014,1.912384123471262,2.836306547094373,3
76.37691242607502,19.35745099507436,3.9288684872708712,3.779982235276435,2.5181321138907387,3
80.17283862453205,17.54051622365172,0.8800664048157505,2.1237886886249244,2.2484377041904695,3
77.34663565900267,20.467705079356648,-0.9865783971058513,0.5372584317980587,-0.024184882605739366,3
77.69507326941809,19.75743824370152,1.1619062564143146,-0.5431531392305877,1.371687117575977,3
79.14848849701744,16.73011449290695,3.7843495663479416,-1.0894163238799672,6.40688740916259,3
77.39921842997326,19.310234959983852,2.2990440960435374,1.6587068788538222,-1.3155813948441044,3
83.76853676854395,17.70396009016374,2.5051448987512237,3.2694426565981773,-0.025670651993527915,3
80.1650567087089,18.362523680520162,1.692112873512499,6.096266192655041,4.13282410071081,3
81.91561975974211,21.099356610848968,4.519624540639315,-0.45108697013971,-1.7129268579726742,3
79.85962151436568,16.42694166555287,0.537156749623853,1.4186867032013077,0.49299316649873925,3
77.8062626576364,19.147060149105634,0.9101325510938295,4.059141122178266,-1.6097264431398117,3
78.92200156152755,18.062210435475414,-2.9423107089969873,3.249648911685618,0.6681033738214854,3
79.84196200477545,19.498385352827935,5.132353708402703,-1.3917945558908582,-0.6242410412579946,3
79.99921595701106,21.122244817366383,0.2810164755563991,-0.13066391566872548,-0.11386687960567277,3
79.56719811000981,15.824813071247938,3.8919226424856324,2.643236879495856,-0.37172656103865687,3
77.60892230083398,20.396570805378836,0.9892407303422217,-0.8468582273984588,1.2966252056593217,3
79.1707566849119,20.271142523433465,3.1824505155123433,4.53734267701609,-0.6088436426905957,3
80.82036612220092,18.046866493460154,0.07225676706015494,0.803302315986026,1.0311406064778343,3
78.79615821629243,23.43686337465784,3.0808291249594273,-0.6562595100108393,0.633418206552324,3
78.61591652382424,19.18263026710364,-1.610491183209954,-0.16980288895025009,2.2007408011933887,3
77.2445456082597,20.3468671621209,-0.04234650884767177,-0.6501283747285342,-2.8240973199550887,3
81.41591386938433,18.35301285732679,1.9745915480001466,-0.9098991434136428,1.9071315032361478,3
81.66207381395058,18.10478680983267,2.0517300991966128,2.6766173685603563,1.5572290911840996,3
80.74310668411309,17.208252657622996,4.130750387952856,-1.3323967265280179,2.141902359331752,3
83.29670660235664,21.0222273824825,2.3429449760654038,2.575280700410995,3.5256415300578436,3
81.87995549528166,21.262861918284955,3.0864372667253086,1.8594739586049025,3.080746041410425,3
82.82086255945845,18.34747409228269,1.936618725201158,-2.6486878956950455,3.325967553155522,3
80.0725829731111,20.520405346692897,1.1299547770376945,1.9449469097188803,3.6225541552239355,3
82.98010665033398,23.574318081435194,-0.5409444504711525,4.6047002289287935,1.8005770796520695,3
77.52299696596896,22.83908377228121,-1.7299138278159885,1.338587004326534,5.15246231051746,3
80.36580270951892,18.265658024702425,0.07537865350161888,3.1792247792462933,4.974400254869982,3
79.66150185766233,15.797127376787564,0.4255037439402336,1.1540045573072601,0.4529187078076914,3
78.92251112028846,18.451515653953695,1.5562597544520833,-3.478971573168545,2.786764046306672,3
81.31299860899946,23.081709772509484,0.375876512419852,1.1332965594334141,3.8431518110205216,3
82.06559288430708,20.18651188248625,-0.05684155342273933,1.9635114561987503,3.090209598726625,3
78.0304750958156,19.804214025068337,1.0034382333837468,1.5584701106176122,-2.07633452270283,3
83.37787279594039,23.50808660102395,1.7301844796776387,-1.2878327735600559,0.5451887352144588,3
81.3074278284982,21.780678166445504,-0.011391410404262725,4.623703902762301,2.480355266226547,3
80.36365852231802,17.16589583378915,0.9152244060829642,-1.950308191132207,-2.099619277851503,3
81.42912483654452,16.969732339927965,0.3713327243837722,1.542053252107705,0.5377647679864798,3
79.9872256383628,22.497063263727327,0.6835065817441142,0.6243896919036612,1.1211695302540032,3
81.81051145110226,15.199803190720644,1.0565040462842636,0.5254163416154071,0.104829373637647,3
78.74606093672654,22.470837569070426,-0.3665037563509148,3.7212632597958404,-0.22153495032537518,3
78.99283286855602,21.204564824328255,2.5119497616478643,0.5219385359606328,2.078247660200737,3
78.68082432302863,17.728193582080365,-0.1311352738923035,1.4663113825094716,-1.0561772176431368,3
80.51306319111058,17.640092983908726,-0.6681275350254889,0.7349736753567593,0.35914755851990543,3
79.90593260758668,21.446847745306265,0.13297519435083638,1.2881214427850098,2.0767127078999637,3
83.02227358283629,18.77454242394326,1.4952266964801355,0.7959701495253944,1.0991989062640655,3
82.3946639873418,18.373325447863614,3.5698380704070796,4.9280216606189065,3.7966218574517963,3
78.90683457227641,23.747825032009683,4.543638965737228,3.5173975697633146,-1.862136039695529,3
80.20620099281902,20.046071004907272,0.8202681988140015,-1.868778817791,2.972664094266459,3
79.58759265451515,19.844280628394554,-0.7198643787659496,-2.4839603358595386,-0.04624364958485372,3
82.86888730899113,14.053810582215643,5.0335416193567655,0.8977807303591082,-0.1866964452215918,3
79.4068052539288,21.02508239113231,4.485671604636913,-1.0738524328045616,0.9244232094242897,3
77.10216248699426,21.586200927712405,-1.5989382702966632,-0.5942819748792898,0.15414206233058436,3
79.54385290702807,22.79422202166473,2.9767138109941365,-0.7238091399144717,2.8624604757552747,3
81.12766764036509,13.602126733122052,1.9836874853204298,1.3316580513666423,-1.3093088521840404,3
81.26715750185065,21.799792840643164,0.32546150183712363,3.322185207035111,2.372255061414946,3
79.89913253532394,22.466947423726904,1.4699107895319643,0.26581660149282926,2.5355154772596977,3
77.95602278997121,20.22570561583654,0.7605663015877917,0.805601416675133,-0.6504888143598704,3
81.5691891969049,20.678773821882885,1.295026790761152,-0.9924252251464172,2.6468261628193774,3
77.65423916520803,21.3982289186117,-0.8192766736361166,2.8798967307299437,0.06646787323754588,3
78.20308538008585,15.994125367076578,0.667788739349992,-0.3739842312666608,5.242322097476729,3
76.18053931495855,17.144394485926384,1.3877637030247345,-1.4088601483088863,2.1065782838094593,3
79.26818844379943,17.767821741682116,0.5739476656851348,3.4907299129422107,-1.374718258116415,3
79.8784632045536,18.221510405965162,4.186106493465975,3.2268533744896484,-0.7126229595320319,3
79.31400058058817,21.686070766933756,-0.3989330582183017,3.8879947908489725,2.9625914577577,3
79.4940486641557,22.65827235843544,0.5442958970670437,2.5101417517135323,-1.327436474927422,3
78.25939690069353,20.733138434488833,-1.1935766889757762,1.000313825212546,0.3609902486953305,3
79.07241293187903,18.38785710613866,-1.2027134353580347,0.9925262742362372,4.461245262876487,3
81.84483149848288,17.51181571482649,2.8845354908538035,0.4913314068703306,5.49886074721555,3
77.48493024314598,23.572884438564415,4.769522412090854,2.965457579837711,-0.33148653422179675,3
83.07792108006998,18.60111933001695,-1.523192151006183,0.43338114277062334,0.7564655560984449,3
82.85452461244655,24.042675171401953,-1.045227580022284,1.3873769431108585,1.900286620517307,3
82.20841560409023,18.53743977440801,1.4132599893327824,2.551059084305142,-0.7467470257598554,3
81.37456384652796,20.489455081491332,1.760325302186473,1.8457550829944525,-1.8357862164960754,3
78.03088165953339,20.844649702907507,0.8733977857245595,-0.9701439872553286,-0.24647897572033872,3
80.228757907391,17.735318440814115,1.233837648627661,-0.924370342963803,3.0624902307243036,3
80.53976644515929,21.536144403825748,-0.4858079963533841,0.2587090857270232,0.09376633376360133,3
81.12301834327506,17.512721177163257,6.393234666604524,3.2614891460489206,2.021148921488891,3
82.76495115974478,23.564326811995386,2.3732239619000577,1.1697777464648837,1.7392450818057372,3
80.28874305668504,19.15597297316151,3.7550082974315195,-0.32969748632715823,-0.46347941527984715,3
78.85447561802758,21.934758066191808,1.8890873548224714,4.603548860739968,3.185868248078499,3
77.05781756864256,23.81281070572257,-0.4420310400669958,0.27354959322845585,3.591858231503135,3
80.34288635573431,17.573253334140983,-2.03988477217662,0.19270840473775386,0.24616218582508897,3
79.6360725048205,17.798716683908594,3.85963761473533,-1.1582714123311129,2.9637384570263174,3
80.64363182719194,23.843865104703077,0.2796989578309519,-3.9069881498699788,0.4377925415570918,3
81.23659004242779,21.185367272968726,2.490215399040197,-1.873451812478046,1.7607599137605137,3
79.4062723061513,21.645997768868316,1.6668394323759594,-0.6446836888975971,2.7460191827684453,3
77.82113858765793,21.50394913319284,2.738222015849481,-2.842902471236642,-0.6385066446219669,3
80.29980229911739,17.53748277060439,-0.48192210867490903,0.5084973626563275,-3.3170522521803765,3
80.83341677007736,19.94616898792203,1.3049346613526416,5.082995106959537,4.542023688898707,3
81.60278332219622,20.91275215148858,0.056833698240521424,2.9411808116419436,-0.07652049322197518,3
76.08221617106713,19.545332257530518,2.489352997139659,1.2155711627555486,1.2803107818683896,3
82.16083032030727,20.42707384889562,2.680662227260269,0.5508559781314641,2.128008536271902,3
80.86496397459243,17.468837865594512,2.127201754805574,0.12098976018653052,-1.9404351841151022,3
78.2169496975792,17.934929458200145,1.282489190246086,1.5392725015028559,3.3587087516320566,3
77.80439985799777,20.495218594633116,-0.7789447435082975,2.7879646888528016,1.7121508034154642,3
81.63157185302282,19.053172299471516,0.8653616631119949,-0.8450651263258939,-0.583387643141436,3
77.72409843803044,21.44773569796024,1.9419386332941442,0.724706673454826,5.868183505329345,3
79.49692734596582,15.748120291483385,-2.5695663358372576,-1.5072066948509573,0.4994947248323943,3
81.66926870225939,18.110587015107452,1.230042798876286,0.8402293507166734,-1.8801433094630697,3
82.84503597862181,20.51580858074663,1.5969646201015377,2.1821773433706437,0.3258297632965216,3
81.38731870326684,22.505526832953002,-2.527857538920168,-1.940758707368643,0.3507597248205634,3
82.14835748616755,21.863367403825098,0.6382405830901448,1.3822720731268254,1.0898872012795802,3
80.7404497757374,20.93971711739718,1.127292469413436,2.511002858301422,2.012872341782811,3
81.42970121240954,20.663884934238087,-0.7459103496798423,0.7630076031168881,2.3807524330772654,3
80.72058487892538,15.66205198736798,1.1288103833216119,1.5577543654188557,0.780461172309031,3
75.08891603248722,20.72268033698142,0.9381844129295496,1.0383453807741683,-0.29094811918540575,3
80.7258152506222,19.36883986275302,4.4480120351271495,-0.7227710634865656,1.390299748967061,3
81.62463624571717,22.587026523031746,-0.8338806435890713,1.1494530169502677,2.6853488883771637,3
75.57520409903103,20.143364563723406,-1.8544635901294546,0.7042951537120424,-0.006297676319007017,3
81.59520069256644,19.925532356030406,-0.1556850317665448,2.2401502803275806,-2.154032872194879,3
79.36033103217058,17.233202996155633,1.246660202197332,1.0596972628910875,1.104670316103656,3
75.82856231983455,22.27800764899751,3.1439436531090257,0.9279922173683767,2.260816405338553,3
80.1753218509452,20.27939605081906,-0.28114895806732276,0.8402117411380474,-1.2753522035386484,3
82.89062974869705,20.813875265053284,1.0952759762843467,1.8580984804124165,-3.602356435417998,3
83.91496602391098,19.519173917241627,-0.39563542993980927,-0.4929171985177023,2.327019262012602,3
79.30205559052446,19.278112496547344,2.2020680116223033,4.184343523177265,5.011117482882314,3
81.25766991515539,18.114769130923783,-2.306382776057773,1.0102557317289749,1.877487588773088,3
82.90221681151583,19.02825659395677,2.4662725796028524,1.8469047614519858,1.6440433682724505,3
78.22902537575185,21.901425250743618,-3.351111774579601,1.4055382535493803,0.6887248271610292,3
80.04555412877339,19.46311869751921,3.767503952628862,1.4784152062982097,0.0770786090500426,3
79.81038193457888,22.23840928494715,-2.0410771523369022,3.477080940075346,1.5473901730432593,3
82.30745904577779,18.89663547390252,-0.5065764690900743,-1.2103005079110432,3.5578618515727696,3
77.40064063665653,21.627520063049506,-2.240277263683611,2.049478252403906,4.103369318443445,3
79.04889490282417,23.83304672546676,-2.7484256264567812,-0.6655044356517446,2.7095906450984026,3
80.58932938604251,18.59267785905286,0.6655279185646104,0.6412734041829762,2.3073749154852408,3
77.15245336715455,20.637806248965433,0.6406210522987179,3.5617831855482014,-1.5538780908047554,3
74.76210440475433,20.33684187807222,3.097412264561541,2.735689565245984,1.6352382077450875,3
77.96345013030853,21.266478342665458,0.05524679171200475,1.9050199863245032,0.5900127286830119,3
79.60676239143397,17.5004253986794,1.2444735987668873,-0.3376488960341535,-0.39806103848936947,3
80.77765982768678,19.16273976287306,-1.5600555108165848,2.9742986253381183,-2.32693960537767,3
80.3517871352278,21.190714044937657,0.06228676109076681,1.7206021201620167,0.024438241033435726,3
80.16138624277464,18.845540948440252,-3.9957961053813413,1.409678040014662,2.641493421915278,3
77.6156781676996,18.132619597643014,0.5429100238652097,-0.8500959427718797,1.439584591700446,3
79.94934056361477,21.094661454972904,-0.4849822056539681,4.45408321506917,3.0807489610749896,3
80.21061177951734,23.12061543642598,-0.3028440113566646,2.344703274759607,-0.6888167355501111,3
75.64423670292385,18.727915932857115,-0.23930279414535538,1.0757397468275511,1.4384363403945781,3
78.0040257638167,20.27624173090972,-1.1182545440389462,2.7652715594183768,-0.7086381132598527,3
81.47679268846666,17.613682887462662,2.4465413081689467,0.39812528801191205,2.9916064298443934,3
80.4834154333419,18.611348627502775,-0.17029894407888357,0.33149351796999427,0.8677045588447228,3
79.44128087751272,17.709037007900115,2.1538076157550856,0.8454192031125879,2.786069719075071,3
80.3749474396699,21.27446845756467,0.31288209330705896,4.018194300393902,0.08461886768553983,3
78.25438541172723,22.983430663792863,-2.866170736841726,-2.4355112331355335,1.0553781688307355,3
78.6290607172609,21.393859530007514,1.561100626401917,3.2911890927675995,0.0716884168820574,3
81.04315264393578,22.246803378646177,-3.2505431727474496,1.837676007140327,2.4452399986854276,3
78.93861830066767,18.235722623032864,2.2277412139232897,-0.29145911579772554,0.2080000713261314,3
81.02750213475346,19.594455155482112,1.728990743847495,2.447928551080381,3.709084178042065,3
82.39253666656938,20.74778842688626,2.5389986214112534,0.6367808318529038,0.9147218047625703,3
76.76549206057798,21.567774734731774,0.18505979782126902,-0.9029004838999013,2.604128423393207,3
79.14525768600957,20.07850269125407,2.0254568859747675,0.7850553983795054,1.462287640474703,3
79.9263411562723,18.250649633022054,0.5105781761726584,1.9134219686818796,0.5123633817940436,3
80.10728284515903,21.143347255097705,-1.3940773448127448,0.5595526194392886,-2.615011156977457,3
80.66453832362392,20.952278461647186,1.403751721557328,0.2985102718612562,-1.2117710757882767,3
80.26973180052134,18.063096835111907,4.534500865231537,0.3278508675596926,0.0668977176229425,3
81.2585389123564,22.668154407854797,2.0567956313950226,2.390769612821689,2.226323066743255,3
80.5092139083177,20.908770145960112,1.3019813727410914,4.472011061753698,-2.8026048017021026,3
80.79853477431968,15.678316235460706,1.65185029576697,-1.8011907912620115,-1.079812288665261,3
80.2195614662941,22.60739185247388,2.2774064350005645,0.41855472663821247,4.214239792097034,3
74.87070041903551,21.56987779474037,0.22854204198002392,-0.08483509879240159,0.6942429096236495,3
82.97335802377829,19.884609570466925,-1.6522588515644547,1.4488585316514635,3.314070956668078,3
84.13117240125922,24.090102113922242,2.164174246928506,0.6664467586730984,2.3606523907313735,3
78.91998390768852,20.410829112759014,0.8201994875920448,1.5220008290596116,0.7581825970235222,3
80.8314326826144,20.221757504171276,0.03992747589891266,0.4185074721342599,1.7473342428459517,3
82.46908193582121,20.51484928823173,1.687877331058282,4.031715729387146,0.5832907413056674,3
80.27741395637419,20.752414269142772,-1.6729279309383318,5.037495041643851,2.066649349771147,3
80.29558010421002,20.329078098854648,-0.7961207104147001,2.223281974013166,3.443985754089612,3
82.25476294820994,18.883076526543157,0.8178340787734721,1.4925831956096585,-2.0575654750778,3
77.991469682379,21.93407202577199,0.49055104085538637,1.255376237923787,1.647934206735811,3
80.36113869380726,19.651450981601883,2.8775208278540925,-0.7086359327040592,1.8359945767390555,3
79.05348926651325,20.690069811872235,4.925149777807372,1.0927892963885206,-0.12149051511876108,3
78.67802181459376,21.9187363107788,2.556757339128451,2.158686825059098,-2.544682844114148,3
82.45484740897548,18.432677870820328,-0.6840444020266359,5.289951152995998,1.887258690662796,3
82.98694753982093,21.70660767961851,4.19102200276446,1.376008528248266,4.3981481765710235,3
79.76032206056824,18.572047551329764,1.6454298079980894,-0.5208362567624054,0.27577339941440515,3
80.71147461543907,19.3997413516264,3.596865991254624,0.8907419768304238,-0.8450651714606958,3
84.3069030765775,22.74241015013004,0.2829235571207137,-0.949450439719344,1.065230791796061,3
79.90501539025747,19.496711387172066,0.40420122747445986,4.045513169108925,-1.1077842515201155,3
79.15984268813851,17.988562355321474,2.5786184343906573,2.4016833688634196,-0.0736938133048779,3
79.36127383258898,19.102816671509515,2.2421862638111882,0.05241186478315174,1.9606003451800547,3
81.4518264291073,18.7626904790574,2.94708446118716,3.3512433505794577,2.690579105007182,3
80.10805033182706,18.905801307086396,0.6987694131024937,1.3591044093272697,1.1864861322847986,3
81.19109390669155,19.022877402888852,3.610461627088735,1.97007836788775,-0.5014581267309024,3
76.27855772060956,20.824868273800764,1.7672740419032489,4.068831681159691,1.6087595795756247,3
79.65240416408062,21.220796031057294,0.5681840271561002,3.117127033354715,2.728466690726691,3
75.62027967649082,18.782243714472852,0.9993525953763541,2.403106915614045,0.5912850439205783,3
79.8008740746677,19.96367150405157,2.327678899591016,2.706086918230933,1.8033129469889255,3
80.31778437789178,21.914534053204477,2.667730420440579,7.5179209994380525,-0.18520021638525885,3
80.76628620614332,20.557036275269773,-0.3527841950655739,4.6176410108421795,0.8670464990480052,3
80.23091717020243,21.981580983143452,0.5775983412594184,-0.021527885256616308,2.5792345227503852,3
83.11523213344526,22.644734002960334,-0.8931757846910686,-1.4939030908851838,-2.5955696292554857,3
83.08877978689873,22.064445982677107,0.08865148959513247,2.7125019052647947,0.8236524554517171,3
78.79226255299355,20.239380374256633,3.5611073108880906,1.7711321814057737,1.3446056519664609,3
77.52177857215818,23.533585393914528,0.6960562061739404,0.9175046195913215,2.3406882930268145,3
78.79900055115877,17.024633862349113,5.3805141973302835,-0.33807558360625634,-1.5379052069034302,3
79.96600842603755,16.482576157131373,-0.46847385707212674,-0.13997374694019427,0.22888742182612942,3
78.62091402782526,20.74023328683924,-1.1051791177363595,1.7606071550734945,3.4386353642197687,3
79.79534410343493,21.40315508609868,0.8199155243602857,-0.7897882502280504,1.8481698167046372,3
78.47497774695347,20.827741911776272,-2.879243280947874,-1.4383005780683873,3.81359709440158,3
78.33739870990001,18.118695616468262,3.4005319720167924,3.291656313008575,-0.5477135066048464,3
79.52268474562217,16.787932243847415,1.3071665506118657,0.8781647339634636,-0.7883769615199847,3
81.82084671591127,22.156795189896645,0.8975771906710249,-2.5707589756323412,-1.2540993167359558,3
77.248884671687,15.481790925654373,-1.5787069338750404,2.7220269120785465,0.33416257309872255,3
84.53977963921389,19.64621627881946,-1.0139271803055476,4.328336817099763,4.586949917170651,3
81.41841791259107,22.8455902648877,0.6259466916012578,0.9651639573977076,2.785542457380021,3
82.42625157990369,21.704964582081406,-4.124916600422033,0.814557624200247,5.284044368566466,3
76.77020657344724,21.735597660824936,1.4968382306542143,3.6490480971586794,0.7246563986445458,3
79.9398866035211,20.98719948766554,0.039189586471725546,-0.43269806562889634,-0.6946536964051375,3
78.76457006689265,22.441526320149105,1.6386504249014748,0.9796759411478279,1.0563598004521382,3
81.66451156554412,18.187075950389197,0.7821917954353287,1.2744502143766847,-0.9956338468922343,3
78.37268149869433,22.060645607712917,-0.07145174942395549,3.973749234462835,-1.0740256694046662,3
85.36539206920936,19.950230824438535,-0.2199075469171372,4.625347299436958,-2.0438338491020844,3
76.63871700446548,20.64027031303733,1.7911461911005193,-1.163111484468479,-2.149803420797903,3
78.59965329934468,19.703851071798436,-0.18231686897709842,-0.5716359336653949,3.866249862318169,3
78.5416837928431,21.252685867137544,0.03146619539397533,-0.15611166718854874,0.3071365828903103,3
76.72864571564709,20.862281478942016,0.7852976200698545,-0.6386928054770227,-0.3068916430888582,3
79.98761591368357,24.757040991332673,4.508163700016663,-1.1035726731070827,1.3683727244891077,3
82.97118137789468,19.14179525629821,0.5429217186380508,-1.3204207747150556,0.5900140692361895,3
78.72394146750933,17.354696499241427,-0.3716353365284981,0.5402796176991029,-0.21483905428028205,3
80.03989906916519,18.39591956028328,1.0790794403844743,3.2962818927535675,1.3699372262086857,3
83.37036114802511,21.591421527743968,-2.355166211230967,-1.0885907070511815,3.350210997332727,3
79.80704365428312,24.92426233122699,0.6390266382489038,-0.8038602798799792,1.5036214329746875,3
78.99665289100915,20.397310858901562,0.7549605906066156,3.4880951370491045,0.8488901729077184,3
81.38158452081477,16.75374312917843,2.510265159650268,-0.3007707942695761,2.0473246078490748,3
78.99516442112564,20.57655922137076,3.415484145286947,1.8613423632021342,3.1573590576245265,3
79.87505758003381,18.888837888773285,3.387944007488378,2.7511492248770955,4.214699080194935,3
79.8577166090485,18.20508637376644,7.13484303807355,-0.19471040816443375,2.7548101307198616,3
81.78481338628701,22.59233107786778,0.004777175428584801,-2.110772959690234,4.925001822239729,3
82.59913253744983,19.639766531357928,-1.683799569744647,-0.17544762362268496,-3.7845260028832417,3
81.81793224423863,20.903929598919554,0.8923665644460768,0.1770790371252139,-1.7128421688090896,3
83.47070393759583,19.810480946256146,-0.3184765266438263,1.2449367858001925,-1.9467576202703345,3
78.10959298606286,19.732255455949932,2.904220434443559,1.3777038830461343,-0.7087675930564346,3
79.53783886987131,25.206965207245325,2.8505784322992413,1.5562385333116768,3.1098488418462673,3
81.27219985979056,19.06085137656051,3.2271802312083446,-0.9418693567752743,1.7696332694128474,3
80.04984550329566,22.868239999263817,1.656886516524418,2.3241134052162216,-0.10817381079351995,3
81.58176867109862,15.571673209456911,2.1696408378557948,0.5653811715745816,1.2748752574006257,3
80.54762953273668,20.11619321536054,2.410908705781125,1.1141292748539933,-1.0527500394892875,3
49.21705002355942,50.84772890790091,0.8077168212248774,-1.8781220050067597,3.5243026197383687,4
52.48640278515408,49.72673862471125,-1.0260302367789533,0.6769273543882653,1.8809688076533724,4
49.61984736368892,50.72086176855078,1.3714855819169123,-0.7903221426767544,2.047217058121076,4
48.24312424804048,47.01163198572617,1.2349453879358279,0.0010323577262619787,2.538187139758889,4
48.52650521042054,49.75382759450504,5.115932159037574,3.0763656691117625,2.820453200316286,4
49.29617372172186,47.874594906725775,2.67093568511655,4.291923039297672,0.043799492120562,4
49.61780849047471,49.76851452434171,0.7247329030877608,1.9906524647417876,2.4074597806922053,4
50.25679511936718,46.729789364031575,2.6596928522740013,-0.46826772420193197,0.08913823060037906,4
48.869434028558345,50.542252277799484,-2.155680050321208,3.910498638775548,-0.9647867878034695,4
49.25039744193289,46.62134403161582,-1.3734750039318513,3.170820559904353,1.3054218830265896,4
49.860888590934884,51.18501053710531,-0.4840711797313524,0.24661028200927226,-1.2943620687958766,4
50.02054647527653,49.079438438687696,-1.4583005069356347,0.0275485078547838,-0.14109055190915498,4
50.642143928178676,47.1687289165987,2.032858909543176,-2.533689130368689,0.5245577431657708,4
49.082409560012294,47.82867204621071,3.3667894929134126,-2.25465621934111,-1.4300511148254622,4
50.02691005061325,49.62678522367427,-0.2298797478904091,2.7215412530206304,1.8341406351096814,4
50.16730628036096,51.48942688998911,-0.7254254492341214,-2.4074720568453847,-1.32577193033808,4
47.77220097303447,45.05209624480119,-1.2096625933702785,-1.78934824129878,-1.8006141788710703,4
50.13966795482146,51.765280157886345,-0.8828010097028895,3.0487307550524037,-0.030659031544717052,4
51.00801095579253,49.94816844234528,-3.0309438812789287,2.8986186940091043,3.2693860404652653,4
46.181300077846444,52.23209252914304,2.2123865554639837,1.5956433025354553,4.4664428957812135,4
49.42524530124664,50.33049176410522,-0.40774340905745876,-2.849280703706556,0.2957738951466148,4
49.38925222627239,54.47329486761297,-1.271638146967983,0.8892027244204386,1.7218084716171633,4
47.19832223037511,48.595698429277775,1.2198656213546646,1.024252811862864,0.4340955287698909,4
48.187780952926495,48.489240223235676,-1.6782927899487317,-0.14697467261729513,-0.7663873951846971,4
49.735190204282986,50.104572630703736,-1.0194395821981703,0.5379346913638423,1.2410863232227958,4
54.436393010140954,49.695127926300685,1.0897636927874745,3.473648211021451,0.8383572818167448,4
51.738088518938156,51.46814172991155,-0.551839518145921,-1.2638783351585898,3.7313024827656895,4
47.99374827872661,50.09013901504697,-0.189638479696163,2.9151017611790984,-2.916044814641743,4
51.421030042644674,47.69117796507952,0.7891757566286265,-0.35830704441028294,-0.13977427174225743,4
51.74395180083405,51.49796471021156,-2.812274215511939,-0.32763998564376307,-0.7818457309897402,4
50.85428880653756,52.61915642953557,-0.2557839821560679,1.1650508965203175,4.310204281740346,4
51.43217388909496,48.588198229488064,-2.079862831617835,1.9992998125460217,-2.3980942833323273,4
52.293741795295965,49.742530850917866,-0.8180498601916002,0.354239781787983,3.00048504285226,4
52.24555457170943,49.75753587474222,-0.31707457748550794,0.23414066964133895,3.653591491021999,4
51.24499036595184,51.47264594410855,0.6491167609219066,1.2010629565875501,1.6563509927289695,4
49.25789534585596,49.437749437621086,-0.34617778828949186,0.8526810704722013,2.639045512290153,4
48.21535351655776,50.51166763031439,-2.47685565317736,0.12107448434452994,2.892864806399705,4
52.45306509861984,45.94996573836832,-1.3341068573584547,1.3269712003294472,0.5885005803027317,4
50.12286033927049,51.2214195434056,1.7984224193908118,3.0741324513423107,0.2838683160866221,4
54.958832129923856,49.396875432085636,2.76703714349882,1.1881223593988783,0.28336028850867323,4
51.11010780069646,49.96798000762434,-1.6756840155650004,0.3981408510572698,0.32342094417050304,4
51.47198342766403,50.30825678582748,2.497172224825027,3.382763904851608,1.7018284952379337,4
50.11367733459716,49.0410956579415,3.5018459903033534,3.3198208635996154,1.7873768549448696,4
46.00179485313911,49.77734847054399,0.6409993053033596,7.298096921531237,-0.9069753128315803,4
50.262063073433076,48.0349249482559,0.1331954761289471,0.36359900575657944,0.06414344653015447,4
49.56237818035308,52.751331063610806,5.079516007964542,3.178223229769705,2.028332055367202,4
51.830562348624824,52.15479432342328,4.214041446222124,-1.8111672952282407,4.738537528833174,4
48.770171689289064,52.43066436941498,-2.200423607043735,-0.5554984087841275,0.7733699711821876,4
49.68610998643168,49.73252085810046,3.1869809070275488,3.633183549672765,2.3835671014455415,4
54.45550444552851,47.76164673840016,5.837926078732747,-1.7518611719298711,3.64562911370509,4
49.13996377901662,49.67746531720837,-2.897832791606934,3.4518346793667796,2.6449445306821104,4
53.557825004038584,47.09599529340799,0.21274864332855103,1.648552312060192,1.9673419241414472,4
51.22104902298541,47.67158035744276,-2.1235508169824713,2.5909899080188374,0.5436093334333711,4
52.15339418619452,50.37306905022904,-1.2276085435982336,2.826440055581881,-4.644000835560202,4
49.92555073306469,52.66776973866437,0.35145800161761354,-0.01393413449817471,-0.29729699740998217,4
49.90420987944576,47.86672583103164,3.288564228361089,-0.33872996324302695,2.1388926228845033,4
51.050432448319505,49.78849786810314,-0.14706601758126459,4.9038996935464025,-1.4201390960138154,4
51.71272748183095,47.20842267345561,-2.110595161709448,-0.6955959369197002,1.7792025769696425,4
50.85519027494457,54.68399834671114,2.3310630550425286,4.296442298641215,1.34953710234015,4
47.74249914233877,48.38254102105954,1.9213009260161877,2.4589742484400032,1.1559389454864035,4
54.60714156342875,49.196237242395625,6.4580575140397,-0.8810920461891918,-1.6802329422060693,4
48.01066689501214,49.88441847269328,-2.3876028622723258,-0.5385513300047435,-2.4165364593376024,4
49.24454989039971,50.42065792689755,0.0017513175453878205,-1.6830812981858068,3.399962640731099,4
51.48955416441419,53.38445261887975,1.1004243457598861,-3.6466595583029795,0.4586073108518629,4
50.721660280563555,49.285014728648854,1.8065810849947435,-1.8287933568142831,4.955346266345711,4
47.65638101727309,52.10166958645845,2.487705752607919,-0.9044150185249016,-0.21869699092433503,4
50.07392916825645,49.764485007965995,3.851379741441467,0.7080311001744359,0.5149355294719987,4
49.93628680439474,53.44551108169631,-0.006520541371320077,-0.09779545083108654,2.9505268505347466,4
49.53435489993,51.1030007685429,2.7128604373761336,5.909741693366539,3.7020129969858653,4
49.89565344713697,50.68505746776265,1.656964580260428,1.884192170280091,-0.873743889140876,4
48.814006228178734,48.192983673858144,-0.5003294535844243,1.233038458275939,0.6526828001675521,4
48.498520300736374,53.21900735808318,1.935243673725728,-1.0596158017933948,4.8218037636033655,4
45.06366324019105,50.20069729232652,1.7066076767247726,5.793564473669483,0.19075363215150976,4
48.104584961221015,49.3332865082439,4.404942116617191,-0.4990982698197084,4.181192853387307,4
50.41628033232216,50.140675491844185,0.3413026610677995,2.6844986414375227,2.544179397745939,4
51.65101016996842,46.845087772487965,2.667406987847091,-0.3843588127858011,0.42502768503482524,4
52.46376475474075,51.832544985388985,3.0307727594264393,-0.9681216271953978,-3.541987233652092,4
51.033470260306636,51.64851673545086,1.6414214241642515,-0.15974911757552168,0.8695843982828311,4
46.32660230839152,51.080152564194094,3.8315632382746356,5.709907900415059,-1.3753054676865282,4
49.58503464691806,50.40820453740667,-0.2064878777987167,0.2566444081767475,-1.2362374300406662,4
50.94363417797828,53.43361884713514,-4.208159574196888,1.628185992933048,-2.969832488413178,4
48.69022162856042,51.2402016131777,1.5332231290302079,-1.0454151563340845,3.8056879743251204,4
53.25428460348581,47.18996072043626,-1.4940193216519142,0.03158073298354824,3.3767095372762754,4
50.896979471661965,51.38111786788331,3.202124627718054,-0.2395974261291507,-3.3416856627031004,4
50.62665965542505,50.29250218856594,1.9119080806246553,1.50569941717283,-1.280694741412371,4
50.574730823194365,47.03090272033762,2.4826216866066932,-0.24292183959891722,2.9649514345702146,4
48.89214839042162,50.279159181326285,5.68401125265897,1.719010189335727,0.3067184739581599,4
50.13656357335259,50.91691844051952,0.6884318886124797,1.6292428288708742,2.917637822841801,4
49.73728912889761,52.44024420448915,0.28490552829361926,0.4319240706071771,-0.6429856304302997,4
50.4211498635424,47.84347417136748,0.9245818623393018,-0.5986927185053512,3.323517510436092,4
50.536303661874484,51.90241487964991,-1.7085866961155167,-1.2354887712439986,-3.1479194851283276,4
50.56345715565856,47.80504446697688,-1.662569792965301,3.815750744155552,0.6253573327944307,4
49.53702228159292,49.80876964235342,-0.062094525073307816,0.23869493146311327,4.1602272456469125,4
48.32645804123926,51.051685634982576,2.613344119227613,-1.3323443569175812,-0.9565327212411854,4
50.69311651483898,50.01186449083991,-1.7008970787713644,2.7125524473263813,-0.11010845155403914,4
49.826726653118655,49.18083615823693,0.8460623887621191,3.703154280686796,0.7678889893617878,4
49.57394663568891,50.87622008061237,-1.4825539754570274,1.7252997780233148,0.15529963807568092,4
44.7446114831279,48.983899391204446,-0.17095192422246397,1.4937586828213325,3.5764767556109227,4
52.37568574348835,53.12060944823257,0.35637164709246627,2.342300924289667,0.02291996153450382,4
50.645636705639035,50.67290644823165,-1.5478197088035186,2.5531440396569627,0.8712994297068435,4
49.7011579354307,50.97215729254535,-1.6610426970343983,3.1349765103995777,2.821338497379924,4
52.19179430669212,54.3632672541635,1.508364682229086,0.09266842028473654,2.5340859818422246,4
49.84132115861718,51.850227875662895,0.36674048565162787,0.0598656879145939,2.1818434193860874,4
49.146186871003856,49.02379430743763,-0.15800908510460365,2.9413773216199797,-3.0227993214172537,4
49.57786912624421,51.31955279903427,-0.32794619502237143,5.120024375245306,1.2948756945088062,4
52.19323631090521,51.271917862402276,2.3426730438439054,0.004318489752039856,-0.7288319285742966,4
50.6289440203297,48.05447477572486,-1.1902306316240665,1.3831579427986016,3.5725699656405197,4
51.234102430112586,48.63483898424297,5.3612302976329325,1.7480893402944369,-0.05032758964200035,4
52.059588382766094,48.57534085460629,-1.0401485189172655,0.6461373371480957,1.7878387493307684,4
50.66097214487451,49.836291032221084,-1.0426500037621467,2.890440421122123,7.220031219620743,4
50.94009983113415,51.358019356134434,3.1731988063525507,0.4926982228156197,2.030568154863964,4
49.08691303964464,51.88571428285593,4.0605437760007455,4.325418216146826,2.369688113521617,4
47.63542474924748,50.393003067909746,0.591118403736528,-1.5676159484961647,2.475085044675616,4
47.273791427510616,51.77050032138795,2.231088794519537,5.168301544850689,3.6505125855249805,4
49.86812893802143,53.46461245025869,4.305748484664322,0.36026843449274626,-0.826137179266798,4
50.24794029921967,52.938877793664645,1.8708420058852961,3.531390715723191,1.1134051494141874,4
51.94158641419291,53.69557794317504,1.1888131018186754,3.4207036907989967,3.2028034226492057,4
46.66877229179951,48.81299540017175,3.0907306705325164,1.869219832097826,0.6034594984948238,4
50.22807670848571,49.030115459372134,-2.2157875828810587,-0.47000190332829606,-1.6721499082675728,4
49.944028302211564,48.93678497243031,1.9519629253812436,-1.7524520498743525,2.596632395014012,4
49.49231325947525,52.882753758636056,1.6734145211258018,1.802020795430818,2.5915501049195155,4
51.957897812237015,50.44311214258841,5.030088916520333,2.3018266337027633,0.19202187101216328,4
50.270062248845875,50.449049319433264,-0.7384527146074586,2.2912885516104895,0.77231676202266,4
47.81616783931434,46.276646220131,1.9667301414478446,-4.081210065705793,-1.8686347987279293,4
48.338276216603674,47.16364879154035,0.06765657549554982,2.4379342172772462,-0.3952512019734702,4
50.75197026414844,54.13447901826759,-2.590540544199909,0.30143878920865075,-0.5421178989275501,4
41.39951493362071,49.96823234858365,0.5859019186264236,2.9547880510426037,0.0055254982046665235,4
47.49429425025946,50.60332731905881,-2.250539119787919,0.4590494414807106,1.1068997899489852,4
50.220906334424605,52.698195616080646,2.127754852602903,1.763868269423413,2.1149761252157857,4
47.89137307088105,52.52048989789344,-1.6759113057804993,2.449551502493867,-1.566532658414232,4
51.86611165080449,50.544822996384774,2.0507211819643976,1.6243653786830157,3.7295405783133084,4
48.508400646078314,52.34779338801643,-1.4975748581290396,-1.0018213867720074,3.911204848797866,4
47.623941309045726,52.913034342991075,-0.15820394983230646,-0.4755601227907835,2.094959213621792,4
46.92137518705028,49.00508627429478,0.26301293687996896,3.5468764130929706,-0.3191052624032371,4
48.78489511528951,51.657058965371725,0.003672426112708682,-0.33286853706057573,-2.0631539309491855,4
48.226259231108514,50.1738964575652,2.2986428820887372,0.49389838967257793,3.3020237341304015,4
50.90373081933644,46.589234214083596,3.60043030976016,-1.1147457602693445,2.84667201994181,4
49.94900263135556,48.1922200375759,1.4233903286716754,0.4250798797029839,-2.8275423376771958,4
51.479453618128446,51.129428421910816,2.3151728482851848,0.8449622701657248,1.0364825974798022,4
49.461673523001146,46.595129595421476,0.33943273702219967,1.1098237184482433,3.6037046879948353,4
52.96965392957763,47.82593561184832,2.1021253168715104,1.7363617551707526,1.6792292986431208,4
48.82546001822666,49.69908025324284,-2.8278331150683513,-0.9545380234092606,-1.4818062391712363,4
47.250925135211695,46.10613513688247,1.902862324716347,3.104611939659791,0.04239405437957122,4
53.31928291855985,50.2866253346375,0.6768456628223902,-2.7224844883265833,-3.8779426060347264,4
51.81232887330678,49.82512209204195,3.1403156079028336,3.8822794237886398,3.712647126062822,4
51.560120946816404,52.24546887825609,3.195571553250908,3.8581938088530108,2.4218877505404173,4
55.52532800056339,47.026703259293264,0.32287504874410533,2.670988110054437,-3.461869483942298,4
53.06449167839326,50.33347306309967,4.953939609718562,1.8174393788090015,-1.1153712844979697,4
51.95371013844984,52.5456674977981,-1.641269081681875,-0.2704786253861686,-1.0022449254841193,4
47.30859141729163,49.75862425258505,-4.39828983755478,0.7699824368874606,-1.7774769472098124,4
