32.781687418447554,91.22492114328115,0.0,0.0,0.0,1
27.961106768463768,68.09207913591648,0.0,0.0,0.0,1
27.600443850480726,80.18234823200834,0.0,0.0,0.0,1
29.339602334705557,64.45702377703779,0.0,0.0,0.0,1
39.32697332821493,96.397552408387,0.0,0.0,0.0,1
46.58935382547289,50.50609691105335,0.0,0.0,0.0,1
38.83270747083774,53.90744795605563,0.0,0.0,0.0,1
27.739187143136444,68.73835418248095,0.0,0.0,0.0,1
27.959671407607033,81.44813741943587,0.0,0.0,0.0,1
28.333905232304048,67.11150716738386,0.0,0.0,0.0,1
28.990551127711456,65.1948530125292,0.0,0.0,0.0,1
28.09317100354466,67.81210784908102,0.0,0.0,0.0,1
29.714454847443527,63.9480829204369,0.0,0.0,0.0,1
27.95046302140414,81.97174893700877,0.0,0.0,0.0,1
27.12569301615419,72.9202604984398,0.0,0.0,0.0,1
31.00419439183286,61.2122283424593,0.0,0.0,0.0,1
43.774307354765895,98.53013009788478,0.0,0.0,0.0,1
36.55516034339238,55.269920176258026,0.0,0.0,0.0,1
35.01679320559529,93.38087884559748,0.0,0.0,0.0,1
28.764390318050154,65.91892743590181,0.0,0.0,0.0,1
28.779674931096665,65.61834703401992,0.0,0.0,0.0,1
30.691303485677928,88.04660033297655,0.0,0.0,0.0,1
37.800327831505285,54.40773152024361,0.0,0.0,0.0,1
28.17629404904506,67.2806757811391,0.0,0.0,0.0,1
28.547189384202895,66.77416602670854,0.0,0.0,0.0,1
30.572466697584538,62.297904238675414,0.0,0.0,0.0,1
38.13337143694514,95.64647801075601,0.0,0.0,0.0,1
27.31482408153398,70.34775606953853,0.0,0.0,0.0,1
29.668384620700976,64.20116998042779,0.0,0.0,0.0,1
35.78864687251116,94.24722876277062,0.0,0.0,0.0,1
36.677010402944056,55.30584170477202,0.0,0.0,0.0,1
31.946619858894117,60.408617112344785,0.0,0.0,0.0,1
33.271388490416946,58.434123353464415,0.0,0.0,0.0,1
38.24074963815699,95.94012991304167,0.0,0.0,0.0,1
27.132696811381408,71.90907455918138,0.0,0.0,0.0,1
39.53735828102811,96.77052157621097,0.0,0.0,0.0,1
35.88552050625581,55.90870091698414,0.0,0.0,0.0,1
28.586306850362366,66.1748151847606,0.0,0.0,0.0,1
28.186247534883986,67.59390875025065,0.0,0.0,0.0,1
26.93466670016687,72.70819070430113,0.0,0.0,0.0,1
43.44490388841349,98.30859849588336,0.0,0.0,0.0,1
29.1986742897696,85.40386902002588,0.0,0.0,0.0,1
27.29583846073955,70.65161390805578,0.0,0.0,0.0,1
30.285257825879807,62.873796060286274,0.0,0.0,0.0,1
27.11022881894815,73.41087774788572,0.0,0.0,0.0,1
31.032650004261797,88.8515915911012,0.0,0.0,0.0,1
32.4079349026394,90.67014072074019,0.0,0.0,0.0,1
27.565177839518768,70.31983456999782,0.0,0.0,0.0,1
27.82623461452363,68.33446255950766,0.0,0.0,0.0,1
29.439186450331377,64.14621272359005,0.0,0.0,0.0,1
27.504736187511238,79.74234869248617,0.0,0.0,0.0,1
41.45249760802608,52.35853464452744,0.0,0.0,0.0,1
30.08760368272031,63.267146637567706,0.0,0.0,0.0,1
33.203234072867666,58.70541577308858,0.0,0.0,0.0,1
28.060254001551975,82.9003958533317,0.0,0.0,0.0,1
35.92038483839088,55.74524665229168,0.0,0.0,0.0,1
32.24831104325996,59.85797613424534,0.0,0.0,0.0,1
27.102620434183123,75.15259295276263,0.0,0.0,0.0,1
42.623226230618734,51.82281417040268,0.0,0.0,0.0,1
31.985622702211597,89.9207169782608,0.0,0.0,0.0,1
33.61717967311019,92.03543052235203,0.0,0.0,0.0,1
28.765030993719805,65.66765712567481,0.0,0.0,0.0,1
32.75483234310006,90.78798624624612,0.0,0.0,0.0,1
27.167009941826603,73.2210063007686,0.0,0.0,0.0,1
30.5946480757922,88.13504980621175,0.0,0.0,0.0,1
29.920329729787586,63.4388424551887,0.0,0.0,0.0,1
27.399431788221513,71.10828735265052,0.0,0.0,0.0,1
37.52785537539759,54.62623225329219,0.0,0.0,0.0,1
27.13985079414951,78.84649086704744,0.0,0.0,0.0,1
41.06847522353801,97.47318421749574,0.0,0.0,0.0,1
27.96583278547698,67.93813207875615,0.0,0.0,0.0,1
35.793762710745106,55.78738364512179,0.0,0.0,0.0,1
28.951731114001213,64.91027064950251,0.0,0.0,0.0,1
35.18116789529511,56.48403405032731,0.0,0.0,0.0,1
29.31050996120313,85.56725189578782,0.0,0.0,0.0,1
32.426003853467115,90.24372760755621,0.0,0.0,0.0,1
30.01420829144416,63.22850298130624,0.0,0.0,0.0,1
29.860669921585274,86.7937567714705,0.0,0.0,0.0,1
26.804656509800484,76.3316280353349,0.0,0.0,0.0,1
47.29417675648142,50.3864232063755,0.0,0.0,0.0,1
43.578016151186276,51.31214098037871,0.0,0.0,0.0,1
31.822899952706074,60.00719190893261,0.0,0.0,0.0,1
36.9166895916543,94.82293446883719,0.0,0.0,0.0,1
47.90150350727651,99.58688966019714,0.0,0.0,0.0,1
43.73580574016203,51.505390360923656,0.0,0.0,0.0,1
27.51094136552327,80.0578511343575,0.0,0.0,0.0,1
28.926810020447114,65.4111399607508,0.0,0.0,0.0,1
30.78557317604071,61.97332349826273,0.0,0.0,0.0,1
26.9858873552737,77.37643945001423,0.0,0.0,0.0,1
27.15020961121405,78.418656983591,0.0,0.0,0.0,1
26.943359732222422,74.7507585068531,0.0,0.0,0.0,1
36.68726919833258,94.55054277800967,0.0,0.0,0.0,1
27.363810654326198,70.27453980006608,0.0,0.0,0.0,1
27.67599394663044,69.33332797414393,0.0,0.0,0.0,1
41.24732044802129,97.5028034464687,0.0,0.0,0.0,1
37.27633643732212,54.98492471374117,0.0,0.0,0.0,1
26.788907778310175,75.77482328273233,0.0,0.0,0.0,1
30.62490618344175,87.91387800216005,0.0,0.0,0.0,1
28.58261698495497,83.27098199550525,0.0,0.0,0.0,1
27.63589885424428,69.57661480054668,0.0,0.0,0.0,1
33.99288977094553,92.25265302409917,0.0,0.0,0.0,1
28.466511463054108,66.69106547260787,0.0,0.0,0.0,1
33.727711804097616,58.0311439717177,0.0,0.0,0.0,1
27.567405329634802,69.70004217785262,0.0,0.0,0.0,1
30.83883406259823,62.08602459712805,0.0,0.0,0.0,1
28.304612435557996,67.25255811232508,0.0,0.0,0.0,1
38.01024483243116,54.277397294679695,0.0,0.0,0.0,1
32.480266302711094,59.40342339141756,0.0,0.0,0.0,1
28.326232383538116,67.13435515586644,0.0,0.0,0.0,1
28.785989866246414,84.10092557203207,0.0,0.0,0.0,1
29.73037313018773,86.38911242667716,0.0,0.0,0.0,1
30.92587788161386,61.56786559493604,0.0,0.0,0.0,1
31.400931727441293,60.92951504551811,0.0,0.0,0.0,1
46.24814642711953,50.75154834700953,0.0,0.0,0.0,1
27.707992065608273,81.49748612834553,0.0,0.0,0.0,1
34.844435876389646,56.70753177292298,0.0,0.0,0.0,1
38.54484005450944,54.033993317268916,0.0,0.0,0.0,1
34.272364863223935,57.406903962509794,0.0,0.0,0.0,1
27.306371468413783,69.92249231103149,0.0,0.0,0.0,1
31.428915640354184,88.93183718757246,0.0,0.0,0.0,1
45.49604457250274,99.13407222307691,0.0,0.0,0.0,1
48.88890954174922,99.79174315141668,0.0,0.0,0.0,1
27.266846364745263,77.63783344617887,0.0,0.0,0.0,1
32.099457298198374,59.56661669319986,0.0,0.0,0.0,1
39.8523527330082,97.03986853292417,0.0,0.0,0.0,1
27.909314296561647,68.76476483210607,0.0,0.0,0.0,1
30.63108277617002,62.21861575356017,0.0,0.0,0.0,1
41.18859412438289,52.50838491869134,0.0,0.0,0.0,1
29.215759378346856,65.10912768167968,0.0,0.0,0.0,1
40.73325622036351,52.77486025064071,0.0,0.0,0.0,1
27.004960657301048,73.36220231028062,0.0,0.0,0.0,1
32.52216826006996,59.458128860560095,0.0,0.0,0.0,1
27.48440603731511,70.77873312270451,0.0,0.0,0.0,1
31.790480848039245,89.57197406377662,0.0,0.0,0.0,1
27.06336354390625,73.85442051488587,0.0,0.0,0.0,1
44.99985014898251,50.988961033204376,0.0,0.0,0.0,1
27.0767215001881,76.44584134213588,0.0,0.0,0.0,1
30.714647172806966,88.52441627758628,0.0,0.0,0.0,1
29.709788543877274,63.6031778203152,0.0,0.0,0.0,1
31.086631715086742,88.5125050323756,0.0,0.0,0.0,1
38.46625633785635,95.91025258187996,0.0,0.0,0.0,1
40.372095340142145,97.21949055713397,0.0,0.0,0.0,1
29.328791285999923,85.56586745624983,0.0,0.0,0.0,1
27.135042562019223,71.55511132172211,0.0,0.0,0.0,1
27.79913450851431,68.56657931914759,0.0,0.0,0.0,1
29.09054972215779,65.12209277831046,0.0,0.0,0.0,1
28.240438282745576,82.69063958936778,0.0,0.0,0.0,1
37.52651754205105,95.51960312927619,0.0,0.0,0.0,1
32.72120820832718,90.8742569333206,0.0,0.0,0.0,1
28.58188044254464,83.62401330963273,0.0,0.0,0.0,1
27.41948473750497,71.29450582897891,0.0,0.0,0.0,1
26.902159779250326,75.72633274446194,0.0,0.0,0.0,1
27.19164577703063,71.71011074684782,0.0,0.0,0.0,1
27.18570974940285,75.68990006016857,0.0,0.0,0.0,1
30.836833782518518,61.65771891584628,0.0,0.0,0.0,1
39.78954407876154,96.90683210458019,0.0,0.0,0.0,1
28.78892325462579,84.58155618367176,0.0,0.0,0.0,1
35.5399025486912,93.9145251469785,0.0,0.0,0.0,1
28.95120455916667,65.54009567977556,0.0,0.0,0.0,1
32.845982823585366,90.79721641849721,0.0,0.0,0.0,1
43.433746817609986,98.63088965369691,0.0,0.0,0.0,1
27.55187385917463,69.82910253763593,0.0,0.0,0.0,1
27.38627842011677,70.628300412604,0.0,0.0,0.0,1
30.741096402758696,61.77097050009058,0.0,0.0,0.0,1
28.656355222290497,66.13516171858166,0.0,0.0,0.0,1
46.580936811056944,99.50677261304527,0.0,0.0,0.0,1
27.79301743013805,80.34066992322127,0.0,0.0,0.0,1
27.080234771045248,76.24176171432262,0.0,0.0,0.0,1
27.707602639659527,80.37470882334273,0.0,0.0,0.0,1
33.81759365381739,92.33416342331479,0.0,0.0,0.0,1
33.122930276349656,58.784002580368025,0.0,0.0,0.0,1
26.991930746767544,73.52886598288333,0.0,0.0,0.0,1
34.964003028358,93.22495174455979,0.0,0.0,0.0,1
27.845898638437518,69.01444784054164,0.0,0.0,0.0,1
27.1094881063422,76.58337063554993,0.0,0.0,0.0,1
34.54980841777005,92.76189992645372,0.0,0.0,0.0,1
39.885713340057784,53.0421559995822,0.0,0.0,0.0,1
30.998817223647325,61.1832340796378,0.0,0.0,0.0,1
31.77056361556996,60.30583579636709,0.0,0.0,0.0,1
31.976449914924835,60.07866179244627,0.0,0.0,0.0,1
27.050371199763955,76.25416482496733,0.0,0.0,0.0,1
29.159115431255138,65.31838859071917,0.0,0.0,0.0,1
28.19961052771813,67.4163566162978,0.0,0.0,0.0,1
29.294691492113454,64.77401203526684,0.0,0.0,0.0,1
28.75528968602449,84.14233288687534,0.0,0.0,0.0,1
32.219232745914866,59.69146402572298,0.0,0.0,0.0,1
27.04755903541013,74.33572144212009,0.0,0.0,0.0,1
33.58029055002411,58.47390906455075,0.0,0.0,0.0,1
26.990548127288033,76.6437784401345,0.0,0.0,0.0,1
28.102081542698766,82.40301457485371,0.0,0.0,0.0,1
27.10305975415742,72.13260096511507,0.0,0.0,0.0,1
29.85702171449907,63.81737776390255,0.0,0.0,0.0,1
27.468299635703495,70.71092228753582,0.0,0.0,0.0,1
28.954917052103532,84.67257335541991,0.0,0.0,0.0,1
30.589055579369965,62.2021705375466,0.0,0.0,0.0,1
39.37914543894201,96.54264950560965,0.0,0.0,0.0,1
36.68002553236863,94.91855100411462,0.0,0.0,0.0,1
30.873450786296434,61.093184313091086,0.0,0.0,0.0,1
27.03385513563632,78.42392994384666,0.0,0.0,0.0,1
30.032166908119642,87.34682738543067,0.0,0.0,0.0,1
46.722393592337376,76.67102411011226,0.0,0.0,0.0,2
51.43456932811986,77.46782131357652,0.0,0.0,0.0,2
50.925052626343906,74.31826437374356,0.0,0.0,0.0,2
50.91942666909145,75.52482843708732,0.0,0.0,0.0,2
51.21368894239938,74.15232400950681,0.0,0.0,0.0,2
52.416131252263185,74.91934731429653,0.0,0.0,0.0,2
50.163698302486615,76.28343196761773,0.0,0.0,0.0,2
51.91819322628999,74.0455468914253,0.0,0.0,0.0,2
48.16365890918868,76.25285522000718,0.0,0.0,0.0,2
51.56205339372583,77.09863824131598,0.0,0.0,0.0,2
51.108175095590674,75.69116220527638,0.0,0.0,0.0,2
49.6141963971707,74.65055925469929,0.0,0.0,0.0,2
53.419434228116465,74.52978919694388,0.0,0.0,0.0,2
52.651303240665186,78.63853434157505,0.0,0.0,0.0,2
50.68987338403922,72.3098553450476,0.0,0.0,0.0,2
48.675791306490794,76.78222353647497,0.0,0.0,0.0,2
53.03640366931182,76.9116805002844,0.0,0.0,0.0,2
49.63217630854753,74.6292276819999,0.0,0.0,0.0,2
52.010848333991234,73.39199718607082,0.0,0.0,0.0,2
51.12710562863183,75.31613417441172,0.0,0.0,0.0,2
50.94372387719438,72.88405732353215,0.0,0.0,0.0,2
54.75864732653828,79.89145451245093,0.0,0.0,0.0,2
51.25435975315675,73.59913839191528,0.0,0.0,0.0,2
56.96396537156184,72.1705708103185,0.0,0.0,0.0,2
53.98028529355737,75.81666898001326,0.0,0.0,0.0,2
53.17401748237949,78.66201328712809,0.0,0.0,0.0,2
51.41261752916597,74.3645169809089,0.0,0.0,0.0,2
52.69336040806522,73.03769894724381,0.0,0.0,0.0,2
51.819732305901155,76.01097349900171,0.0,0.0,0.0,2
51.919061680773794,77.67654621141594,0.0,0.0,0.0,2
52.41598129826035,79.29483018413075,0.0,0.0,0.0,2
51.52103259330671,74.64151523064997,0.0,0.0,0.0,2
50.331367085605805,77.78533940978187,0.0,0.0,0.0,2
51.26682763291813,74.22610022031569,0.0,0.0,0.0,2
52.85830503520492,72.01690653436546,0.0,0.0,0.0,2
50.27136949968053,74.35120290787988,0.0,0.0,0.0,2
52.36123081673394,74.14139730404374,0.0,0.0,0.0,2
54.434417008006086,73.94051954709306,0.0,0.0,0.0,2
51.94560507408568,75.4961024783966,0.0,0.0,0.0,2
47.551247790620096,76.0392125110089,0.0,0.0,0.0,2
52.627945782642584,76.67293894013515,0.0,0.0,0.0,2
52.919127739875876,74.94143474308484,0.0,0.0,0.0,2
52.9436368823079,71.0933643542518,0.0,0.0,0.0,2
51.04535547761106,79.27323339379922,0.0,0.0,0.0,2
51.98470911230756,74.52465503021007,0.0,0.0,0.0,2
50.89242628882572,70.4800717397438,0.0,0.0,0.0,2
50.26729303639179,80.33154801623562,0.0,0.0,0.0,2
52.49548424991316,76.53824203617134,0.0,0.0,0.0,2
52.13005441380504,75.0537725717208,0.0,0.0,0.0,2
53.555898735352315,72.54222287106207,0.0,0.0,0.0,2
52.21519056156224,73.27322220179447,0.0,0.0,0.0,2
51.54987932626982,71.43809131819474,0.0,0.0,0.0,2
53.103424943342986,71.02304742088732,0.0,0.0,0.0,2
50.047187061826705,75.61649695965777,0.0,0.0,0.0,2
55.008740729932036,78.63281936145025,0.0,0.0,0.0,2
50.86462556004575,75.87731263819224,0.0,0.0,0.0,2
50.620502441992805,71.69672329414254,0.0,0.0,0.0,2
52.286000478013165,75.10267087085516,0.0,0.0,0.0,2
50.50395861650146,73.69260763267071,0.0,0.0,0.0,2
53.73086745718373,72.66635167754986,0.0,0.0,0.0,2
51.39119711766976,73.5992397084058,0.0,0.0,0.0,2
51.68450908477448,75.0788171302165,0.0,0.0,0.0,2
50.85260062717829,74.45864066806207,0.0,0.0,0.0,2
52.29851904044696,75.11635267685206,0.0,0.0,0.0,2
47.45752598238781,73.98941108451167,0.0,0.0,0.0,2
50.316629472535496,76.02481732813484,0.0,0.0,0.0,2
47.60550644588317,72.92392877675786,0.0,0.0,0.0,2
51.22476796812709,77.7613390693076,0.0,0.0,0.0,2
49.52533032802421,77.01684664973179,0.0,0.0,0.0,2
52.80407184971858,77.03815117844354,0.0,0.0,0.0,2
52.84484552948197,76.5095580039039,0.0,0.0,0.0,2
50.79425258610566,76.03099235386115,0.0,0.0,0.0,2
52.83566151479088,73.21962505125357,0.0,0.0,0.0,2
52.74996514048192,71.95648925075778,0.0,0.0,0.0,2
51.987925070022484,77.58622917045852,0.0,0.0,0.0,2
52.97536126707055,74.10436068420762,0.0,0.0,0.0,2
52.06923665076886,76.39539249245661,0.0,0.0,0.0,2
54.335279877862554,76.37991382224773,0.0,0.0,0.0,2
51.8536771993598,71.3647928491363,0.0,0.0,0.0,2
49.94668668423124,74.55926795274877,0.0,0.0,0.0,2
53.80266818765141,73.70884340167365,0.0,0.0,0.0,2
52.24619689864047,73.90963333026629,0.0,0.0,0.0,2
51.95124997161508,74.27602262451666,0.0,0.0,0.0,2
54.811430242957364,73.66539858567509,0.0,0.0,0.0,2
49.18253801885336,74.85111126948543,0.0,0.0,0.0,2
52.204835745496254,72.8448741606735,0.0,0.0,0.0,2
52.55997620515674,70.34732593266318,0.0,0.0,0.0,2
55.17193461311506,71.40652928278405,0.0,0.0,0.0,2
51.42572113229004,73.15734817294421,0.0,0.0,0.0,2
53.819234666034774,72.42104437208435,0.0,0.0,0.0,2
48.4000037168292,73.67914391826396,0.0,0.0,0.0,2
49.41105516827654,74.6119750167945,0.0,0.0,0.0,2
53.00425424836661,76.10302382470393,0.0,0.0,0.0,2
54.66492872646058,73.47443175762233,0.0,0.0,0.0,2
49.04040809245902,73.25756895744416,0.0,0.0,0.0,2
51.352013813806124,72.52315202955447,0.0,0.0,0.0,2
49.12017741213344,77.8388048847679,0.0,0.0,0.0,2
50.06306894412871,75.20850666466241,0.0,0.0,0.0,2
52.7924238983262,74.47072099836095,0.0,0.0,0.0,2
51.49993730778057,76.01944178247778,0.0,0.0,0.0,2
50.715460861907054,49.864306583535395,0.0,0.0,0.0,1
72.7135661332668,29.875557632324277,0.0,0.0,0.0,1
71.74196135705063,18.371283963156483,0.0,0.0,0.0,1
65.94606160775925,42.216828733182794,0.0,0.0,0.0,1
70.87055922013461,14.91693303735168,0.0,0.0,0.0,1
67.5356619358959,9.474218293820977,0.0,0.0,0.0,1
72.30254882596415,29.577483115555808,0.0,0.0,0.0,1
72.85417723582816,19.97383956195605,0.0,0.0,0.0,1
54.835077359518586,49.06323106133264,0.0,0.0,0.0,1
60.79876506277464,47.015673167492785,0.0,0.0,0.0,1
61.40140257007611,46.062323525233005,0.0,0.0,0.0,1
63.56533205481858,5.813957965615845,0.0,0.0,0.0,1
72.69226032947063,27.10054106790806,0.0,0.0,0.0,1
72.28663887282086,18.95011957281947,0.0,0.0,0.0,1
72.77015199555464,28.401775533262207,0.0,0.0,0.0,1
51.711716304152475,0.6087303778604338,0.0,0.0,0.0,1
71.13856033313394,34.33395979585009,0.0,0.0,0.0,1
72.47010364321615,30.154566357462866,0.0,0.0,0.0,1
69.8070073497766,37.18263428672132,0.0,0.0,0.0,1
72.08430334814427,31.7803986482371,0.0,0.0,0.0,1
56.233067198950764,1.117373457116528,0.0,0.0,0.0,1
67.52627853124316,9.27053143282697,0.0,0.0,0.0,1
69.62099828624167,12.242757034971874,0.0,0.0,0.0,1
56.814325556973685,1.355370978490057,0.0,0.0,0.0,1
64.83273213700089,6.445654722243242,0.0,0.0,0.0,1
65.12780813810511,6.958035082155537,0.0,0.0,0.0,1
71.68423606669145,33.12163417428705,0.0,0.0,0.0,1
65.69960536816492,42.38210510613819,0.0,0.0,0.0,1
73.04747223262477,23.426807664249363,0.0,0.0,0.0,1
72.76397904509778,24.25692136536457,0.0,0.0,0.0,1
71.08470245598178,34.85596201176086,0.0,0.0,0.0,1
73.26328368646115,25.722688632117023,0.0,0.0,0.0,1
66.82683408329903,8.689241894213849,0.0,0.0,0.0,1
61.4488355682941,4.129197404700443,0.0,0.0,0.0,1
69.6566445224173,12.830760860216408,0.0,0.0,0.0,1
62.42454050456935,4.406151764944899,0.0,0.0,0.0,1
62.11313976221272,45.54289776661218,0.0,0.0,0.0,1
63.89823492499986,5.4509081305276785,0.0,0.0,0.0,1
59.190682668385726,47.41626314733649,0.0,0.0,0.0,1
62.76572627230971,5.2367306134902,0.0,0.0,0.0,1
66.68816262738297,8.48544152064775,0.0,0.0,0.0,1
68.09563512466688,39.997967642100654,0.0,0.0,0.0,1
69.25422096709012,37.93094149628232,0.0,0.0,0.0,1
72.82184019969822,23.067152106925747,0.0,0.0,0.0,1
62.19617583975264,45.685351703238425,0.0,0.0,0.0,1
65.8779936521858,42.3515564915624,0.0,0.0,0.0,1
73.07579990698726,27.4930355010499,0.0,0.0,0.0,1
63.51198938058587,45.048421241646246,0.0,0.0,0.0,1
67.34099165728978,40.58207109215537,0.0,0.0,0.0,1
65.00408189990449,43.093509024838745,0.0,0.0,0.0,1
68.33919374530679,38.6723714081234,0.0,0.0,0.0,1
67.26604289261637,41.209635004687804,0.0,0.0,0.0,1
69.61919490370813,12.514873879691304,0.0,0.0,0.0,1
71.39668241676861,15.78569771263296,0.0,0.0,0.0,1
63.129784290561716,4.9867082996711485,0.0,0.0,0.0,1
71.87554865494566,17.272459011595725,0.0,0.0,0.0,1
72.29898723583466,19.80596814069746,0.0,0.0,0.0,1
73.16049172166598,26.88003981195111,0.0,0.0,0.0,1
62.83576995476224,5.079793491729086,0.0,0.0,0.0,1
70.54069440159368,36.46775237627252,0.0,0.0,0.0,1
59.509963417393415,3.123941824915443,0.0,0.0,0.0,1
72.44765959762167,29.920944461400996,0.0,0.0,0.0,1
67.09099197817437,9.24248265822401,0.0,0.0,0.0,1
59.91140575529316,47.051392010339306,0.0,0.0,0.0,1
69.8133154927653,12.36566929383025,0.0,0.0,0.0,1
73.30184080160589,24.081964855607072,0.0,0.0,0.0,1
71.56105799160845,34.34143793763749,0.0,0.0,0.0,1
69.66351741056789,37.28061237407659,0.0,0.0,0.0,1
72.10542773347224,30.26552079908069,0.0,0.0,0.0,1
66.54350769997974,8.0364805487942,0.0,0.0,0.0,1
69.70917834406002,12.781158628904967,0.0,0.0,0.0,1
71.68360341054131,17.320835650198593,0.0,0.0,0.0,1
72.79130537238558,30.230768981769362,0.0,0.0,0.0,1
61.634351487503345,45.94927796064712,0.0,0.0,0.0,1
63.46888510799367,45.12022782678336,0.0,0.0,0.0,1
71.34416874543508,33.79623946008685,0.0,0.0,0.0,1
61.55763264572158,46.10227798071604,0.0,0.0,0.0,1
66.92692292163274,8.669752608449626,0.0,0.0,0.0,1
69.90313767102143,12.807804919755052,0.0,0.0,0.0,1
60.95276448305494,3.7163288066100955,0.0,0.0,0.0,1
64.45615170121867,5.790473702443097,0.0,0.0,0.0,1
72.51646160306282,19.988482612155124,0.0,0.0,0.0,1
56.68556153076205,1.492708265533284,0.0,0.0,0.0,1
63.376342724924356,44.602071240144895,0.0,0.0,0.0,1
68.82818864196612,39.33470788629691,0.0,0.0,0.0,1
72.86236312095586,26.20362294836582,0.0,0.0,0.0,1
71.97753452453034,32.28670995563012,0.0,0.0,0.0,1
58.27254209259398,47.81174981112638,0.0,0.0,0.0,1
71.59748261622431,33.05746639758875,0.0,0.0,0.0,1
68.47500966754853,39.70849771913513,0.0,0.0,0.0,1
72.19220174439627,31.847867586254864,0.0,0.0,0.0,1
68.86779585698953,39.09717427722501,0.0,0.0,0.0,1
65.97570336192126,6.832724939490715,0.0,0.0,0.0,1
65.8869483818138,7.743333866486658,0.0,0.0,0.0,1
55.42492447124677,48.95545383412317,0.0,0.0,0.0,1
72.58781131331264,23.747514915450108,0.0,0.0,0.0,1
72.09118626085835,17.73633835934902,0.0,0.0,0.0,1
71.33792972494837,34.30575240137789,0.0,0.0,0.0,1
57.18158669754498,48.392093266216605,0.0,0.0,0.0,1
68.44087894639263,10.722269237250753,0.0,0.0,0.0,1
64.83668748239751,6.786881984798971,0.0,0.0,0.0,1
72.45767227773615,30.113179747065118,0.0,0.0,0.0,1
71.5011446912576,33.27138046574184,0.0,0.0,0.0,1
64.42542475301794,6.053132898745197,0.0,0.0,0.0,1
72.6570383069921,30.764915555349322,0.0,0.0,0.0,1
70.2077383596108,13.252398733277698,0.0,0.0,0.0,1
72.88314520362299,23.15898666098955,0.0,0.0,0.0,1
72.94392543050594,21.47747992655986,0.0,0.0,0.0,1
71.52543583340544,16.4426358759598,0.0,0.0,0.0,1
66.4586863140184,8.516132957635213,0.0,0.0,0.0,1
61.62645965479551,45.95910741840983,0.0,0.0,0.0,1
69.20030718644641,11.834357803998119,0.0,0.0,0.0,1
61.39129430409212,3.8098904290717543,0.0,0.0,0.0,1
69.54322986236217,12.722021784059965,0.0,0.0,0.0,1
71.65197454438561,33.417652601998135,0.0,0.0,0.0,1
61.27239513028058,46.35419804428747,0.0,0.0,0.0,1
72.81104047687334,25.29344951447303,0.0,0.0,0.0,1
70.54758492966032,14.095223287230082,0.0,0.0,0.0,1
67.24373047494011,9.18710481369887,0.0,0.0,0.0,1
69.21523285623843,12.254201634559339,0.0,0.0,0.0,1
72.87280980661916,22.382158639641396,0.0,0.0,0.0,1
51.04033527865612,49.64571449754536,0.0,0.0,0.0,1
72.64484562658176,28.43890973811313,0.0,0.0,0.0,1
72.49948105998834,29.307321339686325,0.0,0.0,0.0,1
72.59440516827154,29.295110309422906,0.0,0.0,0.0,1
68.69094217435125,38.64733477024576,0.0,0.0,0.0,1
69.70753900464511,13.01660136457862,0.0,0.0,0.0,1
71.54460583721644,32.58475781263016,0.0,0.0,0.0,1
59.06481534164219,47.19412347613713,0.0,0.0,0.0,1
70.99194398320869,35.1077887722075,0.0,0.0,0.0,1
57.4847206624295,1.8657182612644871,0.0,0.0,0.0,1
72.77988910302712,21.651578004681234,0.0,0.0,0.0,1
70.33517239535065,14.001255067149033,0.0,0.0,0.0,1
51.444631436116346,0.16649874068032014,0.0,0.0,0.0,1
72.81425207332788,19.964839590045184,0.0,0.0,0.0,1
73.15458665260707,26.191222554421287,0.0,0.0,0.0,1
67.53638223746876,40.19400297909945,0.0,0.0,0.0,1
71.42042476538467,33.96764966978509,0.0,0.0,0.0,1
72.71622058138229,23.0541432538638,0.0,0.0,0.0,1
73.3069679635082,23.059239919440536,0.0,0.0,0.0,1
72.98505890334594,25.366559253171065,0.0,0.0,0.0,1
53.717194362319496,0.29368829668355095,0.0,0.0,0.0,1
70.53656621953074,14.263543088804983,0.0,0.0,0.0,1
62.50762110958698,45.60411322304902,0.0,0.0,0.0,1
64.95048733665713,43.37611131328692,0.0,0.0,0.0,1
69.7609114079086,37.50669336827163,0.0,0.0,0.0,1
72.84086267313934,28.934369286315977,0.0,0.0,0.0,1
67.7024667964863,40.10007970688283,0.0,0.0,0.0,1
69.85394858388774,12.68250408483793,0.0,0.0,0.0,1
71.5533186969311,33.20680197532409,0.0,0.0,0.0,1
65.04414417198842,43.07987917006578,0.0,0.0,0.0,1
69.16569409332095,11.81112286242636,0.0,0.0,0.0,1
49.6669998417651,-0.006466390801892631,0.0,0.0,0.0,1
51.86980324534331,0.1573431838514659,0.0,0.0,0.0,1
72.87425782734365,21.26327212948248,0.0,0.0,0.0,1
70.47419504663563,35.69119466606262,0.0,0.0,0.0,1
72.5134131092733,20.935444701542167,0.0,0.0,0.0,1
72.98007352005806,21.656871593529775,0.0,0.0,0.0,1
72.78011605142689,22.088036553209726,0.0,0.0,0.0,1
72.3303289193353,18.760648021287587,0.0,0.0,0.0,1
50.705751013109754,49.8528053014185,0.0,0.0,0.0,1
62.334207078039256,4.784382072412578,0.0,0.0,0.0,1
73.12690664838406,21.376691171825858,0.0,0.0,0.0,1
61.2913589245096,45.83404376536643,0.0,0.0,0.0,1
72.29573833526992,19.268105520535606,0.0,0.0,0.0,1
67.71274011790025,40.57919444334835,0.0,0.0,0.0,1
71.68744681089852,31.665589191748733,0.0,0.0,0.0,1
70.04215852700936,37.167751614496616,0.0,0.0,0.0,1
70.44070648479072,15.075176566884577,0.0,0.0,0.0,1
68.61493896259184,10.068096206657843,0.0,0.0,0.0,1
65.0500617006408,7.111396614161354,0.0,0.0,0.0,1
57.4104963813852,1.8448669450136062,0.0,0.0,0.0,1
70.41974697862248,13.146812620047594,0.0,0.0,0.0,1
59.83054134439016,2.7835359452300374,0.0,0.0,0.0,1
71.02864555611154,15.14037826213357,0.0,0.0,0.0,1
66.59153092399352,8.008605699890587,0.0,0.0,0.0,1
69.56339140042334,37.45386313611835,0.0,0.0,0.0,1
59.25255063645037,2.4305717841543024,0.0,0.0,0.0,1
72.48800329964719,29.405026712493033,0.0,0.0,0.0,1
63.10770845814774,44.85353515820728,0.0,0.0,0.0,1
63.402197532461976,5.51086692097594,0.0,0.0,0.0,1
64.09958994654147,44.16543833711289,0.0,0.0,0.0,1
67.7519803575623,9.752924584892126,0.0,0.0,0.0,1
72.97088658988373,25.30750971129,0.0,0.0,0.0,1
72.78850661099372,23.125461061117832,0.0,0.0,0.0,1
69.33369259863484,11.707098284629568,0.0,0.0,0.0,1
63.70230515345389,44.387891443777576,0.0,0.0,0.0,1
70.68137464874967,15.136856585120439,0.0,0.0,0.0,1
69.17364086549335,38.33849591553951,0.0,0.0,0.0,1
68.86346847977323,11.921150198956301,0.0,0.0,0.0,1
55.46086512333972,48.96736929129684,0.0,0.0,0.0,1
73.01169660558466,27.27714101071554,0.0,0.0,0.0,1
59.471476563129784,47.379924887228455,0.0,0.0,0.0,1
67.23146067248729,40.89241098400625,0.0,0.0,0.0,1
72.22383579399902,30.821013727522054,0.0,0.0,0.0,1
71.03906388704905,15.01706384646683,0.0,0.0,0.0,1
72.47625760233957,29.05492412070963,0.0,0.0,0.0,1
70.65868404880715,14.00049184311871,0.0,0.0,0.0,1
69.78513026686198,37.34375999779638,0.0,0.0,0.0,1
66.49245033178133,42.45108215069546,0.0,0.0,0.0,1
45.742142191115285,21.553142737942007,0.0,0.0,0.0,3
48.4798500276821,26.91519368678298,0.0,0.0,0.0,3
49.81263658947004,26.11925258239133,0.0,0.0,0.0,3
44.83889088067164,23.001528220009014,0.0,0.0,0.0,3
44.22701396807373,21.691568016199867,0.0,0.0,0.0,3
45.7156746154836,23.612946030515683,0.0,0.0,0.0,3
49.75999687209248,22.42218853189358,0.0,0.0,0.0,3
44.68629021334062,23.26037879988553,0.0,0.0,0.0,3
48.190495630755976,25.153060988320036,0.0,0.0,0.0,3
46.248389595049794,28.031113761075378,0.0,0.0,0.0,3
47.41886897766966,27.87303467198268,0.0,0.0,0.0,3
50.36035526126454,27.712598446268515,0.0,0.0,0.0,3
49.533837844419544,29.043994109563467,0.0,0.0,0.0,3
49.657438934963636,22.38155643966678,0.0,0.0,0.0,3
47.919837368363105,22.072536270276625,0.0,0.0,0.0,3
44.64572499950903,25.342304217680717,0.0,0.0,0.0,3
52.044925763541,23.710428667704928,0.0,0.0,0.0,3
47.17987419921215,26.78252847944491,0.0,0.0,0.0,3
47.75116402992076,26.29999031230371,0.0,0.0,0.0,3
49.8532554201709,28.111294148180058,0.0,0.0,0.0,3
47.622045067530394,25.423907206270943,0.0,0.0,0.0,3
48.59929917823235,25.95815497710137,0.0,0.0,0.0,3
48.21720748259578,22.923602534375213,0.0,0.0,0.0,3
49.62994782855057,26.034916533657555,0.0,0.0,0.0,3
49.05404336540779,28.17550277734374,0.0,0.0,0.0,3
47.932755209496385,24.927726672004535,0.0,0.0,0.0,3
50.4332857501117,23.419453714715743,0.0,0.0,0.0,3
45.29117731988688,25.375777605134463,0.0,0.0,0.0,3
52.298577526583536,21.874142539898642,0.0,0.0,0.0,3
45.920333279792004,21.241662389072577,0.0,0.0,0.0,3
51.24624788735409,24.589121192495483,0.0,0.0,0.0,3
45.979310255008286,22.658387774805966,0.0,0.0,0.0,3
49.51807789166224,27.996606900231814,0.0,0.0,0.0,3
45.17950231022951,25.7814010913718,0.0,0.0,0.0,3
46.69801178371064,26.71374896829513,0.0,0.0,0.0,3
48.189146397016316,26.480941072215035,0.0,0.0,0.0,3
48.0685530661565,27.121240084840736,0.0,0.0,0.0,3
48.2223601728196,25.50457085645041,0.0,0.0,0.0,3
46.653263072767075,25.3569947533716,0.0,0.0,0.0,3
46.13795552113998,23.048765597081275,0.0,0.0,0.0,3
48.11600501268486,22.721162841396286,0.0,0.0,0.0,3
45.20162662119511,26.99592524472108,0.0,0.0,0.0,3
49.066017405945345,22.735018241985337,0.0,0.0,0.0,3
49.417404508088296,25.79968133917369,0.0,0.0,0.0,3
48.30682692910128,26.240088119339525,0.0,0.0,0.0,3
44.993886278499225,27.489804306176005,0.0,0.0,0.0,3
46.69783655084766,26.046571267635386,0.0,0.0,0.0,3
46.90833508074397,24.811729593507106,0.0,0.0,0.0,3
47.52376532766243,22.162284515598976,0.0,0.0,0.0,3
50.47527833461486,22.604567753350032,0.0,0.0,0.0,3
49.56425615545676,25.58345659573733,0.0,0.0,0.0,3
46.21233614841143,23.602491084478476,0.0,0.0,0.0,3
49.57761146196446,29.639810172921273,0.0,0.0,0.0,3
45.769993725773325,26.453112988666998,0.0,0.0,0.0,3
47.389407781296285,23.78213911371611,0.0,0.0,0.0,3
47.63606009612362,24.646362495128205,0.0,0.0,0.0,3
49.342195282460644,23.255718049776277,0.0,0.0,0.0,3
49.45060602286039,26.06055929431594,0.0,0.0,0.0,3
46.411938210124745,26.661872598171517,0.0,0.0,0.0,3
49.58089462689456,24.44801511716805,0.0,0.0,0.0,3
46.2896075026066,23.37474070154181,0.0,0.0,0.0,3
48.148096024103296,23.697984157924246,0.0,0.0,0.0,3
44.548912730655225,23.33731677105812,0.0,0.0,0.0,3
45.26609168064205,26.306927816799863,0.0,0.0,0.0,3
47.292945022121856,26.099620982299946,0.0,0.0,0.0,3
47.66282028859694,26.453997266323874,0.0,0.0,0.0,3
45.1614031358463,23.04120081144003,0.0,0.0,0.0,3
48.3886889199136,26.99966331153657,0.0,0.0,0.0,3
50.085170407224986,24.75487816038243,0.0,0.0,0.0,3
47.509184554385165,23.797578310050795,0.0,0.0,0.0,3
46.08439901815668,26.031731768706283,0.0,0.0,0.0,3
52.922565501580834,23.4238558670359,0.0,0.0,0.0,3
49.1721078872839,24.81250617097624,0.0,0.0,0.0,3
51.041885129109055,24.209728122756616,0.0,0.0,0.0,3
44.70061898722078,26.59098827018412,0.0,0.0,0.0,3
47.53946821768155,24.80357716423956,0.0,0.0,0.0,3
42.270892024835625,27.103086358062566,0.0,0.0,0.0,3
48.89087062069675,23.869894189080952,0.0,0.0,0.0,3
48.21860739515809,22.651225743971157,0.0,0.0,0.0,3
46.41174159584673,23.413048196828015,0.0,0.0,0.0,3
47.525510271510825,25.659932533005797,0.0,0.0,0.0,3
48.586575379326995,27.450913967664615,0.0,0.0,0.0,3
50.85484672441196,26.75946112304677,0.0,0.0,0.0,3
48.284067783426195,26.068051662702427,0.0,0.0,0.0,3
46.78167756673655,27.138767133239153,0.0,0.0,0.0,3
48.04723886147213,25.9528453762034,0.0,0.0,0.0,3
47.719565458871244,20.689667800298036,0.0,0.0,0.0,3
45.3108042578465,23.739771503396863,0.0,0.0,0.0,3
47.53458120281704,23.690234677524955,0.0,0.0,0.0,3
50.54679336425844,22.296527367622293,0.0,0.0,0.0,3
49.242856251107824,24.595947896068342,0.0,0.0,0.0,3
46.214355743530504,24.08109363204113,0.0,0.0,0.0,3
50.862164705761515,25.14226610849036,0.0,0.0,0.0,3
50.2572580420235,26.23396952925937,0.0,0.0,0.0,3
47.560472096927626,25.58009309157276,0.0,0.0,0.0,3
49.359598794031896,25.647199156369798,0.0,0.0,0.0,3
49.80247461693316,23.76712458219821,0.0,0.0,0.0,3
46.82405102804953,25.947546395814786,0.0,0.0,0.0,3
50.06615748150563,24.480928719602243,0.0,0.0,0.0,3
47.8331253179709,26.13091496291526,0.0,0.0,0.0,3
46.46091981777389,21.40849428834561,0.0,0.0,0.0,3
46.17017333658415,23.258663526238657,0.0,0.0,0.0,3
49.80289530141179,28.410942360848512,0.0,0.0,0.0,3
50.13528827310764,27.797606650789504,0.0,0.0,0.0,3
46.09257934792613,22.66360624240694,0.0,0.0,0.0,3
49.17718131012244,24.05206689504329,0.0,0.0,0.0,3
49.042713803905194,23.578202593849475,0.0,0.0,0.0,3
44.78128050025157,26.620495850108238,0.0,0.0,0.0,3
46.13755909756579,27.643051864608626,0.0,0.0,0.0,3
48.040271464841034,25.56248823341772,0.0,0.0,0.0,3
47.06328389166676,26.637617996055486,0.0,0.0,0.0,3
49.964219781522395,22.658253140284796,0.0,0.0,0.0,3
49.764599684343864,21.7139377018711,0.0,0.0,0.0,3
48.91343401988682,23.187191940188846,0.0,0.0,0.0,3
47.19379416156356,24.811669319841187,0.0,0.0,0.0,3
49.1273586273,22.157444657278333,0.0,0.0,0.0,3
46.4673471440411,24.864090123362406,0.0,0.0,0.0,3
47.99505877644546,25.38776053404297,0.0,0.0,0.0,3
46.57273077184659,24.834470812913985,0.0,0.0,0.0,3
48.58508794213452,21.10259441368966,0.0,0.0,0.0,3
49.196683158404134,22.599424486053245,0.0,0.0,0.0,3
49.26067782386655,25.425529498626396,0.0,0.0,0.0,3
49.1200177493795,24.837108063625163,0.0,0.0,0.0,3
48.85241953275882,25.157746848047196,0.0,0.0,0.0,3
46.89049867607785,26.766315348333574,0.0,0.0,0.0,3
46.575703489668115,26.22697575822377,0.0,0.0,0.0,3
49.17197154682899,27.79141047056097,0.0,0.0,0.0,3
48.43504446525992,24.48695434425171,0.0,0.0,0.0,3
51.940073078184916,26.47906612245849,0.0,0.0,0.0,3
46.40593440496711,23.799452622984447,0.0,0.0,0.0,3
49.073464526944,28.058315189263546,0.0,0.0,0.0,3
45.38545899392651,25.4614746754432,0.0,0.0,0.0,3
46.640398959673036,23.842535750704315,0.0,0.0,0.0,3
45.95266367337715,22.273640790407097,0.0,0.0,0.0,3
47.27621595391142,25.161358786092887,0.0,0.0,0.0,3
48.830491807911905,23.504710550262548,0.0,0.0,0.0,3
48.588373907254905,23.83052151558758,0.0,0.0,0.0,3
45.6972500000024,22.845799916001848,0.0,0.0,0.0,3
46.602912833941346,24.10898412865764,0.0,0.0,0.0,3
48.190838042414846,22.841616651505085,0.0,0.0,0.0,3
46.40605121853093,21.935551800518027,0.0,0.0,0.0,3
46.85805568929879,27.010641600157506,0.0,0.0,0.0,3
49.09351990700551,26.23815019788468,0.0,0.0,0.0,3
48.7265646377995,22.424571475253266,0.0,0.0,0.0,3
46.41327035472362,22.216140402546,0.0,0.0,0.0,3
48.07956745315369,23.179155379676402,0.0,0.0,0.0,3
44.57956077118757,23.70008654033116,0.0,0.0,0.0,3
47.4145267402516,24.59325030717666,0.0,0.0,0.0,3
49.46648533450131,25.820601616637155,0.0,0.0,0.0,3
47.26326874131765,23.28424711251375,0.0,0.0,0.0,3
48.88819311812917,24.83320066575505,0.0,0.0,0.0,3
49.283210219631776,28.733481553269574,0.0,0.0,0.0,3
47.13398952685734,25.28910967397285,0.0,0.0,0.0,3
48.00046621818483,25.713256309132642,0.0,0.0,0.0,3
47.62370754804537,26.751695182925047,0.0,0.0,0.0,3
44.04608473537659,29.26429294554589,0.0,0.0,0.0,3
48.40998431882739,26.3255674306092,0.0,0.0,0.0,3
49.44253603273527,23.836792341240294,0.0,0.0,0.0,3
49.76808257470028,23.37823761980918,0.0,0.0,0.0,3
51.77241325205817,26.497131709841614,0.0,0.0,0.0,3
51.99484177799672,21.141978170246375,0.0,0.0,0.0,3
49.688909257270446,25.939400627022632,0.0,0.0,0.0,3
46.348972695442896,22.239381170850415,0.0,0.0,0.0,3
49.84867553239867,21.189488248500897,0.0,0.0,0.0,3
43.73440262011885,24.890446043847337,0.0,0.0,0.0,3
47.06793608933548,19.981503774713868,0.0,0.0,0.0,3
47.80669166292771,20.267525031822423,0.0,0.0,0.0,3
49.97589440282867,27.43106403797482,0.0,0.0,0.0,3
50.65942884290991,24.001001316254577,0.0,0.0,0.0,3
44.34718047468307,22.73793205076928,0.0,0.0,0.0,3
50.676226198506555,22.005611724309414,0.0,0.0,0.0,3
48.72969357716017,26.6277673015078,0.0,0.0,0.0,3
50.20346860673945,25.66879769325727,0.0,0.0,0.0,3
46.77314093924212,24.09352462829109,0.0,0.0,0.0,3
48.174155420404624,28.354361292151033,0.0,0.0,0.0,3
49.82236406615407,29.32678155747352,0.0,0.0,0.0,3
50.436084480063485,25.597239233097962,0.0,0.0,0.0,3
47.11314441126084,24.098061113926278,0.0,0.0,0.0,3
47.591405864112836,23.791299767884475,0.0,0.0,0.0,3
49.88370251284553,30.76930776763509,0.0,0.0,0.0,3
48.40708736457409,23.699537758700806,0.0,0.0,0.0,3
45.51347862490206,25.486375185772935,0.0,0.0,0.0,3
48.81176651760786,26.488816583232126,0.0,0.0,0.0,3
44.570770503271355,26.23555690314989,0.0,0.0,0.0,3
51.647400671860254,24.994044503832303,0.0,0.0,0.0,3
49.19664687638445,21.801156991722554,0.0,0.0,0.0,3
48.4213288214499,23.87974577293009,0.0,0.0,0.0,3
46.5716930699055,27.286847161681337,0.0,0.0,0.0,3
47.553260208735125,25.303162737820706,0.0,0.0,0.0,3
47.56946381835399,25.91460312931925,0.0,0.0,0.0,3
47.113620683262496,23.04247289482202,0.0,0.0,0.0,3
50.0683636657065,26.84954669232789,0.0,0.0,0.0,3
47.42471861545931,25.397837759021705,0.0,0.0,0.0,3
47.465256454628445,27.15650339118477,0.0,0.0,0.0,3
49.1549900342224,28.125275763113933,0.0,0.0,0.0,3
44.82806089206197,27.03310281394141,0.0,0.0,0.0,3
50.79201174395948,21.27932042664262,0.0,0.0,0.0,3
49.73509221683061,23.29409849477934,0.0,0.0,0.0,3
47.17648480098361,23.222014081373338,0.0,0.0,0.0,3
49.20040120071123,23.15872182694729,0.0,0.0,0.0,3
47.81681343559093,24.61056059050278,0.0,0.0,0.0,3
47.86767582939483,22.656406977263263,0.0,0.0,0.0,3
47.102351251822206,24.95837497256776,0.0,0.0,0.0,3
48.84764106645946,31.992100876041444,0.0,0.0,0.0,3
50.01159352666019,24.197444216065833,0.0,0.0,0.0,3
49.96235051070691,24.424130510204563,0.0,0.0,0.0,3
51.88227614188909,25.319304057845226,0.0,0.0,0.0,3
50.24285544560628,24.91553061773038,0.0,0.0,0.0,3
48.553634085454284,26.472406090474205,0.0,0.0,0.0,3
49.20245039513408,25.394600036228812,0.0,0.0,0.0,3
49.49488277579479,23.855424387245804,0.0,0.0,0.0,3
45.40564500543404,27.971039557724545,0.0,0.0,0.0,3
50.65434523071461,27.405141964993724,0.0,0.0,0.0,3
48.13796782273178,24.86998306140298,0.0,0.0,0.0,3
43.73922564322175,22.982561306968698,0.0,0.0,0.0,3
49.82355423687608,24.385329464847917,0.0,0.0,0.0,3
48.44085352100591,25.516401185944833,0.0,0.0,0.0,3
50.42049692181175,24.0308867648451,0.0,0.0,0.0,3
48.88467551582781,23.138049872114696,0.0,0.0,0.0,3
50.27759421233886,29.945763278859204,0.0,0.0,0.0,3
44.36954685435138,24.994806785149372,0.0,0.0,0.0,3
45.97427909354759,23.62704489292678,0.0,0.0,0.0,3
46.402895289799,21.935261324494295,0.0,0.0,0.0,3
45.692916188965434,26.28742431766085,0.0,0.0,0.0,3
48.16579116393077,22.36120133407989,0.0,0.0,0.0,3
47.34011952745288,22.999628312363445,0.0,0.0,0.0,3
44.159971007933564,23.23218779074953,0.0,0.0,0.0,3
49.07371221506074,25.669145092489217,0.0,0.0,0.0,3
45.98974257005819,23.606595425452955,0.0,0.0,0.0,3
47.68849864412754,24.516822377844854,0.0,0.0,0.0,3
48.122269740554884,24.70627628303279,0.0,0.0,0.0,3
48.66087110490422,27.00665135511846,0.0,0.0,0.0,3
46.72994526558416,24.58834145257056,0.0,0.0,0.0,3
48.045494041731715,25.334668070160916,0.0,0.0,0.0,3
49.03283404649745,22.29764690001172,0.0,0.0,0.0,3
47.719006401139175,23.056224558171962,0.0,0.0,0.0,3
48.33405252709923,29.526699199308336,0.0,0.0,0.0,3
45.429183728912925,27.14074589160734,0.0,0.0,0.0,3
46.89635558133068,26.80724506942778,0.0,0.0,0.0,3
51.5678277111738,25.751570119732087,0.0,0.0,0.0,3
47.225602257612046,25.703605032793394,0.0,0.0,0.0,3
46.28810209312921,23.97442684081824,0.0,0.0,0.0,3
49.46533600281279,24.315873014495534,0.0,0.0,0.0,3
48.008096293657786,25.51567248001808,0.0,0.0,0.0,3
49.34745982404964,21.325903253192994,0.0,0.0,0.0,3
49.19162499615499,26.870434218379476,0.0,0.0,0.0,3
45.522780625157935,25.27302908235466,0.0,0.0,0.0,3
46.31931030444054,21.348211150841603,0.0,0.0,0.0,3
48.44676007446433,27.494991160443373,0.0,0.0,0.0,3
48.632852986523716,25.914714988050967,0.0,0.0,0.0,3
46.43971781195805,27.993123293891337,0.0,0.0,0.0,3
48.23883050951718,22.965631957371794,0.0,0.0,0.0,3
48.074125304266076,22.702377645870914,0.0,0.0,0.0,3
48.968099841449764,27.320611723002084,0.0,0.0,0.0,3
49.86223388312032,26.069503582201715,0.0,0.0,0.0,3
48.281303326574836,25.125361208155518,0.0,0.0,0.0,3
47.040204058157705,25.666931033811878,0.0,0.0,0.0,3
44.21332536927442,26.187008150168186,0.0,0.0,0.0,3
51.391635331291475,22.371871459152487,0.0,0.0,0.0,3
49.150588748624706,26.32542334232494,0.0,0.0,0.0,3
47.698258669277784,22.51772536496014,0.0,0.0,0.0,3
44.832578986506434,25.27327120659892,0.0,0.0,0.0,3
49.607276757278065,23.110490689321544,0.0,0.0,0.0,3
48.876833862130916,21.366124834788064,0.0,0.0,0.0,3
45.70606999427224,20.14782340284622,0.0,0.0,0.0,3
45.532975733956214,23.36585576282232,0.0,0.0,0.0,3
46.03293641344358,25.99240980071717,0.0,0.0,0.0,3
45.64575637468944,21.325187401797123,0.0,0.0,0.0,3
48.629951057374505,26.668814050216273,0.0,0.0,0.0,3
49.85572499080792,22.99209210937394,0.0,0.0,0.0,3
49.878434151739164,25.690173656924458,0.0,0.0,0.0,3
47.812246969801606,23.43875216044351,0.0,0.0,0.0,3
48.71413862965239,19.848324430090265,0.0,0.0,0.0,3
46.63418968601182,22.39239003156868,0.0,0.0,0.0,3
48.537960621443965,21.93877392247953,0.0,0.0,0.0,3
49.90128025865762,27.093730262171896,0.0,0.0,0.0,3
48.04343963307973,25.03859240715942,0.0,0.0,0.0,3
46.161485325475304,25.674528738889723,0.0,0.0,0.0,3
45.97559840611223,26.38787274912531,0.0,0.0,0.0,3
48.59784187641531,21.008757819543902,0.0,0.0,0.0,3
47.12012592444639,24.748818655550917,0.0,0.0,0.0,3
45.56806749466731,21.32933868900368,0.0,0.0,0.0,3
46.56021732503332,25.24366932783682,0.0,0.0,0.0,3
49.167328824696014,25.539042052964877,0.0,0.0,0.0,3
46.42564230704391,22.68544170451029,0.0,0.0,0.0,3
45.164468369621254,21.08278057456894,0.0,0.0,0.0,3
47.43013669952722,21.634433073802352,0.0,0.0,0.0,3
44.32412887577873,25.321339456866685,0.0,0.0,0.0,3
45.78988296421436,26.038901612455017,0.0,0.0,0.0,3
43.00663360422232,26.26501739061329,0.0,0.0,0.0,3
52.028744434906045,27.174385639288403,0.0,0.0,0.0,3
47.8643786507764,22.448010854915015,0.0,0.0,0.0,3
48.84987984563746,21.94120964805297,0.0,0.0,0.0,3
49.655770271616376,21.70797183557694,0.0,0.0,0.0,3
46.11471008270806,28.564898890463176,0.0,0.0,0.0,3
47.1356158273055,29.983694887278794,0.0,0.0,0.0,3
48.21804458778319,24.86060059919896,0.0,0.0,0.0,3
46.21280087653206,26.5209737310945,0.0,0.0,0.0,3
45.264580311379774,27.30782262398033,0.0,0.0,0.0,3
46.51407927902154,24.869179674422316,0.0,0.0,0.0,3
48.9103620766936,29.385915297783026,0.0,0.0,0.0,3
46.68974274731094,22.90203664764657,0.0,0.0,0.0,3
47.977389254888756,26.23263275370406,0.0,0.0,0.0,3
51.21986690605089,25.903144325624947,0.0,0.0,0.0,3
47.084083140042615,23.900674061093472,0.0,0.0,0.0,3
48.76486325660681,24.226038032789422,0.0,0.0,0.0,3
47.9825119916258,26.819353125741518,0.0,0.0,0.0,3
48.48872177317721,21.633794772931026,0.0,0.0,0.0,3
46.17661157478912,26.200814585384727,0.0,0.0,0.0,3
46.186379932440616,23.298301789423046,0.0,0.0,0.0,3
50.13948066070524,23.8077160198402,0.0,0.0,0.0,3
42.80062669826717,20.642336908142394,0.0,0.0,0.0,3
45.19574657312564,25.35890052431058,0.0,0.0,0.0,3
48.11038118196906,23.193822827113618,0.0,0.0,0.0,3
48.16844868608595,23.79499156646124,0.0,0.0,0.0,3
47.23683519917104,28.597135122095438,0.0,0.0,0.0,3
49.92126937912926,24.87436755078581,0.0,0.0,0.0,3
49.159867543289266,21.709641450365638,0.0,0.0,0.0,3
49.041283618746824,27.72184767983231,0.0,0.0,0.0,3
47.34530334252959,28.71541814100643,0.0,0.0,0.0,3
47.678060305161,20.548869622889974,0.0,0.0,0.0,3
50.45610913382695,25.51233697224881,0.0,0.0,0.0,3
48.628196325866945,29.46786553229243,0.0,0.0,0.0,3
48.32481871474812,23.955354559448462,0.0,0.0,0.0,3
51.24707534628289,25.247052558143537,0.0,0.0,0.0,3
45.97528754528662,26.16171677784621,0.0,0.0,0.0,3
50.270333596015924,21.140608493276158,0.0,0.0,0.0,3
45.70045117119605,27.519660617645496,0.0,0.0,0.0,3
48.451592939920154,23.883628418746817,0.0,0.0,0.0,3
47.96076816042754,28.8318478409717,0.0,0.0,0.0,3
46.973173848305436,25.237407458948972,0.0,0.0,0.0,3
48.59448510645187,25.658399355310458,0.0,0.0,0.0,3
44.7334797025096,25.504759017469816,0.0,0.0,0.0,3
50.107439834882676,22.128850389765486,0.0,0.0,0.0,3
46.464773427976986,25.318654155179757,0.0,0.0,0.0,3
50.80115336095578,22.869670319191787,0.0,0.0,0.0,3
47.39634274145125,25.185048155119695,0.0,0.0,0.0,3
49.27020475927499,24.04366291595908,0.0,0.0,0.0,3
51.315659337264506,26.400795119309777,0.0,0.0,0.0,3
45.016392614019765,25.432516609580613,0.0,0.0,0.0,3
47.27331093424644,25.904100682407652,0.0,0.0,0.0,3
43.23564955287494,22.261254340220685,0.0,0.0,0.0,3
50.41567190816043,27.047201306373275,0.0,0.0,0.0,3
47.79008370188098,26.095450637667696,0.0,0.0,0.0,3
45.54191839118296,27.06961657260639,0.0,0.0,0.0,3
46.81960831046079,22.38486402708819,0.0,0.0,0.0,3
47.109039164354456,27.31824419756306,0.0,0.0,0.0,3
50.15580580029807,24.07782742586609,0.0,0.0,0.0,3
45.06397483254107,25.41480987615607,0.0,0.0,0.0,3
47.81433261740087,26.884616794670478,0.0,0.0,0.0,3
48.63544307162547,22.54022122212084,0.0,0.0,0.0,3
49.292220170816044,25.799461653677284,0.0,0.0,0.0,3
47.182382930599005,28.659494460877035,0.0,0.0,0.0,3
48.68225467264096,26.207844228844188,0.0,0.0,0.0,3
49.036129281456354,27.109044612120183,0.0,0.0,0.0,3
48.10095898870953,21.216495505247547,0.0,0.0,0.0,3
46.816844975043345,27.62051924150944,0.0,0.0,0.0,3
44.82522256926228,26.89261304842829,0.0,0.0,0.0,3
45.876060803574575,25.881965139072868,0.0,0.0,0.0,3
46.71859962063171,23.98394698460135,0.0,0.0,0.0,3
46.03581467018736,24.73036353505872,0.0,0.0,0.0,3
49.83078919077492,21.892869736736095,0.0,0.0,0.0,3
53.68863297564557,24.355099386242056,0.0,0.0,0.0,3
48.49191700688505,22.990391928712356,0.0,0.0,0.0,3
45.58508031556864,25.46590287852747,0.0,0.0,0.0,3
50.031593308568674,26.619836876743232,0.0,0.0,0.0,3
50.40284417689244,27.575463069420632,0.0,0.0,0.0,3
49.85671951873538,28.83869315175938,0.0,0.0,0.0,3
49.6044318117756,25.73211159393286,0.0,0.0,0.0,3
49.78445838670315,21.5709134586454,0.0,0.0,0.0,3
47.98812847408024,24.392450711931424,0.0,0.0,0.0,3
47.726247840979354,23.0015512041378,0.0,0.0,0.0,3
49.2055879858191,20.093609801761275,0.0,0.0,0.0,3
49.90441984215653,29.56076298220777,0.0,0.0,0.0,3
47.08236154741592,19.96584774341619,0.0,0.0,0.0,3
46.33353410824203,25.370517573507954,0.0,0.0,0.0,3
46.92974153613367,28.58661611222141,0.0,0.0,0.0,3
44.95190407366368,25.699329051617237,0.0,0.0,0.0,3
48.74198944328912,26.42736507368406,0.0,0.0,0.0,3
47.12083439075143,24.151422439709172,0.0,0.0,0.0,3
46.030521961993266,22.885462645142987,0.0,0.0,0.0,3
47.00756530039715,28.221957924582707,0.0,0.0,0.0,3
47.72344420902045,25.305557096144923,0.0,0.0,0.0,3
47.08770775953831,21.116450213155808,0.0,0.0,0.0,3
47.01250755558487,22.63889617904093,0.0,0.0,0.0,3
47.7598675315084,25.633007528827633,0.0,0.0,0.0,3
47.701092420902114,26.487035563954525,0.0,0.0,0.0,3
46.76782558304629,21.0362366914204,0.0,0.0,0.0,3
51.60172114896835,25.295930657844067,0.0,0.0,0.0,3
47.322181885379784,26.223300642131715,0.0,0.0,0.0,3
43.976519058664344,25.48842135489196,0.0,0.0,0.0,3
45.259829101795994,25.542090106434404,0.0,0.0,0.0,3
48.448543050540884,26.768406917496094,0.0,0.0,0.0,3
45.75625999370538,23.60485702330481,0.0,0.0,0.0,3
47.99475158813034,26.722436710677023,0.0,0.0,0.0,3
47.16365920946383,22.985547724056588,0.0,0.0,0.0,3
48.801036866473524,26.650826152404015,0.0,0.0,0.0,3
48.230808858368185,27.289224660408113,0.0,0.0,0.0,3
47.858732913816404,25.803528273060497,0.0,0.0,0.0,3
48.08094317011216,22.69668923716326,0.0,0.0,0.0,3
44.83732034971798,23.753326406120763,0.0,0.0,0.0,3
46.6665421253201,27.317531721439444,0.0,0.0,0.0,3
46.79692881923759,24.27525292589796,0.0,0.0,0.0,3
47.037286526766586,27.6964888909142,0.0,0.0,0.0,3
44.8908424128965,24.543840726366263,0.0,0.0,0.0,3
46.57723695578285,25.722534828880335,0.0,0.0,0.0,3
44.552404795497104,25.615186740392843,0.0,0.0,0.0,3
48.248882450910216,26.398741086493004,0.0,0.0,0.0,3
48.44116913118217,24.23011995034893,0.0,0.0,0.0,3
49.20374201630184,22.7500276644844,0.0,0.0,0.0,3
48.34143818734083,27.575438515199636,0.0,0.0,0.0,3
51.08755966460409,25.53850056436462,0.0,0.0,0.0,3
50.065617365433134,24.33425887237461,0.0,0.0,0.0,3
46.56442031034375,25.517266929061964,0.0,0.0,0.0,3
45.2842706499062,24.968135366324827,0.0,0.0,0.0,3
48.86565935069085,23.144943457041645,0.0,0.0,0.0,3
51.430544486061116,25.896674488466203,0.0,0.0,0.0,3
47.11396011667836,24.149051668460242,0.0,0.0,0.0,3
47.57489104884342,27.343094651595642,0.0,0.0,0.0,3
47.08104873951172,27.757677207606385,0.0,0.0,0.0,3
47.679481642728135,25.28337774917481,0.0,0.0,0.0,3
49.25311112136901,26.01490274557974,0.0,0.0,0.0,3
47.5560583890971,27.47801578894025,0.0,0.0,0.0,3
47.411734790164175,23.452026186580532,0.0,0.0,0.0,3
46.71680566506568,22.85070227709583,0.0,0.0,0.0,3
49.038815228720324,25.91513185042898,0.0,0.0,0.0,3
45.357340700356204,23.750581032175784,0.0,0.0,0.0,3
47.8668067699529,24.038526237144648,0.0,0.0,0.0,3
49.00315969271023,24.88869846218075,0.0,0.0,0.0,3
47.65399818349187,23.829751874354102,0.0,0.0,0.0,3
48.819993224301285,26.993473156074398,0.0,0.0,0.0,3
47.815037063495396,26.07919262872597,0.0,0.0,0.0,3
45.691888104243844,24.092859352054447,0.0,0.0,0.0,3
47.27586116333263,24.935697268789376,0.0,0.0,0.0,3
45.169222125958726,28.243690461773788,0.0,0.0,0.0,3
49.07849938295764,21.225521413217756,0.0,0.0,0.0,3
48.3850661444624,27.03133666293876,0.0,0.0,0.0,3
48.98247210303538,23.42615644716394,0.0,0.0,0.0,3
48.42823418649244,23.511947011400096,0.0,0.0,0.0,3
46.880740179728306,27.02724411366016,0.0,0.0,0.0,3
46.9418974205728,28.348314419411977,0.0,0.0,0.0,3
53.26703540863139,24.69673306441288,0.0,0.0,0.0,3
50.42068863026283,21.87866984130262,0.0,0.0,0.0,3
47.324776264576045,21.051386063649662,0.0,0.0,0.0,3
50.591696454715375,23.168089268637765,0.0,0.0,0.0,3
51.83979824603703,25.164284292265712,0.0,0.0,0.0,3
44.626670529592154,27.808554523921945,0.0,0.0,0.0,3
48.47063075167995,24.978159583903174,0.0,0.0,0.0,3
47.88206964559654,23.45105944002124,0.0,0.0,0.0,3
43.01509414285219,25.544717656540936,0.0,0.0,0.0,3
48.5437667274999,25.48228527775426,0.0,0.0,0.0,3
48.79208788697861,28.060813247037718,0.0,0.0,0.0,3
49.24810774522808,24.447716854720987,0.0,0.0,0.0,3
48.096505229638105,23.64710471011131,0.0,0.0,0.0,3
47.52176759959903,28.760715387043444,0.0,0.0,0.0,3
50.275490431534706,20.65427040084513,0.0,0.0,0.0,3
45.81236855701101,27.220473742940033,0.0,0.0,0.0,3
46.660414869007774,20.973715398694132,0.0,0.0,0.0,3
49.49137001727573,25.342413223845146,0.0,0.0,0.0,3
49.000145172237495,24.306076094691864,0.0,0.0,0.0,3
47.90680810684085,23.515045104358098,0.0,0.0,0.0,3
48.35835621373497,23.775654203368227,0.0,0.0,0.0,3
45.168218572947126,21.974097756401182,0.0,0.0,0.0,3
47.379672415608354,25.930411486673602,0.0,0.0,0.0,3
49.09733373818048,25.43085195915742,0.0,0.0,0.0,3
47.86554830515767,25.83880165045251,0.0,0.0,0.0,3
47.955474893719156,25.600170012151413,0.0,0.0,0.0,3
45.88712327608538,24.173620678296427,0.0,0.0,0.0,3
48.435217434769264,25.86988219712448,0.0,0.0,0.0,3
47.98913514500699,25.488187453279963,0.0,0.0,0.0,3
49.75476777775015,23.93919775381985,0.0,0.0,0.0,3
48.52422608038044,24.776803474696763,0.0,0.0,0.0,3
48.113072051724245,21.785151786303906,0.0,0.0,0.0,3
48.99957176617089,23.429113256205977,0.0,0.0,0.0,3
50.36144503154003,28.818416812888373,0.0,0.0,0.0,3
51.25295324258543,23.70610790817113,0.0,0.0,0.0,3
51.230096554377184,26.59771221450889,0.0,0.0,0.0,3
45.5754473746065,23.5330479686831,0.0,0.0,0.0,3
47.96500259725282,26.64923617030594,0.0,0.0,0.0,3
47.75008561942401,26.71242433489741,0.0,0.0,0.0,3
46.96571344547138,26.695566052736954,0.0,0.0,0.0,3
48.7933980045803,22.655181363355133,0.0,0.0,0.0,3
46.012443214890524,24.182731998176315,0.0,0.0,0.0,3
48.21324078943785,21.347651369085867,0.0,0.0,0.0,3
46.89732188680806,24.302790999503692,0.0,0.0,0.0,3
51.42546083952656,25.054996578233663,0.0,0.0,0.0,3
48.08005797924033,24.50701681574136,0.0,0.0,0.0,3
50.609265350295836,23.017662487911576,0.0,0.0,0.0,3
47.11447861234917,24.339255460852858,0.0,0.0,0.0,3
46.01023191559225,32.88061531883799,0.0,0.0,0.0,3
46.293812020181186,24.150721977695003,0.0,0.0,0.0,3
44.85782756888989,25.26105679578014,0.0,0.0,0.0,3
49.99298473003131,25.56796263528167,0.0,0.0,0.0,3
46.066802872103274,22.26554733096018,0.0,0.0,0.0,3
49.49770161114794,25.983150884324072,0.0,0.0,0.0,3
48.10540889750427,22.772026692481944,0.0,0.0,0.0,3
46.33982257350127,27.659720946161567,0.0,0.0,0.0,3
47.614327785926086,25.382549297415686,0.0,0.0,0.0,3
50.62295181660304,22.415203240463455,0.0,0.0,0.0,3
45.589589041245475,23.026398555024585,0.0,0.0,0.0,3
