2.5041987363832447,17.89305674159986,3.839528424669888,-2.7419064615795374,4.951834466332022,1
19.371186161664674,10.265014242944808,1.8174232588811738,-2.3883121371685854,-0.18871047162011112,1
17.894984985603262,12.018426188804455,3.6941678700433607,3.541426312303055,3.0437489360224745,1
16.775273808470185,17.72975066904921,5.519248728065851,-1.1362053807533408,-6.129704786729377,1
12.123425690498394,11.585171712599823,-8.088005973128235,-7.5341604268359195,-3.0656889873699926,1
16.365318107375757,19.70088718945254,2.2393073009972415,1.2716285717995433,-3.067319237919909,1
13.886408275210497,13.860842972475242,-1.447441487211608,4.225394987219263,-1.1255277218036985,1
24.801974666775035,22.072815694411197,-4.999482495565926,5.922178364490463,2.688024931199126,1
22.787530611627048,11.989860177059704,5.805657670154471,7.113397210792522,-0.7443886047242454,1
12.601361073085044,11.986296104746351,8.139112501858008,-1.1222798567116676,9.419756283821746,1
14.30087805271948,13.032199023545846,1.543826479500717,-5.4077035259630275,3.6347155594257816,1
24.757314541135003,9.513497229589555,2.009824026951279,7.559411911719105,2.6031640800516733,1
14.786271504967836,10.56135017376936,-0.42884947595358414,1.847769794650058,-1.4619591395924538,1
13.382485011246342,12.529658902234758,-1.6796831267594055,-2.457746773886906,9.124808322961051,1
20.341798473544625,14.064908955553168,-4.406616998697837,2.005973435994723,12.429738182941062,1
15.272020282047007,12.749229345873424,-0.3134266385000637,2.6140084475321435,8.13144653428342,1
17.409365203456286,15.094139062927068,-1.7414046502350113,3.3673390381763033,2.08074431404972,1
12.531013630551335,15.027244423068314,3.007440500466539,-7.091048116979868,6.61029306780933,1
13.48830989708209,21.902648642516567,5.809649554492254,0.6690703900698838,0.5143873196814863,1
19.421416838761324,14.728500874694259,1.7714227160430625,-6.165649828394386,5.049490457833168,1
16.235055004759666,10.591952504104423,3.2220401912210566,3.48482356958583,-0.7063595101726394,1
11.164481258499613,13.744911467951876,4.950360628100236,-1.0786573910899326,7.618129740567507,1
19.589194757714488,14.363532051815806,3.2569152418877976,6.676700752751382,2.8511044515151713,1
15.179141744615086,9.72489817281339,4.042121238276248,1.464477193756635,-3.676174580443365,1
11.865998803063187,12.472968847334595,-0.8678455385223689,-12.321097722943904,4.610425628451354,1
7.498759658845313,13.829377416390203,3.2586960934264546,2.1492657818389658,-5.066140207072407,1
22.861497554828148,12.502927118977796,-13.775079071487871,0.8007746685779119,1.3668201688979364,1
8.94189347016898,14.95063432077137,3.9975538844625698,-0.12937412507873125,5.281633974639313,1
18.73358914054243,12.50002494768601,-4.8560763363532145,3.578167037766019,-6.991952214501369,1
18.642710154435015,22.22207901096243,0.1984348011033661,6.704838301221473,-1.890097798841471,1
9.82394290230257,10.17734438809597,6.452249720051662,-0.33788799334475184,4.300185952984618,1
16.875306200767092,13.006412642354588,-3.982690306543497,2.6626816148691574,7.704905986947388,1
12.851793332722341,8.752125231421928,2.3233341457792167,-0.8945010939141118,4.546979924054808,1
6.973168138697211,10.493392236433692,-1.2963387231943893,5.289462929982783,4.629843061716771,1
19.40954543780701,24.156486886152017,-2.8440854081344007,5.143561034301411,2.293623794007921,1
16.04844406194112,20.72249989757274,0.6790992101552117,2.402258722079087,3.9655110003265763,1
9.13027291832016,14.45311424517194,-6.088233328759538,-4.795808873710654,5.878652496752894,1
11.080671303219933,12.881501868072377,-0.8566157271361803,11.03569523227929,4.351634462142174,1
17.709682928868695,14.100127286234072,-2.1819655753166707,2.5122343666367604,2.4480182986725483,1
21.43947157173547,16.987184491654777,-1.8664779593672263,3.3008538810237726,0.8909706511753523,1
18.329161927105574,20.497505900266244,2.9567954486834918,4.531740390497202,7.630170900139189,1
14.585965625271104,12.163949217796713,5.400948102989852,2.0257370680983087,-5.552466179493885,1
14.495813615568999,17.369881750508547,2.775268330073723,0.6129179801033386,6.368455039351156,1
8.341686577755372,23.72011406216778,3.2231356317514983,-0.6839105992851069,3.5319850970840396,1
7.282230251286914,14.180021139348696,-0.984415306766294,5.859723503611818,-10.30730896730322,1
12.384934918731723,1.9544474986613345,0.21513239507185322,8.716887862324008,-4.801860729388972,1
8.746969310627549,24.02227603238839,5.143288347326955,-0.5530280015040023,5.333756218094757,1
18.873436326547345,22.88842871594673,-1.2477406435853902,5.332362846439725,2.0724966022799203,1
15.055057946228457,13.203345407298428,-5.458095313845584,-4.07718310563691,4.745743595154395,1
14.634719227749413,17.47868938194495,1.9955179273404313,5.409716469015344,-2.157304562233864,1
15.96746651421185,12.504134900016453,1.469809201514514,-7.983976665277696,-4.194580619620161,1
13.764992632297155,15.353415939957689,-7.428423618497181,-6.8750992007571,7.169040045505241,1
12.803793892809864,16.095944355894655,5.18536678089702,-7.564428253912219,9.52666925364536,1
11.332689428579032,19.785430093190623,1.5561688255518464,7.0130522602758365,-8.11429744880898,1
12.504203504529553,8.044119437644099,0.3350184065139985,-4.922760133622809,-4.1656487194855245,1
14.0565959341921,8.04518524329427,3.8339111323119375,2.454821565441982,1.3430836943806468,1
6.352248413384764,20.560765822300183,2.480694016684551,0.022486339334985006,1.1824601887552386,1
15.113699812240762,25.134390264340368,1.5128409378236705,-6.706399264739874,-7.816046182762333,1
7.523425716936344,7.633146247179142,-2.7761532924122694,7.7074229394202165,-11.00195520192629,1
16.963261787766005,16.316235749262006,6.073850851973004,0.9120828957128349,6.319855815904582,1
13.674499720850093,14.051432047453979,2.484475146967581,5.099458747058778,0.9513076606051918,1
16.074595230446636,14.734571170795926,4.192364843944304,5.56363687518759,3.3336542161547023,1
5.338746271986892,16.48256510647214,-4.070809984666205,-5.5405653462162245,4.242563143269091,1
13.379333287808501,13.439563200593366,5.118728047514806,0.5980586813664619,-3.9621744044222655,1
19.25971348870344,18.647693396246087,-1.3321102213117015,9.307620101379973,13.094641214686014,1
16.473806510979326,15.236536065638962,-0.43613757584035073,-1.9805351319015436,4.262339648217215,1
8.930073761744191,9.3646685325439,5.689530645741184,2.2637416289741017,-2.4003115025337975,1
19.108553814497725,9.601587662358776,-4.315494647873674,8.03699545649689,-5.5922869245468005,1
10.688820093971646,17.035232179781726,-3.082169471185213,5.584294972891099,-7.677286762158616,1
17.158855690103163,21.99293111581426,1.2171305071751448,-0.8932332012734183,4.64420989817247,1
15.834527885575014,10.46353546615735,-1.7654956252905984,1.3276074402428075,7.233709484343755,1
22.542578975008688,13.489994724896459,-3.1354655078386378,-2.641195667752478,-2.225519889656971,1
10.467884845537126,13.521848759835269,0.7655274075125564,-2.496498804540073,5.923232114594066,1
9.40551710009505,18.621448538548005,1.2410551939742764,-5.766745749653777,2.368127470070438,1
18.392763148423654,13.94384392082052,16.092853663157477,-6.05413238464849,5.545384213941722,1
2.3576868849684764,13.396845906358852,-1.050504003049522,-2.7509347203834142,-9.604084234928184,1
25.08561475650396,15.35539694865343,8.93534573532859,6.737052799311804,6.1434206142326815,1
17.577969787076213,27.751280297264323,5.925570915778153,4.510352612122761,2.0686151802883,1
10.208974313156673,7.377544319316875,6.010219615216914,15.296462636333933,1.5192653185044256,1
17.047674697430942,8.926304706299131,-15.72449921383517,1.3338989773834777,7.3302969262111315,1
10.094914595328444,13.381641399876383,-5.099975486944236,-2.5741921930725513,4.192022135198744,1
1.9273248913340968,24.590391054442474,5.0348330698268455,-4.525887897551946,-2.193279457119899,1
13.82942505824683,13.820327962554114,-1.613915068476226,3.313301214634367,2.2217971826694414,1
11.088875039631985,9.430362856353483,3.5617860109147417,-8.038950987394195,6.048038103500307,1
20.493983577375545,22.43013397025706,7.441908220389969,11.488692739827812,2.3171675652145556,1
10.580060323356786,19.934690632533737,0.9207718619257874,0.6430703787894643,2.213573876928705,1
9.97369282688166,11.649062708426552,-2.1796763541961215,3.994213177043423,2.4030752108430162,1
13.777476896483385,15.210310447906952,-3.201888469955251,2.7153933659798533,-1.2077418947285556,1
2.9913704733610658,6.962072233962633,-2.139449611070308,-7.07401799419887,5.629804882569122,1
12.313666970985643,14.273657668173998,-1.5872841036602319,-1.6977214695158103,12.624277467366419,1
7.7330959046501135,30.49294380497596,3.5914940034690694,0.25145061117090717,6.754801387408839,1
16.190461134227206,20.412713550967908,3.034888684098876,0.6844331538566698,-2.962366186306024,1
7.721456718964785,7.543361930765596,4.583624029740237,-5.845874558370513,1.0898748526836208,1
14.225165902611826,15.692833068553757,-1.9063697334541283,4.367474774456136,-1.416115836849631,1
15.206867854120153,11.01798964227413,-0.11431429835863716,-3.294852823586022,3.9960740967696453,1
9.684607994165178,16.60166661699502,-3.8422323089436965,7.2688102842602,1.471857976506387,1
5.987219540016117,18.455803303264243,13.515932995551413,-0.5161205528072048,-0.9758496963174601,1
12.166490626152097,14.253563639159932,0.5091012433884313,1.80709983166164,6.756592186664849,1
14.42265227168137,10.39144619157336,2.1360989637884913,-2.9784625301472953,8.727417059343805,1
18.925303005832752,16.24203940420031,-2.174469139634583,2.02020184479273,8.619470606194584,1
17.334105248788507,13.550196909923564,5.210892406510067,-10.313064525113122,2.466181264304857,1
21.356498603274833,12.902485229185954,9.524111168303198,2.0556951535113632,1.1674357436021356,1
14.430159856324108,14.350494262053248,6.9562351500358215,2.753999631432733,-0.5524868409456407,1
29.553671124523667,11.111841240467125,0.4512877082549738,7.510202892409225,4.565807177135246,1
13.161151060990894,20.304432710213103,2.0645348275763054,-2.951087206974724,-0.3496536294023318,1
15.090887670457267,7.514824811140084,-1.0340965793924437,-3.6788614156259314,2.5914966157221246,1
9.496903454683489,6.484157934624131,5.945696957818993,-0.7494523823592187,8.798969650060716,1
4.241834825984508,16.412875847021226,3.5734890849534575,9.473816018476995,6.641040348418532,1
20.721913656124222,13.255245617804015,5.329127827890666,1.938877717581145,2.3396823576954615,1
15.38221532012386,8.64111566876484,-3.545110506049695,8.835088836285205,0.5921119198853413,1
18.091823130470633,13.304082442627056,0.0810303825117854,0.3505158114708896,6.9496131187637955,1
17.723336592667806,14.503428537457104,5.259490756136825,-0.23035456002720456,-1.1401385716563661,1
21.539529582288537,16.27926677145639,-3.817476923948746,1.9293080091111903,4.150784871493228,1
13.77856132516975,11.929308701186585,10.975222283636215,-0.13291647468391576,12.615921557520355,1
20.246652834807257,11.235134126452547,2.3519690385845617,3.6031821959753487,4.610683464198496,1
9.856276842666906,20.67667441674599,9.137386435166588,-4.898221069498749,3.2094214277278943,1
5.734840794094264,15.688745229795499,-3.944326326432604,9.103636720250854,-5.906104377532147,1
1.8635204636293992,7.66806344263078,2.789858646089315,4.600973234200492,3.301851454070856,1
15.262976067442503,18.910350425435524,9.198398546613308,-0.30969796034353214,11.871114708019467,1
20.570291041916313,17.12722953872997,-0.6805240133823021,0.36929461537427866,0.9861282723068133,1
13.923351993346031,13.16972113631133,-3.2250780271048853,-3.9230518661452907,-3.5077697635020098,1
21.654771268095928,10.04029912015687,-5.790677095162975,4.590698523212552,0.3777211108379296,1
15.458350233295493,15.768558435916251,2.2353897008527177,7.0415803653984,-3.0628538395115568,1
14.803997147380894,14.503063191341878,4.505014255595128,3.456475450908833,1.2989279232903388,1
19.691874078903428,10.958199403328738,-1.524451457588027,1.5555113069717985,7.3497990830170075,1
11.811273522058153,13.873469043443581,2.193430987460734,1.0890997955912518,15.416892446306255,1
18.1146525491867,18.632399239757856,2.6888714655188446,-0.7563682821385542,3.6023479218264214,1
15.738005419410465,3.39392462515387,1.205223171450586,-1.0536749565761125,4.864298368920291,1
16.504433815181972,12.035149372330151,7.950186138894048,1.5676107525581744,-1.9095912553457133,1
18.909521552494457,22.114249308516982,8.128172428098047,0.3354189167640085,-7.252874980588205,1
14.991070278467886,11.884589882855384,-0.20996629955511414,-5.374016047123639,0.8671601112918896,1
5.821170532554747,15.7011903640161,7.623994468201059,8.03410629336992,-0.5718725491764605,1
10.185198689780892,18.453244278333173,2.8244627809663543,3.8417848331622526,-1.2477809879152182,1
17.760728764003716,15.448442275929452,3.9126945689965265,0.6416296092033531,12.534568800685783,1
6.32567356631605,19.78318645845972,3.1357786961322254,4.221274973072932,-0.9083702527963018,1
18.75093327748047,14.812321636443416,5.966297560417874,-1.6110165754352037,-1.0133747258270613,1
17.624736224358998,17.285727713270855,-3.381987026914703,-1.4743060255230067,1.146478094270255,1
20.384146061646902,18.01112446927234,6.412372703942173,0.1390391403036635,2.9891173667370072,1
18.449657410533195,17.949303172960658,3.2745604943888855,8.108188046370062,8.963258837346334,1
12.572435159717202,22.4430990520103,2.687619720054788,1.1584237427754664,-3.637811300673345,1
19.915512014685028,14.710466901502903,-7.816035580953315,0.37907050977160517,-5.685062230151983,1
12.526611618759334,14.938589878426553,-4.44629771024637,-0.9195194300339868,4.585155484983025,1
13.730643175124781,21.378351312147494,-2.8199392835018946,3.1950898757508472,-4.250777521480967,1
14.667494075520944,12.312095209858025,6.671131023683244,2.222914801909151,2.9228238525632326,1
23.014605250946403,19.59669710137933,2.857826276282764,5.136658665253194,10.572914061133888,1
15.826422268735806,19.352952331357628,2.5596958413618642,-6.542547088049998,-1.0194535542055,1
15.767124661659883,5.410478882732541,1.4730860399874985,2.8796033736159217,-6.435566051291913,1
23.320110932976366,19.35099145466734,-0.5244643082809295,8.072408988430514,-2.9864443208418026,1
11.190411778941128,11.207543009459489,7.795883992808255,4.596154929120442,-5.197152380475474,1
14.652674442181407,27.306728409273926,-0.4313509224120249,-4.8835974471806605,5.105142814527556,1
16.370008190539068,10.236025323308624,-2.493107074091692,8.868631118236062,3.193732504669115,1
8.552249747312096,9.86450501052431,1.322154633012488,0.787233446375977,-5.706505596171515,1
12.830019113434284,11.195879432490221,0.6961135616643864,6.475242802538544,-10.139988676217204,1
10.741082765270736,9.237446444801662,3.184638981103607,3.632891854636599,4.227041357655827,1
11.499971658862039,21.15963911157484,4.091690706715472,-3.6380210306711547,5.840043147809166,1
9.242683158191321,18.563796290780154,6.647615412948005,4.494233096173148,-8.567803124882337,1
12.201292646582992,16.445126560579894,0.6087423729261034,2.5521621174294893,6.965770418009628,1
15.786647324489351,16.93834610511572,-4.0979063893523815,1.8858908676443908,5.887829792813461,1
23.085085050029264,19.855357626676497,6.969298698802222,10.704422723391366,11.258601387475395,1
12.995692124078577,15.085241616429828,2.8264548808488033,-0.2664960205027187,4.614790017543722,1
19.28446642020104,14.931775072044577,-6.443485900603682,0.16860560308569017,2.7170276992716293,1
14.845434557418882,16.74597827504964,-2.1481901196069413,9.398264964462927,7.065671550552127,1
21.8137858399542,17.602726289492146,5.752407430738289,-2.501798515404942,2.4446078997295047,1
12.186126036117987,18.452776395952455,-0.5673658654868996,2.0867971230229436,3.4806467716624785,1
16.13647324084777,8.940806628360177,-2.0448814222341447,0.9216930253092303,-8.51337444775519,1
15.551199512327356,11.709916045972038,10.583099883354574,3.859658801372536,2.3860286293388095,1
10.806050302077175,15.014296976667596,0.535524338434233,-0.5099988563713973,3.873509598029822,1
2.662122289834363,13.10220462587066,-8.826172661557896,5.430921157567668,-0.5881411410571598,1
14.008074386776844,5.281586863963913,-7.315848259103815,2.201725293619906,4.763564857056191,1
20.406641589687208,20.63844366514884,-7.220306685235702,10.433606594699867,-3.671457611708271,1
21.083116598387292,16.968134146657153,2.154502235592278,7.778094557849781,6.901505331947288,1
-1.0534787632100269,13.523939154397109,1.929061686954247,-1.7657991856760629,1.9838073043599076,1
12.263766195642525,14.131247668293796,0.23146640166039667,-11.945646982343199,0.5905817765193653,1
24.054582098017114,15.65058685525542,-7.862363083860865,-5.430711978172287,6.861658482591981,1
17.757927774265124,13.24961075459175,2.5597723673973802,5.565832261835952,-8.973345133980919,1
14.412485756767959,14.583868344463703,3.15805132998206,-1.7935370386579739,-2.70551498041963,1
17.222286962394683,14.025881724166428,-5.355931772665292,7.245117118931375,-6.996769460761742,1
19.112208100987758,11.956069467101496,6.049473591181628,-0.19189859831906664,3.944452235012227,1
11.191450595151556,12.744160589254294,3.1944460544671687,1.7919155488323222,1.538601228599287,1
20.415361426864468,11.3554092291718,-4.555505346229033,2.772609700546257,1.9011657511511388,1
5.999673245721496,7.013758249963161,0.6969140978857247,-0.07540395949057044,1.1620934727291037,1
10.123182871326318,11.921055513218711,3.492934712064711,6.4623728490689345,-0.2991324181201167,1
15.092518474882793,14.14316996447664,-1.0291002504564695,-3.7455676411978516,-3.889853080081215,1
8.319940277599517,23.157965607551937,-0.22614007698563054,2.392661072533926,-6.708921009055086,1
12.59757723404705,21.823413433565925,-4.620966743148047,-1.5037991322457525,2.7156947405011804,1
13.179454545096288,14.139646888087288,-0.7083714327739887,4.499212308250604,7.7258854224413875,1
13.347905071090556,9.712898857498663,-7.8686048368505705,8.312687389459231,-2.2197136792300993,1
15.668700284427143,18.998052133496063,-0.06281828247775856,8.735529320892699,1.0540500688857881,1
13.050155400119099,9.115576587368757,2.9020204330255335,3.9308728076460415,4.79791597697623,1
16.050537911292416,15.51673226813819,5.148448962755012,-1.427873128735893,2.0042154939516106,1
11.85060060714524,15.436328302690592,3.1680376138400947,5.779821932747289,0.3040883831303902,1
15.085142443522743,17.246977090919458,11.374661190406552,0.5178008334065551,3.5316404985137404,1
6.156394855286138,9.7662312690465,-1.853120493089821,0.5949230893108588,1.789557547425236,1
19.255280827918483,6.215106581676951,4.914016462479673,1.870638168424204,-0.7045607590299059,1
8.782060044704215,3.7582345131138517,0.6172894257690886,1.4126300206768985,4.360407030920653,1
17.636961126085396,15.493939528836341,-8.745566056098767,-5.403059493771038,-0.703046561764721,1
17.520739388894636,21.060761424752847,4.82892839955165,-0.8340932277846966,1.5327005043457682,1
14.742884440238667,16.925073786135435,-10.587520744413329,3.932450726318425,3.445097282082517,1
11.863926439235915,20.098440729382503,-0.6754734085264367,-0.17168668896501194,7.7523840499805585,1
15.101167829766945,23.660069571810673,-8.167242704114527,2.632238150013303,1.1207542743677983,1
5.450399846742309,18.323437832596547,-1.80141576257046,1.6081240886036836,-5.559955877097958,1
4.938691194276782,15.235415074385433,-0.1451646197440286,2.130496065282614,2.12731311189248,1
20.138180573497955,15.893752895019688,1.9476649660729497,-3.2938515529895342,6.1344319209471,1
15.520985973457588,27.69180143831042,1.4723225111024314,7.487207481133719,-0.28607331213657994,1
9.214642959861365,7.564331712244423,-0.19447559488851907,-0.8285653299577611,1.3050288612894625,1
15.671638035916285,2.3897728980860595,2.2158739833855154,2.182241700879758,8.62961234905519,1
17.34413489532557,34.00252447258971,6.589582428769261,3.707416195688721,-4.1903825525846825,1
18.836375768108205,16.93023342606856,-0.5316423379668775,-2.923021294089806,-6.093481542620569,1
8.289869504448298,15.894566602135546,13.583905223463308,4.613288699418163,1.7727525207301342,1
15.883377976256051,18.253387277870317,1.1395394101985221,0.9912477898074339,-5.469698394485888,1
14.372585738756626,8.595950901028974,4.473716648568844,-4.716924127565863,0.7823759546741588,1
20.72988896765007,21.862516651751513,10.194878827628276,4.660631815711917,-10.072386290786651,1
14.728601495077008,15.786738328573577,-3.3643646421708917,-2.4196329861081476,2.450642377964859,1
20.077725236316496,11.756670856736115,2.6816952799608176,7.880840332199493,-8.765744459487903,1
7.503717582225679,19.995010032033996,-9.79406971191413,-1.2594471767351454,6.949828682398537,1
18.12954055853967,9.778978849832765,-5.860898216599227,-3.2302844685938146,0.6680549900573163,1
8.511207555213733,16.636265560255353,2.7668814122214447,-0.026086178858478748,4.335664075945848,1
11.535850688977131,21.170932204330363,13.275094473768068,-0.007661494865955243,-0.27318117419816357,1
20.250737333598593,19.786941566567045,-5.389928116221784,8.534617023745804,-0.3481852218505934,1
13.800274930884687,16.674795826734712,2.7385609716803656,0.3405055809364669,-0.9246699321630001,1
20.11980954857787,7.351340586998365,2.5453092882047037,9.699338118861078,-1.0314806295600825,1
11.141793814670516,10.55086898496619,9.998471425826766,0.7001604148820928,10.69550127787387,1
17.377983921878997,25.079852444944777,2.01813848613233,-6.366885475393198,5.212675323240643,1
10.925344988650014,9.089780448704765,-3.2193155644266582,9.1469078965068,2.303121396969489,1
13.302486703834408,16.38000324980001,6.7934915125124,0.634235842530601,2.9636082182135723,1
15.330742917176508,17.678499902275334,1.739776528641591,9.098867543011005,7.044236698532241,1
20.55492578387634,19.54987036552023,9.129306477120924,-5.888397702407336,6.679665174298618,1
13.459535925094663,15.284196753709304,2.961811901537058,0.7536066669680679,3.0238334530093143,1
9.498424813836333,15.497637524068129,2.1943489554113076,2.24551419231467,-2.8538377932758823,1
15.05859371060969,9.276260491842255,3.4025059096926755,-1.8654606183735187,10.152966800014251,1
11.721721831115795,18.56912999127423,-9.260436089190371,3.7182258445718843,0.7613218110786156,1
9.84241443794344,6.530895605603964,3.0399672856308966,1.0057012894841462,4.8079236907709095,1
18.61848670118302,14.515503681226436,1.071076854998273,-2.314840158754863,0.42540234230895,1
21.982654821485756,19.775786735331636,-8.699713352004073,-0.6568479833676082,-0.7245256370774456,1
12.074993315685425,12.716329963187752,-0.015688396012200734,-3.0104955254222663,-0.4277721450315697,1
10.414997923049036,5.019747080967553,4.597353448308127,-9.417707813996648,1.1781765575969414,1
16.958950278706205,5.20798903978711,6.30012657567322,-8.452352841134942,2.059591359720293,1
11.703526722490636,15.953416125520231,4.57979680227466,1.4946963866112417,9.017365980297356,1
14.848709335415553,16.551187841199408,-3.631740515669004,-10.379684140088793,-0.7720266767891071,1
17.719996466147098,22.449957965255066,-2.8066776266622213,4.400650129044054,-2.328661066114047,1
10.774479172271093,12.531658506067805,6.534317287781045,-5.192470221312442,2.6551284284663614,1
5.107774100363365,12.072026947673937,-1.3454632102408555,3.7850088388869114,-2.7086967144080774,1
4.226141475779713,16.5757086935135,6.115290269243919,-0.20506303562016015,4.124884356377315,1
22.63603424038646,10.800030722596176,0.09817563581432043,3.4430386223305085,7.232807171998326,1
8.86257957017759,6.984427386673378,0.7049816678396242,9.522489924268854,1.628747957568796,1
10.784550778986091,15.747388116108558,1.3837655059622724,5.115384877524705,-5.244920452775682,1
19.25899151557702,12.80020321069924,-10.414768983179748,-1.4483640617836642,-2.344595963444921,1
5.416744370563434,10.801626781320728,3.8585006984158037,3.9121359269287,1.2391749470802447,1
12.054926090478439,10.57979657063379,-2.7840032418470493,1.9384679055336729,-0.6655247609389079,1
17.034355854008734,14.959303209796477,0.26162738736465874,-3.2011221217001253,-9.482463081998272,1
6.633034390147563,20.992388824933442,4.312942624427825,-2.863640371075185,-2.6594634380096345,1
18.897516462869962,7.790504244642565,-4.06704537159678,-2.6592499129970864,2.236301489554407,1
8.65524460566171,17.10338943350409,2.856836518725229,8.176400211809465,0.3674730044439085,1
12.004518174092851,20.044929166255105,-7.649824022902374,-3.8099059826319763,-4.406472708608129,1
14.317257276515253,12.779688695044698,6.765124488263147,0.17764041519554163,2.1034437815643257,1
8.319175451724716,16.840496938536862,5.29131000669792,2.3959509704286504,5.305000887352007,1
15.454148744728634,13.384202315519694,-1.577923474860972,0.11888837304374256,5.70229404899411,1
17.355451668923926,13.616384545422152,-2.1089968311065244,-2.268668437689126,4.341805448777937,1
14.219274039436147,15.564139155290478,0.5228836757710951,-0.45441339563391203,2.368354437859549,1
13.930314073314968,19.034456760869883,4.931556412498247,-1.4466815792461505,-5.206747814088659,1
22.50679365932463,17.643097989250688,-0.07410349268327399,-0.9778739496105016,7.95878162244096,1
12.900472634057891,20.11405865988835,-3.465551550901755,8.07071082838457,9.432199543058882,1
10.161745992582684,15.860467007388902,2.2335301646012327,-2.9882135179405207,-5.42958377031456,1
7.702177267901911,18.86110917226475,-12.596052527134814,2.8348948541387955,-3.131356187077115,1
19.06029995136001,20.938698150045333,-7.878982629037328,8.8417821874826,-3.611675709210753,1
15.168470172727226,17.527923753239342,0.4073930554875099,0.9934611964082833,-4.467835696895506,1
10.39271910194901,29.024998433872213,4.321656498786199,2.2160630733575273,4.461356533540861,1
4.454642146492061,15.626173370861864,2.5224895025971055,0.6697956699225365,1.96821449193564,1
13.910714705979574,17.497731993772522,-3.016213961549168,4.17431049964882,-0.5808423519938679,1
22.995800946032965,13.79761513463391,11.49159947863977,-2.6701997030048754,3.5115348080678936,1
12.28594258163535,15.536988817079383,-3.67963727127896,1.5119729482618267,-8.48212426610198,1
19.596459812757228,10.863155936225755,5.848359724830974,-1.8269796307462958,-3.482650198638262,1
16.065681313787096,12.066459059382186,0.12268514789009566,-1.9216504429595207,4.314181028554909,1
10.948330415659438,10.82399767958929,-1.550858298520153,1.2017265253171268,4.621966565781699,1
11.034474130099223,18.74245010984146,-0.7717958213347611,3.8031796821236004,-3.6675098841025067,1
10.753169399799162,17.62255561312225,-1.2226384766288456,-4.4806293882578485,5.904101642951067,1
21.088261369075777,17.953788506051424,15.074657119932004,-3.641774784682606,2.241949442061739,1
19.26474911487476,15.702226186781091,-2.9679271861045167,-0.5085142665615527,9.102209948047904,1
28.422713412512167,7.420703347531694,-1.703159909410731,0.3852882572005969,-0.2807033359136639,1
17.818855604993185,15.622113524784284,0.03685202558037082,3.898270618800158,6.475746647506767,1
20.340316532355153,6.524880489434171,8.481411129574239,2.1899158984473654,3.279679651808728,1
13.654439481440726,12.964185808916115,-0.4571832990464375,-1.1809830966977324,2.6542312844640388,1
15.10746820830239,13.926410127138464,2.0983498624765327,-0.776385157020028,-3.3192329875515734,1
13.35708315888218,16.713626904265215,-10.129746338389939,-3.0997305018753396,-2.2287859229657774,1
14.716126381198428,10.492927472993028,-0.5877129703536679,0.3180192724648694,0.9855357368079866,1
17.83471476436876,13.243375000491817,-4.432273026752549,-2.0771746572597185,7.235364332279097,1
12.566813499218721,7.430106840633496,2.941582164186837,0.14059273347751045,3.6456619988524652,1
15.514277890140459,17.491053096996644,2.2569174725408745,-4.206295841154924,-1.4892711408138255,1
16.573559832696823,10.528152334333376,-2.4343524713009606,2.140561740553985,-2.7224212012057,1
7.596816640762299,19.673109731576965,3.880144970788198,5.183303955050105,-4.831841198855246,1
14.05653136181871,18.868880425602004,-2.7612964052892988,0.7531416544260382,-3.6636460502991604,1
10.890388965909967,12.848180839511741,9.660259969087488,3.686166174113829,-0.9945526039983377,1
21.374765694756697,13.43163666706282,5.054362247200311,2.5825484562867254,-0.029258325984910183,1
10.396070766572674,21.98145357928502,0.348022362840413,0.043025631917357976,-7.976723232617518,1
16.969916111588546,17.778306043866774,-2.606231712770447,-5.057420485607651,0.3852672591979298,1
11.557679195769957,15.59340665820308,-3.1436526721984706,5.643938840470648,-4.151680350144476,1
10.803686158056827,6.435215794018278,2.683215393424801,0.08521661409853631,6.082661666357543,1
29.778081580225397,27.042550322494435,3.8716045237563357,-2.175340054235294,3.18467369143358,1
12.023149127756518,12.633447890173297,4.806817572947741,3.1579309144429297,4.764353968569617,1
9.649324843963324,22.057476569364262,4.646412989571327,8.74774579559648,0.8864127459778642,1
24.257890285078066,17.518848738215436,4.8162892946431555,9.688905685792516,-6.142609309298808,2
31.470386153930274,18.567475933782255,-0.8780290191083027,4.158581645578472,7.710377119192497,2
26.130916986672478,21.341701799038844,-11.452323141615658,6.352874716197029,-5.854736496076349,2
20.61015999978325,26.33016043380136,4.793784246588113,-4.088436228858562,-0.4375101438652742,2
23.72066046570438,27.51883461837104,8.52043948412756,1.7975714853029763,0.20701364424217128,2
25.438230140419183,24.97237921423473,-11.455041850849613,9.19984463228597,1.4718768584171107,2
15.52699125946586,33.42844944828332,2.2979855999981273,0.2958253837923197,4.039421365831092,2
20.947957622873357,25.77207498616543,-5.998082274758666,5.281325410896951,-5.3147705542896455,2
28.521434377967473,28.601856667928185,-1.1196645506065073,1.9201575709031273,2.8454584405502246,2
23.136813650713204,28.828809917533995,7.4167646571601535,-2.365443900729404,-9.065369519711474,2
26.425966250328887,21.392730379286114,-1.0092660364710269,7.926792739521763,4.448229787758935,2
30.12113632398473,26.131324495566076,4.901412442660913,-5.3370114647498275,-5.873143260528596,2
22.887602619413798,31.180526216861992,6.177490551387181,4.913195173004515,-0.055503372974158305,2
34.737849770491245,14.34085649544882,-1.8887019109057008,5.399666380440841,4.531303537363077,2
15.520179410425515,28.67237571505483,11.542943092018387,-4.064295009029387,-0.508742918757312,2
18.247626813160174,32.608903106808555,6.579269585110531,-1.1664219943560687,-6.760910746030507,2
23.234308888163618,23.107447058314424,-5.687102442620725,5.345423015574916,5.139640045065457,2
29.209951684485915,26.885568089339895,-2.854365191519325,-5.393922688768939,-10.699861078157205,2
22.53227993453057,36.42493135292547,-2.949108821310495,1.5178621297640427,4.248886202895841,2
29.34249345346547,25.462445068658834,3.2329122811488427,3.264016604822681,-1.3537648510119138,2
25.26157680509313,27.767764440921287,-0.8986272594604856,3.079911602523553,-3.1900364111498236,2
21.082919371928135,25.59179486514081,2.0082164433442813,3.4450048617016917,-7.733463523133096,2
20.531006317132395,27.88916003878688,4.113744108974987,0.230359289784962,-8.476943202579278,2
20.57835017989103,25.708805720405575,-0.18248452168172213,-1.590169837625298,-0.4437373414705883,2
20.492891271751162,28.147135045679384,2.692682381645737,4.476050433006253,-1.8924514983676315,2
20.664245272965662,22.96473195445036,4.780081059273659,-0.9333795143892272,2.2012390748753994,2
16.364417647189843,23.553305742535755,-0.21773516497106438,-0.15162377812173755,5.248304680825174,2
26.365277762379957,28.645006199310107,2.8841781532268627,9.187024635754653,3.1549934111673252,2
27.326751910359686,26.551245964582844,3.125791125518657,-0.7586836458357242,2.16078652000632,2
28.118377555095712,28.20886985021815,3.163015782592105,3.9384016985850914,0.6516660094417425,2
21.162958669411005,28.347426156759518,0.5868959842156258,-3.643422091704993,-1.382744385390525,2
21.686862003126652,30.75106267806573,-1.7053566143282617,-0.728556638843803,5.5547019838659635,2
31.110106049146516,26.50624550648718,6.4448941941261015,-1.5200988670591822,5.36297048472529,2
26.032386335554115,24.884155124972267,3.603750789106887,4.436503090995666,-5.8212894182060575,2
21.56964928084823,22.621009567323565,2.2602634777422423,-0.697809934106145,5.308589902721847,2
30.07708059958327,25.96668796986488,1.8268159878609578,-0.262185592089466,4.692788053415608,2
23.621006340369497,24.447853220099017,3.2793193716004647,-4.349618663066755,8.356205741687043,2
25.58360608551818,27.276327347882475,-3.8709145592092415,4.283353302233472,4.988335025260036,2
27.16901956121746,40.748701715753455,4.031651235374867,1.003031571048214,2.854311457639241,2
28.552670599239136,25.94649963375207,5.874063457917883,-6.006135655533012,10.890490031756523,2
29.412369201967493,30.34338198328434,1.80776616980148,-3.1255820017065057,-3.2658966057691154,2
25.75230830585277,25.1087673814654,1.9501332262013018,-3.56061425181338,3.4795810893793724,2
21.834885977003324,22.671974273316273,2.316823963181954,0.4351748969496815,0.011880224844625253,2
20.70431712169501,29.861173870106203,-5.1607649905999775,3.6883720547239793,-1.3229978659491328,2
18.658375765235547,23.861194490684976,0.5292705885004033,3.8348372031997386,-2.085407397741609,2
33.816426246722926,20.472297946545474,-3.975056527985287,-6.27805033993587,-1.6343602952093295,2
25.594814690760217,21.99341330531483,-1.079008374605365,6.251245099330772,-3.987871781099334,2
20.057997848746886,19.24333499586489,3.5973679785617416,-3.504833657717368,0.5625865400828685,2
33.988752246503964,30.44198704668711,-0.6118464682023801,-2.910232576482226,1.160883586552231,2
29.506304570001024,19.652174674848997,-3.587197615176988,-0.7516386710454439,9.936992688646619,2
20.3170653658293,26.71672561956397,-1.4763452247054096,4.384722767721036,-8.53837906778899,2
25.254402874210246,16.64465255136699,-6.14023558835359,-0.6845406390547817,5.527495369236723,2
25.63918125159395,26.184989569968003,-1.6479299654799457,6.609277919370851,-0.4219013640281526,2
24.26377353007883,23.096671577488305,1.9694504094907332,0.36493269803836803,-3.4462050028405855,2
25.897545018677192,28.038755230693152,8.917204306242688,3.2016206448862214,-5.110137103153687,2
25.649328573136113,31.868292851961236,2.0032627465702078,3.6071156703076888,4.766670593684506,2
25.84873071161562,28.950814737460163,-2.4244595764272043,5.842011729502805,5.862466704533891,2
17.466556531864523,24.53564048671244,11.80891197712586,-7.617157507137881,0.9421245110996338,2
29.921248353437147,25.638661399725688,0.48831560268102914,3.4209121743655757E-4,2.989032141078132,2
28.27138769766732,11.630202247425176,-1.2146401401574831,2.215403359457336,-4.3807813951070775,2
17.31854039802618,32.72081618293671,9.303834051795729,1.234027947569863,2.389990615459267,2
20.877831661469344,24.365261926083328,2.7284082170725483,0.6766576826924802,7.9016707196269955,2
23.2931239577717,13.87473505059134,1.3217015289604244,-2.4715333993404025,-2.3668631344056177,2
26.382229669057757,33.75017082707234,1.5052741643325673,-0.09169698345189703,2.6538116364593467,2
26.574190395499468,20.08148435794567,-1.6075692049823251,4.172867635525119,-4.48265294993539,2
26.89964422861563,20.951987765590093,-1.3015189250282346,5.319519053863884,-4.839348871792666,2
26.8611572730343,18.537772901807458,2.1340307650530175,-0.7426015232813323,1.8795040309351263,2
24.178307905120477,21.464011133561552,1.7659153651027717,8.87036673463756,4.881674421159312,2
30.51000740907062,22.67210343925491,1.076723355161602,-1.4935226889249087,-2.2040306246682686,2
21.659414479826708,25.246724978747007,-7.268072093538752,0.7256277492484464,-0.676148947453435,2
30.449851476452118,26.484087826333777,4.290812336802695,5.995683432126118,7.773603006581412,2
26.67152067581225,22.05596850354931,-0.22815328269439483,6.731252012986862,4.05656058806036,2
22.082250722275777,29.293918142918198,5.543144865544476,3.3844974386109756,3.2717180441025433,2
18.096275461338166,30.388368958659314,3.963768207380584,-4.7297452387968235,4.862481935600364,2
23.381854130999592,26.987960751972352,-1.5478777057626982,2.994889656084191,9.591784310219706,2
26.663614259845975,30.912535335964797,5.096672424582073,4.510173113923214,4.130169873111266,2
28.101983157244433,28.889443944681517,-1.6490363636421175,1.5603034292443505,-4.1282536826251395,2
32.27567576227628,21.68169033794485,3.0617235790300965,0.2188947926758722,-1.1088561683415263,2
21.827910830793154,25.813594422119802,8.162964040606255,4.248075363849146,6.742885906266536,2
33.219657473224636,22.071098330374458,1.6678068000360904,0.7856220977059771,-0.23203921361511926,2
21.866304307904475,21.529380575497104,7.003425302645058,-2.3803366381579614,3.39871456110552,2
16.642853429764507,24.12797769541358,0.5952684345600551,1.55701443241776,9.19029207249383,2
28.843479450352785,30.412137224065617,6.656075540542267,5.916251774259434,-1.5105765668935467,2
24.216375908796582,22.854233094908665,8.052502539116277,8.683165378887683,-8.060025314323655,2
21.362981838260694,32.37534726175137,-0.7416895071949425,0.14026378945200824,7.143126003364514,2
31.77540662089597,26.57568632145994,1.2264740048839513,3.9520607455605736,4.368640422820799,2
22.281927411143702,27.751775291277703,-0.5936381419582462,1.279818394055865,0.8288894478239635,2
23.890176038503434,28.129943452024854,1.4704047204410633,3.6766196339667125,6.816722109774703,2
27.767375163981185,17.82779489032039,-2.0896646180817244,7.247926883953271,5.119476366824139,2
22.61252115827139,21.1678905239267,-0.22848994082788754,-0.827660638864294,-0.18624574136185768,2
24.247053183888973,28.119735081451093,-0.5190385870106642,2.523984873609746,-3.3856197943370105,2
23.975606196119152,22.00771421483958,8.47888077963918,1.2710886651639575,3.803790970346611,2
26.929201124385454,33.06957858410558,0.7934333174567723,1.7974644683768854,0.4651321947198114,2
35.70305245961065,17.08333928624957,-4.567837303404049,0.9261174659897182,-5.2907738363873635,2
33.85757533809448,30.881815954282473,-0.6018826080192259,-5.683690799812338,3.5848304502918706,2
30.24847639293592,26.52146241908367,0.17641512607576404,-2.7039655003679313,-1.9138320319708724,2
19.460291740125925,20.11541844341677,-0.8955160910797686,5.352703407485312,2.545652134437149,2
26.741810865546576,17.665940502068683,2.9844055677763843,-8.87778330977738,9.694951899988988,2
21.827480884317808,28.21179872738061,0.9229533302312092,10.816771933570017,6.173567012021153,2
22.69092752673753,27.088911593933574,6.677293574722108,6.510456823365559,5.330219029902352,2
23.52162476354705,16.233712990320818,3.4298454754409993,0.6078468868095864,2.09764330250793,2
26.810098660140827,20.3919896713987,5.605459356994312,-0.2664552529851951,-7.330479789094927,2
30.378951043607366,22.232616075756905,-0.7459631134708145,5.514988047993152,-5.662705476775319,2
32.095784340107684,20.350491568579194,-2.798739451615334,1.8497031245910733,-0.2162817479493211,2
24.419360651184636,23.22897986440004,-6.654809604457216,-0.1829847310294419,6.782820735808615,2
25.701007057723952,20.24222799906899,7.048651322846017,7.918680903313291,7.34950787093055,2
21.98570944551171,21.761522604031125,-2.4687848686870053,3.062413907410521,0.17143097625640102,2
21.661116397403898,28.182361811563503,-1.8258441366957179,2.11466093071562,-0.17022395697034765,2
25.369541953042116,28.444237968144403,0.11436435344700002,0.5089684607221594,-5.235465379520527,2
25.11593520005894,9.519767102491652,-0.3769556033217001,4.782312373803108,4.054606887709285,2
27.066084438328435,20.448673161073078,-4.974398208412883,0.8145798153703135,0.6252432717669703,2
24.75597273651654,25.082136967402644,-5.051742728210198,0.16571060170704732,1.5668849443419948,2
28.2361582286947,16.76273425953456,5.515409493928434,-0.12561551400071203,-3.43110373576706,2
32.128410491544734,22.148756251382355,6.110944239931843,-0.6973238936898367,-1.4900338717924604,2
30.326885226488038,17.645822810763367,-1.1075489967908152,-3.729207408452516,3.822004730026385,2
30.695352227596764,35.814366514635154,1.6200914488026399,-7.167718198602495,-4.218349471726613,2
24.14603892761439,26.557484119029866,4.607402766016673,2.642270320359347,1.4647139322987823,2
27.34101499941259,22.576314037284153,0.011802787789209956,0.8939044762522912,-1.3687178289516604,2
25.05105881736649,17.342817077020296,1.3959955488747804,-8.733226499903214,7.185224318463298,2
27.424799610177796,27.373861554022064,-2.4518315814370704,-2.093633978559276,-2.0325992638360346,2
26.310860376469822,18.854585458013116,4.4260769865206715,1.3320917883164431,4.013443919929996,2
31.325809729022104,22.215482324915275,-4.424952965201009,-0.8161050623316497,-2.1130053010870737,2
24.626589434139024,27.961564490154068,2.5350318662772313,1.5957541047690658,0.24936584457716493,2
23.478559696937992,21.61229386423274,2.1101726544073416,-2.060560608857772,-4.985834943765022,2
24.767967361982326,25.763250056578492,-3.4637366426600495,-3.66019899988299,2.9675772788774815,2
21.053466907189534,23.24034897631576,-7.279923562613185,-4.375997676081732,2.08551161245836,2
23.046143168596704,19.70911556710466,0.281973601760674,4.83213100178168,-5.436166175981251,2
23.985597321619586,23.841519321732807,-1.9797916636518433,-6.7808570437832785,1.7230186974376216,2
35.21456792067221,24.79656209175867,-1.2555487697058747,-3.8506610118404625,-1.9062351439956746,2
31.437116794839547,29.095957472413478,-0.209879838710628,2.024586605340255,-2.5090212161567846,2
24.59887407641858,33.71765830542195,-6.159005657119844,-5.368116065616792,0.2512370198627395,2
21.008895618362473,16.813932854967504,1.3070923533441996,-0.6454089473978482,-1.5290705323427711,2
20.600696912982045,21.813007990783593,-6.9745577822224,-3.9463125011401443,0.12042975035598891,2
23.188163007992205,22.657371541292402,5.29754440761825,0.23037389840764155,0.9200181412099595,2
33.589534371110176,27.022336977184654,-5.602396214036483,-0.05460207114062232,4.376288264263435,2
26.474919901227505,19.725693209665685,7.645793960637572,-5.439009391514059,1.9115144450729962,2
24.786641786558107,20.72725706580067,0.5990686852658017,1.4533118777639937,3.7305446117605174,2
22.66472334322012,19.713156105424204,4.603821427570184,6.095056126803285,-0.7152951502195035,2
30.826577745986523,25.159371483620493,7.927299655105211,4.490861924787684,0.33541766791713146,2
23.451325710176544,22.25430032631219,2.281166485014153,0.7592019171586435,1.4368462701224956,2
30.757491852552395,23.76835219658301,-4.648307294374536,1.069036880589203,4.51642605055001,2
23.26787747058711,18.105114723030212,6.01302321620235,0.39971685279127234,0.7004805644444827,2
13.909967334581259,29.77240896585962,1.328709047329063,5.177601324575825,-2.5740873658340164,2
18.454258445426373,25.55704555196989,3.0835059665994713,4.235201577851495,-3.8373844942827153,2
25.152993021434757,21.57706604080579,-1.931583951646119,-8.099745591777003,5.557567092035363,2
16.78276209487301,27.254535506283197,-5.191938705288779,-10.741838324585753,3.2860969207154893,2
27.288758225369875,25.461674609574263,2.9789858200274484,3.912933092396999,-1.2018525294535838,2
32.11546825365942,22.74945527754347,3.3397587843845296,0.42732782683636816,-5.1609257693097765,2
17.531240838645136,18.888337436168154,-1.7806522688752997,-0.014376046298914646,-6.482403849927479,2
21.69286190826041,31.684276394190363,6.3588931274656995,6.56537915166619,7.33312876415999,2
21.287630550065217,22.821490957220107,4.977680358827065,4.495170571695812,-2.5202994097104012,2
30.924675468314817,19.691000176447353,5.539035997885234,0.6165965777375124,-2.0248187038855976,2
30.97138613600913,28.22110198596023,-0.08044955395693343,-4.320376396295515,-1.6668111749378478,2
18.179916116041337,16.498103684456993,-2.1846280925627206,9.395754933629112,3.889936399216855,2
26.478715944729714,24.861084279789143,-4.863082669646841,-10.559821047788317,-1.4412493731242386,2
20.202657726557028,28.386582952838673,-0.6419184196665133,8.12800640216486,8.427724919046831,2
24.79285159720885,25.11288738068327,2.7247615268540484,1.2923175611358002,3.7437168146967004,2
22.62641324178687,19.508853051865174,3.9621821349594617,-0.9348551892694994,8.03528185752841,2
27.43581653474212,26.763507951078466,2.1501097681212946,-3.321672939596499,-6.61220250022256,2
27.341902139677327,26.37456072484851,-1.5773550661873768,1.4906459152506253,-2.9875492104684325,2
23.029424960626553,23.18149020912918,1.2668263157293684,-2.73099473188416,3.626895617302961,2
31.608237527036415,25.82366021542846,-4.2484109048087335,5.518487084309771,-1.9009627725750482,2
22.87298334038343,32.22073253586801,6.722156405598733,9.15344770531567,-5.643025736488644,2
21.438785397243652,24.87640904448344,-2.468084666814582,2.1575799914425398,-6.499181112907771,2
18.605013573299992,23.953715081994947,-1.669484988318545,-0.6092425056737516,-6.771362337585794,2
24.20133072200277,17.92530679276207,5.71804988560735,3.9944555575323335,-1.3549535077998347,2
26.861781430638242,25.093375931421928,1.3936806114512528,2.6777725235288123,13.657794696107269,2
23.91133723381372,30.08861053805454,4.23990290355248,-3.9445629540135485,-0.3745327832036396,2
24.457202956319637,27.20597801450696,-0.6474138934573532,-3.280191718200771,-0.7660201275091401,2
27.179116092631887,19.7780419364116,-0.9543790372994443,0.8517079703261123,-0.1684401007757208,2
31.73992035054221,29.798487492625377,1.2883660483967463,7.245341871708318,-7.2985957311810115,2
21.703775951866287,18.548378787296254,-0.8452227771486815,0.11589196327096007,-1.9175881460654298,2
28.49297324624348,32.794918355951246,2.5642925336804954,0.39867754439200864,1.4737242843541782,2
31.101669172575505,29.958702760201213,-2.0063003348535955,-6.950996087485418,3.963708385678778,2
20.437874167842416,26.49455666494466,2.8472082723840253,-2.372962541341023,2.32514962831398,2
23.281558160884398,24.551565685579508,1.089656277967768,-0.5566202162929939,4.534722532008294,2
24.481318132837465,14.235379803659757,0.8049896096003932,0.4654327352092328,1.5678249997678115,2
31.062973808744147,24.077139900312517,5.422488080533483,5.919793508830885,2.6306241126541274,2
24.28130161409025,35.10760440331102,4.279570851114169,-4.588831259421126,-2.135573409120692,2
19.816858631158805,22.104612037520635,4.734747397792107,0.6333758049297988,8.141929060662832,2
28.1973997613115,27.3689314225292,-4.5196035392930005,4.524478185331902,5.0059777175769025,2
29.902421154560972,23.937165178357986,0.8788516700839161,1.414268066989618,1.0557062174085599,2
20.813929780439107,20.126109119849716,-0.0933378779371854,-3.388410225504227,8.242589132233354,2
24.72845543971265,21.367874843867178,4.098746160371331,4.707569793229872,7.8948203296689945,2
18.712119292654194,24.310427498646728,2.5170055833898264,-2.126038755108958,-4.945796342571013,2
21.794187834312805,25.86874642460477,1.630183730493966,-4.733390115801114,0.7106576977202052,2
25.407808088294754,29.044475479022765,0.24973268761465417,-2.5851136377255344,1.3218350209386478,2
22.362058464918572,28.392189198477894,9.383221858092474,6.149531152946024,-0.31629922218015727,2
26.358779583518405,23.79122025212807,4.219065793100253,1.9664718931789062,-0.20327561594483767,2
23.92288230343465,20.8118734221937,7.474508312671633,-4.416859230994929,-4.973079643523643,2
21.436746213336257,26.68276500592151,-2.003514921140561,2.8840732539645733,-1.3670382391077318,2
23.164332399578534,25.173957773393955,7.344954001790683,-4.901172860104718,4.7470022384285375,2
21.90410417215181,18.477975546170903,7.449768809469152,3.618449744612482,6.508276225713128,2
20.43432925664532,25.474058352892467,3.5313839664372226,7.613174728146918,6.836192964637938,2
22.79345641351077,23.049860949356116,-3.895292152909084,0.3917598562439938,5.0553390609853315,2
22.7695346296863,32.84115703732289,5.380052803635075,-3.1016450012662036,-0.7880088244819303,2
21.695957867248346,20.330829767136002,-1.1277547641073058,-5.489368570161366,6.496320143364786,2
21.426593615806294,19.149198088644077,-5.480714314146561,-1.6167957479107198,-0.13871694078598074,2
22.051770276341454,30.286738945521314,-5.30277718656074,-1.7321838693453167,-0.32344781457765714,2
24.28502260954086,20.94437025592582,-5.698905758225646,6.656606853739002,-2.2754987186764875,2
30.492659622001163,25.99644012596992,-0.7387942687094367,2.469971509446136,-0.025456496222266534,2
22.586429166794204,22.674597216165047,-3.912242470694922,6.6635447974159066,0.17848587247515613,2
23.71333328597732,17.917096195775297,6.508438852734692,2.3653802232306647,-3.944095510830121,2
22.339050641667114,19.31140402153894,-2.837994267607311,8.530867335815298,2.0996387493096256,2
32.27035818751531,19.657860038254384,-1.5665803083380028,8.04337855107719,0.7434259342329594,2
31.867046397847595,22.595440180566516,7.145378730150725,-1.314709921195358,0.42393073134557646,2
24.09287087872486,32.4344956999254,9.323295128278367,-0.4042759997215595,-7.920566583421186,2
32.16694414375661,17.774018593289096,2.931167218728192,-5.856674799053065,4.479257973232665,2
25.077604986016674,31.127588821101682,3.0490056127018086,-4.4375633663551985,-6.366038326530113,2
14.805762933196766,26.821172644881695,-3.5927956078363152,4.35439647411905,0.16228924053203353,2
15.58776508572234,28.41717941257136,4.651633340572877,7.117078497265776,3.9903420813742945,2
24.2417830000903,28.613540778293917,1.5722922721840986,0.38314730016371934,7.05851475441238,2
22.897424845378776,20.981953621137073,1.060372941952913,-0.7153183359436057,4.0848654826011686,2
20.587814339573086,29.360302770327113,-10.680399627464233,0.8283411616032339,5.379659012616912,2
26.498880381129116,29.968217156646485,10.646181779172917,7.1234070691959746,-1.432647147807185,2
24.666860907893295,22.849261117393663,-0.6009476275223717,-4.177372034178462,1.237758704359315,2
28.4503016024253,16.02556331827867,2.7425269734648285,3.2128034329061146,-1.4501439039317825,2
26.864483724075043,25.74224757419326,4.336134762709301,-4.569702328363005,-5.656649873605729,2
25.534928746159427,35.216731228250154,1.2532658215343015,2.5734243311640936,3.5075465441722975,2
23.752692992352397,19.81270227535217,7.825820240970036,0.8404854788544657,7.001966369254905,2
25.092163428009815,25.035298358111156,-1.5213024955815597,6.656586519504113,3.4866603838317194,2
22.985031452737317,31.86591244093571,-4.250333820810321,8.481328269365893,10.058566380128397,2
24.906952941381334,29.764096107941832,-2.061298630139553,3.196965586615014,-0.996417414787578,2
20.954809708398287,33.5850771411007,-6.217350478185477,-2.4397336279910657,-4.443192607562528,2
26.75323172146645,18.800546521458607,1.5492508034863919,-1.1212223491984425,-4.504903643954872,2
20.156820614475826,27.049600355999566,1.824878954718192,-2.1769317399951564,-0.6644205925997144,2
25.761491577739825,24.140796786760387,0.5737588474685797,3.3612236770337254,-6.851920767407173,2
29.013613801782835,26.12093972845935,-3.7933255462438344,4.713164626753814,-3.2092546802333635,2
21.31988284096866,26.394098859922323,-3.0072412848889654,5.60306978495884,-0.5212752817455335,2
24.55948179527744,24.763478229963727,3.427562209300742,-2.9087135470732637,-13.167826762274041,2
27.481766620628697,20.052219874072254,1.2972976239180924,0.9677554299351929,6.360876132085832,2
31.27741135483759,21.348460325276108,1.8316943869769928,-0.618920688050399,5.986008215844383,2
29.20362899773958,28.90998733265512,-5.148562733338581,7.39896256119103,0.6124502403808458,2
18.6771022203481,25.91858956810085,-4.87098965186222,3.424616875607984,6.221670608543238,2
15.44659521914361,23.44163855545488,-7.535167923116246,-5.241250760647083,2.530806549366798,2
29.980718451597024,27.80962842365292,1.1407985679562642,4.911640448291841,-2.520734054690686,2
20.769912613370153,30.586727205192513,-6.103861502112931,-0.08078148564148635,1.738505017312351,2
19.54066497439748,27.138727390329052,-0.4533899874088976,4.777007268687811,-2.2568294815528427,2
24.323756524550486,17.332229532358518,1.039145805934209,3.191925456624178,0.2972018713370004,2
21.341212360122753,23.733394962856135,-2.5182556427129565,-1.4988081910554074,5.358129227222079,2
25.25682557842214,29.421202072539415,1.5134772672301864,4.737189929998355,-2.1679184232648137,2
26.284108221713712,25.45030632026989,9.22636831788584,1.2048856137297712,5.371259767201062,2
27.352779669702212,23.351512031053236,5.195047394451752,-10.229569779056982,2.3405832277375422,2
20.827919357437747,27.070161068817068,-1.2142621178927997,-2.4703990018621087,-1.644250874001791,2
31.21370620161528,23.32171201770256,-1.0569656718029306,-5.032850083071995,0.1714742472159424,2
25.678723258088667,23.43678698649839,-2.1459208049767997,0.19176228612589108,-0.7397893169781002,2
29.07073838386073,31.078981054888153,0.6944183401975637,10.137193444071865,0.15304142288696365,2
26.974200456515128,20.123566463352578,-1.1056998098435638,12.280203249357749,-7.826408488290294,2
15.515951893813858,21.37742672981392,4.377445904088721,6.1688350857830185,-3.5451724487939877,2
21.575884282172822,28.544612129982205,-3.3546386538434474,1.615624947943393,6.61079375250723,2
18.95556482796975,24.04228849490383,1.3575247111694027,-5.143809993864559,7.157105364241062,2
19.953804916439566,28.32510579188751,1.2625536226930936,3.058695786231454,0.04664534937156861,2
30.995986796997748,26.5622675575879,-8.240011766040404,3.1539815156520605,3.0762220035866568,2
27.41735500922695,26.918480644866094,1.3649365966251312,7.540963203647848,-7.159997153895217,2
33.89650084089513,19.796527206579775,0.7089195270841318,9.043949120551222,0.20918101968014358,2
22.019441001978034,25.98625815830035,3.641270939500608,2.1884374479024062,2.9461665005001936,2
27.554880771262305,27.649283345833993,0.3238531201638555,1.3208158084498753,-1.138519380054797,2
25.778146115243175,29.633123787731087,0.9601882569338058,-6.274124516041127,-4.373148152386207,2
29.54675856118483,18.266457353446306,3.6269511747383265,-6.509344840308849,-0.6667626121978523,2
20.415748064010316,20.82301778195148,-3.849641334617653,-7.8125312713916415,0.40505089846350195,2
26.02653840527935,21.64795622974989,2.775145600673671,1.3646881289294486,6.84652100251378,2
15.27275810830441,26.84391797351707,6.0587305839368035,4.858893069240814,7.022044785475481,2
17.849135481130723,24.28751817278111,7.283968705190865,2.0217206371645045,5.492269617096518,2
34.920064859802096,26.552689292766907,5.108396958344123,-15.367463371388713,6.190889528809676,2
26.24295234834284,25.672140547544824,4.999967443728831,7.742252278903871,-3.147146651231351,2
13.321066722973683,24.031299423751463,6.623126326258376,6.620370521981853,1.670325880211435,2
25.374339164158574,28.506523202330367,-3.3690160982032884,-4.457029647531728,1.3139483177122362,2
27.51430353479362,29.87614095395505,1.1932658926926325,-3.5975323353258544,2.7916101752259666,2
26.397531989519383,30.457570187037543,-3.2098951996454073,-0.823782374448919,3.76392346900162,2
27.414235814693313,17.792389895660172,0.3300482107192051,0.6621450204756473,0.23154125294163797,2
28.657281272930117,29.10775517800374,-0.4203473928109589,5.373950784263953,2.3460612037752293,2
31.636756007730195,26.43244668772375,-7.157666157356628,1.666911889097014,-5.091100727616904,2
21.011389526433206,24.02409853300314,2.278248981178032,0.9403700067407282,4.973049584944068,2
23.038784078804053,21.50600760672192,-0.10750535413794537,-2.1644287343455066,3.170685034260343,2
24.186819766003058,24.439182334113237,-6.443802538497699,7.923195197956259,-2.25725767443685,2
20.996733735364906,19.424370937314023,3.321294375985813,1.5051341035321306,4.492740087306263,2
25.241958277662132,23.08470729777575,3.00148856768669,-0.5772429377911288,-3.5975910121920887,2
26.825310065703732,21.72523087472209,-7.170317587615674,4.80892585706258,-0.20955967692598731,2
27.655049624475936,26.48991464559807,-5.080289749700425,0.7682845364649554,-4.463208370095262,2
27.371288801856103,31.144506211743334,-10.78744515468953,5.504764945711352,-3.0248422451318486,2
16.47626863411266,29.529811503851064,6.066344760144226,2.192441049581124,-2.682118467787106,2
25.18886609580388,27.793161765038914,-2.2325079286380163,3.3362911322286033,-4.535411765522278,2
24.835202162281615,22.484515832077573,2.310320126742898,1.2507002924321224,-3.510532346416288,2
25.30057074735883,35.15213507467588,3.244821898244065,4.01741118731062,-7.428565111302905,2
35.581741992730485,23.9470058213803,-8.574593753857844,5.009074661432315,4.17963789172078,2
22.19003031596429,21.69666808310339,-7.45327172380283,-3.2813152167691166,-3.539222192796882,2
17.279713737230757,33.36484822649373,2.2434005990935173,-0.4740641188255288,-4.712902278070972,2
27.159148228007187,27.118622639031962,0.5583509163112264,1.4909308713662843,0.9269431589963801,2
23.050906102689478,27.84796298969542,-0.4924862819292377,-9.513795686084602,1.708808251525806,2
20.330430643912845,26.537323820041433,5.575766677957811,0.7286494553087233,-0.8989842729315327,2
22.326326844116885,23.68183361225011,1.8340703853352835,2.2208136252255124,2.4241792076772235,2
23.53252454691826,23.814499705896292,6.337250748764913,1.659155069385845,-4.920970364602345,2
26.344505267464786,24.28679292540733,-0.6140201640244243,-2.0497966853253566,-5.3617396303011295,2
25.800895218480903,31.126939284100352,-3.258913084194644,5.723039666039307,-4.166813743014618,2
28.753125094059193,28.646599225933354,-3.2386521153024113,4.421925554856095,2.3816072763343006,2
29.231505024709897,23.176321855807664,5.646525348566118,-2.4287824049634037,1.0027727808141758,2
28.26779869319516,23.91993599066993,-1.9779060565467272,-5.547493830842878,-6.083787729164568,2
26.20225381617576,29.763770154213574,9.3525477573967,6.312952827658169,1.7410513451381016,2
22.66832043219758,26.573784910329753,1.2756979197945109,-1.2931883963925137,-0.8853656353528656,2
25.448748775115412,28.39698212730161,3.8722731552570897,3.5298606450511105,0.772730034103452,2
79.43626838288017,22.359033837650884,-0.254003858212299,0.36518295966361414,5.723301914668306,3
77.12715083919123,20.285262929799355,3.811499552453728,-0.16352005212882315,0.07012346780037038,3
82.45189192703862,16.96178234760498,2.6875978777057186,-1.845161060256466,2.8381164356132453,3
79.29350904427706,20.665850410146735,1.824952397522823,0.0473695658970561,1.6034644273287209,3
79.57983543139169,22.96749774267547,-0.1309476452399312,-0.1484543474061888,-0.22183531675069124,3
77.37226598654301,19.19120244666652,-0.3642507902403882,2.6522041947025885,1.8618573130250295,3
81.28145291814972,17.590068444373127,3.3190926050582905,2.9984531717450524,2.0297353173056223,3
80.30927905941593,23.153111908533013,0.8767120907069633,-1.0481325904281311,3.607821725767352,3
78.03094665908921,18.64662873576082,-0.5681870347959546,1.205883397121449,3.1641130475406336,3
80.08617057920807,20.28702188079434,0.5094356568750795,0.6756238697444652,-1.3301619916392897,3
74.58352788657923,19.791503648206152,4.529214760630743,-2.9294699445053705,4.281299759203621,3
80.57960132071561,18.92278004639109,3.1391747749642565,1.6239935795261506,-0.551382559866384,3
82.10552349389384,17.881410687360848,2.885164351877097,-0.5464697207984279,2.094009997778099,3
79.71407471778953,16.45099758271939,0.6973773711500453,0.11835416072881788,2.025866032168137,3
80.43519584522706,19.98357231749672,2.8003613452753418,-2.1659289466515896,0.4822465212733478,3
79.45538429420675,16.78563171672579,0.6374839732338089,3.4060682108396554,5.111955884724794,3
80.53393318885962,17.590233712807102,1.2525663458718697,2.930849585967079,-2.3972531195196276,3
78.82318825428575,19.629606465249104,-2.7651874139222588,2.562138969536481,0.5301636782176524,3
80.14660535971066,20.66508407573497,1.5264618407950572,0.3349070181626691,-0.24188206351887231,3
79.36171008279804,22.235424043424594,-0.08432532319299124,1.9209320854037886,-0.04819616997938381,3
78.82012383742163,18.888070935639394,-0.1980981987299666,-0.2549986125327892,-2.2720697410127317,3
77.46436043627354,21.532969735644947,1.5677787529235196,-0.19616421097543624,1.2204621039856167,3
77.31956535607446,18.0042329082038,0.2530329025167751,1.2257696726462064,0.9649635926766664,3
78.71018203130518,17.766625447704808,3.361376511072093,0.31494214044640423,2.8297528495885964,3
83.7116239083118,21.29199946281173,2.7802972388357907,0.2941176175118042,-1.6322520433274734,3
79.36815647705512,19.37931077730119,0.03719642542976764,1.4565598242430995,3.8243040983021235,3
84.22472815479581,22.14450081094374,3.3658977096302976,-1.8838376481756738,-0.30601421115458316,3
81.06035259431083,18.764183046066627,-0.5809732671788139,0.442673377039429,1.0556402041272785,3
82.01589765250388,17.402679744045777,3.2865238375333776,1.3195539057422296,2.1172084663181208,3
79.54447153770909,18.12840198499992,-0.5453107252760101,0.9957486144865711,3.1910512921910152,3
78.12557010713883,21.74951965350944,-2.2625159207839878,-0.35223468707577354,1.1757868308653805,3
79.08167299919484,20.506645905164618,1.7328907186324725,1.7053058118343283,1.7736871921448387,3
81.29817446152919,22.025757264724735,6.120909000112919,2.4451927825270303,1.553536846846533,3
76.98031923300907,20.037459967540713,1.497413497956794,2.1195549823918105,0.5275772640521788,3
78.58042550157074,18.051780687702493,0.5958000576581282,-0.021961017134012106,1.1135272174582176,3
77.46667659439588,20.007246185369603,3.1071767849031104,6.691376749195262,-2.617328269844877,3
83.49936004976588,20.64077626087261,2.6672249992681296,-0.22510178578971574,0.24498331542530527,3
79.44072702573459,19.27448670897511,2.5075417177823267,4.680096963373975,-0.5290450185570597,3
80.30793506047154,19.78802853184781,1.8211643748456021,-0.7371488384921769,2.0395788224341507,3
80.05504523295374,18.98389426891722,-2.533288112593387,1.8401192508251403,-1.5433180059559168,3
80.48573204240517,23.387844463469076,2.5974030125391563,0.8610296820992168,1.1635112485004027,3
82.5795273551617,21.068159421195205,3.156525380639077,-0.9237865849219848,2.103276480036352,3
76.71032433579418,21.33716755663869,2.2939675260789456,-1.0019224364177828,1.3623114462429988,3
81.97046508967723,23.378260429021033,1.4714299627106542,3.612965142355919,4.845674669032759,3
81.07054961223146,21.502080759259115,0.527102937417238,-4.209160018694735,0.7052311745762354,3
79.92336106823127,26.039589079148115,0.7169586783335817,-2.024851648061743,3.706907938020494,3
75.75166715239047,17.203549222517946,1.0255676312105753,2.9861633867223483,2.662686617275007,3
82.62921812995405,22.22265740679689,0.7294900731554252,2.4928943459467905,0.3684898795253623,3
77.7762185893593,20.428916671431008,1.7105945219532155,-0.034481235756778306,0.6345651880208444,3
77.38519136866233,22.2717550581025,4.364113036328947,-1.5434187809247235,-0.8254669541371726,3
79.92352158985614,23.756292781416263,2.135916121267707,0.14131739031864976,-1.7759391088985113,3
84.64399151898937,24.880610399515408,1.0564328390555746,0.8770566669177278,1.195508158566058,3
79.78421816311374,20.30578152151694,-2.871201108671806,-1.3387446895023425,3.142068925032635,3
80.44573588185588,19.83699408744276,2.332635094288567,0.3306249227891144,2.7074466697233315,3
77.19217868287653,22.315042087273184,2.674356573142234,3.264984527870967,0.731755521076183,3
78.31576539668264,19.699224852755822,1.0393682604070686,1.7663767520785707,-0.7498290857486241,3
80.71807178549369,19.049879577474552,-0.056047296634135435,-0.9336416832865073,5.104604508637547,3
82.6400807379843,15.741780279842276,1.187225998257308,4.390635093073524,-2.965911445533997,3
79.5051954730754,20.635189001687316,3.218662426020037,1.5656708794318537,-0.49349083430520424,3
82.12233205752065,15.316536162058792,3.630873111364987,-0.8190110826174157,2.724338018600342,3
79.58526775330658,17.8139803388177,2.1497046110564195,3.949522372404913,-1.044065759131557,3
80.20609603960136,20.471887270102755,1.1097697669095732,-1.473422253904359,4.418208303549676,3
81.15104498338687,21.030443994440958,-2.4336828489396645,-0.5416915576783643,-2.389161662033443,3
78.83941091464953,20.533584957746527,1.5133350028616575,4.113983527918634,-1.40760234610191,3
78.24621544120015,18.908378813465756,-0.7108303697323777,2.792224611537544,0.46669228624817527,3
79.37983958074332,18.603367653402774,2.4516563767635433,3.1778801514767925,-0.7500225155885385,3
78.69308378722096,20.48417057388778,0.36849978745342826,4.325758194736476,0.10437052909361999,3
78.58625885291444,19.522145888458848,2.052435196626184,2.483271511852735,0.3144962239589931,3
78.79116982436699,21.2309354671244,0.00305104825204916,-1.309209103405172,1.9524621641306603,3
77.79351342576344,19.51758705331805,0.6073118678612992,1.5494281854446321,0.3707934670086628,3
82.19338606601659,19.834592373911708,-2.0479767385940386,2.705914549490846,1.0187934938210395,3
81.74688348328849,17.061496402793384,3.5915353285862373,-1.3624678372228125,2.3812932741872572,3
78.77650758639983,18.584276250063006,2.5128857222819416,1.6446909449291263,2.413699436135488,3
77.35919883184633,20.021202373657804,0.51571061458658,-1.7250467877824214,6.368204771311642,3
80.66609815123547,19.382753862950477,2.7874064298715933,1.10290417859909,-2.813077297641723,3
78.29306150594381,21.92540905992892,0.5502654638197348,-2.908574643823067,2.5841133827388343,3
80.58961310409168,17.419765278798035,-1.1257653930547584,4.438145522225365,3.610463863328044,3
83.392532336646,20.296715844752857,0.8640645626479114,5.926616584918014,0.18811789900406273,3
79.17871841667893,18.125354567156553,2.1424433171687944,3.527496942894168,4.011729469889993,3
81.75345732696375,18.024027981141867,-1.0710190386922922,3.41786197102078,0.3873225781863935,3
78.08444217723114,22.674687827155417,-2.520032680108451,-0.9839021468739093,1.0319754909331489,3
79.83579230861133,18.35852205332044,1.241933350455112,-0.9586450528568848,-0.7203422521616927,3
78.48647445414953,21.07578806636394,-3.057540098505469,0.18888581116538106,0.8409226155479177,3
77.90068709381673,18.322837348167656,0.3632640015463351,2.075807983841203,1.4296773412779131,3
81.09305032116929,14.649582789356558,1.002324496250595,0.8991501749785329,0.16093819642913476,3
80.11672426142364,18.466324515072735,0.8295462140375726,3.5782253494798306,3.771279679711221,3
81.9956019389542,19.22119791639386,-2.0659762403518442,-1.1669407814225035,1.5456079316145246,3
78.58328070431395,22.846828757759443,-0.3042145260798057,-1.1164607167718605,3.5200081897427777,3
77.92613958197741,20.78009891951218,-0.019281836055588863,-3.1374776583557225,1.6892397346012578,3
80.31322731068995,18.97537052081533,1.535538137017093,1.6853477982720695,1.4247403284447986,3
79.02539590574625,21.983081942426384,0.9461438264226365,-2.0685692306065744,0.8200551262842966,3
81.40660141244953,22.140007260372013,3.806922250623488,2.3662042638314547,-0.9981511258381177,3
77.05597559098051,18.020185551789623,-3.5331522221529417,-1.3356961645370218,0.7799944124433038,3
81.44032864833481,22.67082450935179,2.636913619018353,3.3318357077552503,1.312156717710049,3
81.15489240975738,24.573927234315917,0.9207221280452441,2.1520149419914683,-0.5417278043000977,3
79.57442177144932,18.50175177349121,-4.017628823548016,2.026664009320519,-0.22238984153999297,3
80.50796616477116,15.892466277615693,1.4598898023103417,-0.09612925295777819,1.2025409310337638,3
77.9198521078135,20.34683151851249,3.2419594240553127,1.902330461700815,1.7792895440249255,3
82.34553040335273,14.905260399270066,-0.9477846088012569,-4.355312263892531,3.5059199865042125,3
84.21697498352393,20.899673413457332,2.943579850004655,0.10778005733074347,1.491514011964071,3
77.6100667699572,20.41129150244947,-2.4441439271730534,3.0926762197085695,-0.11157553162491918,3
79.03833274046015,17.986617095470347,-3.4259648990194744,-0.17242279776964264,3.409899241552063,3
80.1120082283895,25.98057677693767,0.01587970221184809,2.0376241328444706,-0.9639041473260579,3
76.77106386194517,21.40407874623527,0.25200520794735837,2.5595531985800903,-4.232785742184248,3
81.02529323121881,20.76162846502053,-1.4425084260842742,0.7540907956199493,0.9272347811231291,3
77.61780958787385,24.283166687704863,0.35452100325643,1.9465736145469235,-4.857520838947889,3
80.83257991594441,21.896711030628403,-0.4833871359939814,2.9047947619017034,-1.7372620963346228,3
80.6099439386395,17.608174756064805,0.20384606053383902,-1.0389289423295422,1.9869445596885293,3
80.09520767281296,18.00886527380283,-0.33291205842914895,4.326164822498663,-2.1056378956239015,3
78.57634479213895,18.624148677399628,0.23063923505806694,-0.7759647526088305,4.417037746674154,3
78.70873958002926,19.788491788020007,2.702806368334908,2.4916352428059887,-0.01989008619185273,3
80.5153718581358,22.284672977699326,1.8900359302468828,2.841180239733835,-0.40384950720127955,3
77.57168563869399,20.71698833857757,-0.5613148875078875,0.4985912267704472,0.08290246693169057,3
79.80939933989924,21.553420178735706,2.3535516463285875,3.9131822554204034,0.6172807210712461,3
81.05812327175516,19.686455924274245,2.0571699399690777,-1.4499310521400575,0.4678480736975682,3
79.00661537346677,18.050365132262243,1.8455051337437907,2.0502143587714583,-0.43868113993798485,3
84.60754479732039,21.695512978619778,0.2777972498406722,0.16933932057332501,-0.541255785966209,3
81.30161908557982,16.69479578116824,2.8297121250264725,1.7755692389726927,1.8459813753190606,3
80.09969394708783,20.471699837130885,0.17346520168347201,-0.08477170702335357,0.8618357317113091,3
79.60854376727009,22.331865977126693,2.6933835425303894,-0.07702824314606516,1.4821172084716487,3
80.29584295739106,17.644856235834773,-0.49353923246695186,-1.5990156077013973,3.9986999635337654,3
83.84175288117274,21.567824278725723,3.8444460385285604,0.19712422913566563,0.7309506101536156,3
79.09736491875529,17.99966431644182,1.4548008649007893,-0.9841482942514985,0.7481706586650173,3
82.91680259458641,21.12916349307696,-0.4863061051201192,0.36936294298295347,-1.1885892832597973,3
78.49393391163618,18.673400708315597,0.41932913084937984,0.9383553336393082,-0.0678512541303593,3
79.40281388905682,22.821707382993328,-0.3276857972729337,-1.8907719052609435,0.9315347134415436,3
80.07468590572664,24.22988694031764,-0.7976941664003472,-1.4596749489881296,1.6303026283005368,3
80.70679811126081,20.650058721641436,2.5824284332434218,2.0732575943329294,4.76878735536809,3
80.07219818214476,21.38651920077153,-0.30959259686208784,0.6513953663379309,2.4117931287075365,3
75.99756267619617,19.64209893534821,0.12929302511196716,1.7762295537714798,-3.1272352457271912,3
75.66952305380435,21.344821748894667,-0.32721061761876746,0.9027842530777231,-1.7089570175437059,3
77.74668286311288,18.025274482358505,2.149338051176822,-0.6722684805588726,4.4363145075093495,3
79.2962888429316,23.10577389996322,0.7620263710685315,2.8261410237616698,0.901495298158753,3
80.03471498924459,20.16724254665502,-0.4033204753805235,-2.337386087280859,-0.24959834651487478,3
79.53216408705661,20.769830711273542,2.637617556002635,0.9062182663981623,1.0362602299847807,3
82.05787156160082,18.906292298987264,0.21997658043587642,4.247198518514057,4.773563556695127,3
82.66328820495595,17.7741526784989,2.2335739912205232,1.0813739216907705,0.8592875922940297,3
77.08519855154066,21.89659952494009,0.9725146252289716,2.727693693667862,0.5587371305687612,3
81.3493252288476,18.14511613824426,5.455599021853429,1.2955308959965701,2.557552371315876,3
81.1000040384868,19.519192740484424,2.1028882151554793,1.6415141047823618,-0.4109762710907825,3
85.0589597524601,19.38129989017499,2.383468114758095,1.8035920420013145,2.774232724165438,3
77.73101343637785,19.634707957872195,2.6070826002053646,0.8947494838465924,2.748903113764442,3
80.43502132121814,20.964423441336603,2.303548095601048,1.3074280348660676,3.392764003598248,3
80.09195432848362,20.52092280491645,-2.4913376989730804,1.8210079097877105,1.7280642700210853,3
81.05440203103136,20.548260366197717,-3.075368626805968,3.5596826105436006,-2.2314160628990467,3
77.01567563535038,19.512663656367007,3.322648192174354,-0.2901252440568316,3.9191345403107984,3
81.32601938634107,18.591680540468683,3.96249368679603,0.5015337029914239,-0.21476486077925605,3
77.82954986925158,17.547984062085327,3.7448332261003183,4.260689611618024,2.092407613521022,3
77.41559861784467,20.795225737540274,-0.3949799578330162,2.114703392566233,0.2926214640802691,3
78.70746622152684,20.97763880966561,0.7652562689668663,-1.6649205032615937,-0.15538179812462483,3
78.22821788504416,20.053062355152,3.2980535894191654,-0.3625976320185642,-2.9471445915938133,3
79.17640462139212,16.327698668907015,-1.497747349201204,0.5932802564576869,0.8245887354809402,3
81.54878565457595,16.482957701207795,-0.3855144589343322,0.22020027173640844,3.1659707154183603,3
77.3387158697398,21.323120312454826,1.285620180069519,0.6860040367433544,1.6312530367292024,3
80.67747632340118,24.614978186796435,-1.1703846283582808,0.9272378357354985,-0.2025089375737168,3
77.576465832052,18.434723030611845,3.638317891029541,-2.126051520656433,0.8809328212521712,3
84.36541570012656,16.734047502813223,-0.6605453882638348,-0.6167781782589723,1.8060255798998661,3
80.30843587323393,19.700062242552157,-0.6810155457032752,1.2880616943150083,-0.9743977228527847,3
81.02825338139945,21.059293483455782,-1.9844300034810107,-0.7654010912713765,2.5769350328126555,3
78.2783975413676,18.457960112360485,1.3427334371904933,0.635322875542546,0.5579660288139037,3
81.55418328179559,20.9949371409796,-3.8249946567494266,1.3252293737232606,-1.9092144649633789,3
79.78478865218918,19.441691819301205,3.1870285796686897,-0.21169707190068365,-1.3885163663178663,3
80.30283429343913,23.74273296660929,0.6711689878007692,-3.1615564969589913,-1.1196487044325814,3
83.20002550844535,18.43066148177684,2.6195337852190015,1.7819506261762288,2.416050902412352,3
80.33803198738569,18.90208694258365,-2.1236841991952864,-0.6178754622330582,2.2790047140379963,3
83.53877203565115,17.68651385796336,3.893076450613123,2.627516948638294,-0.21131726269943374,3
77.89476355149326,18.810029680590034,2.1171168418246307,-0.8559489685091222,-0.3556882384630511,3
78.7267363613015,23.362416630850987,-0.7019650019863279,5.702198430644113,-0.918386364206428,3
80.23317022437502,21.71743735435164,4.984911098707098,3.0127502379610744,0.10146932636479877,3
79.1270823421906,16.323023329014113,3.051834723036638,-0.18834792124821997,1.189373349321607,3
79.57780053982547,21.172185982730856,0.4237993334942164,3.289524529751349,1.5440149889483812,3
83.53189178412816,19.93320654658392,-0.3209085004267329,3.3885540423903255,1.834076406593688,3
78.47872030718705,18.69855570757709,1.883852047403149,0.46978480765988095,0.7873107757249891,3
78.99507740991815,19.53880648419363,4.59876836309085,-2.256715070360175,2.6007473099752256,3
79.85396731435517,19.44278108385892,0.949578498970878,1.071774200771538,2.3014304103589085,3
79.39878534387172,21.14100590391485,2.095988883470011,-1.7025502382923134,6.916292953610189,3
78.03731881502344,19.473033647901556,0.4131180707328449,-4.67508710778883,1.836831571426348,3
76.86126755840364,18.717052365958892,1.8459168080323696,5.283119304602894,-0.3451740798101146,3
79.7180290914078,15.416676488971621,6.379209685879378,-1.1715554651547828,0.8763359947931963,3
81.23030564100868,20.174676241234845,3.549076078908409,2.282219164033069,2.633720255420772,3
81.53937156613125,19.499834111861993,1.0145379776464776,0.44252644880856884,-0.5345250095515346,3
80.45562033037132,20.149145414128512,-0.16924686506485798,2.885630378095924,1.3020800946309774,3
81.32666031362372,18.17864359689612,2.173166144328466,2.8261811352212844,-0.8181475664125357,3
79.45297622844124,19.327625442815965,-1.1258306266076392,-1.1671207138688082,-1.9093607223216726,3
79.74841035707861,20.73834137431078,0.41852928811443435,-0.5562096897229465,1.7937094767773778,3
79.99418849168231,22.460887859136502,-0.48999393620069864,4.869097452540004,2.067576702172067,3
79.27642521214901,16.85416541612935,3.9514904834408595,0.5687170091131497,-0.8046179633585571,3
79.83954012365109,23.844953267311478,0.4849483935678325,1.4002373440935445,-0.547532719242735,3
78.01935993615247,19.226004865159208,2.4051012508911516,0.42935792431923503,-0.3045681405258067,3
78.31370774288516,21.489660665173353,0.7615659186072299,-0.35938191833313415,-1.8017878648592398,3
80.43833793392982,20.540221185193932,3.930244289336859,-0.046838346708529155,1.7449982714174912,3
82.55896636642123,19.178709040384923,1.1175509944162956,0.6699463799466129,3.2232178503076128,3
79.3237553458158,20.49427537057224,-1.5841125921051007,-0.5660407995384027,3.304161986595908,3
78.78078858273724,17.956490796224934,2.1737976630524534,2.723009676132267,-0.5960778969864964,3
84.17194983963793,20.87167682697245,1.7535935654950696,5.157256743606301,0.875852238865687,3
75.41282017109965,21.274335036749836,1.8329536635014612,1.3358892101610662,1.0873757422073398,3
81.06853721615583,19.837697273465814,-0.39551584157670194,1.3694098195746123,2.2871352316080045,3
79.7060180279742,18.230201797412878,3.559452410211571,4.08521318043339,-0.8191840622310549,3
79.07335703553566,16.928671645410724,2.572335563328203,1.0246617840432248,1.1670644463292437,3
83.41561539771536,19.13136827917799,-0.1908485887898752,1.6739929038163424,3.140377673834995,3
80.48408058819473,16.79097288378608,0.6661659704290644,3.6740313131100013,-0.43143571806506054,3
82.01463521681693,21.468694209230307,3.5588923855968124,1.8589924529731188,3.8134625113695515,3
80.09829941196126,19.25263504497873,-3.9010325262663432,-0.3039273293780935,-0.5598591840862612,3
80.54089643785098,17.819747898301458,-0.5537883015170983,-0.07542230580585585,0.6260063407955945,3
79.55528072044753,19.949020326832542,-0.00731265246270163,1.0896053101919945,1.8079188240144761,3
81.99935418253669,17.40135844846688,-0.0708245586140499,3.25075200611173,3.186733738711904,3
78.70387243819525,22.017929616338556,-0.3706133975365147,-0.7915282258781731,1.834503149365786,3
80.06172545013234,17.362445536420296,3.05894151825562,3.5993631631672054,2.341706427049465,3
80.46492027002702,18.97055724145619,4.933665134315504,1.5583320508820098,1.0803026948566163,3
82.36353700712623,21.885895793534786,-0.26257419249719827,0.14479876530960656,2.1384942963740263,3
82.77055888971104,23.343656349733102,-3.0265971437982904,2.9989892728483367,1.8650723228455734,3
81.4586648750723,17.713453732877053,1.6182575547767644,2.6672917123807567,2.991388924349514,3
79.18547781998205,17.072421454001006,0.7608972157651945,0.7360789182536286,0.5090958578487806,3
80.88367972612912,19.044687571679077,4.674518136563348,1.0636263900031566,4.6601324493782155,3
77.62055309882008,18.370670983392834,1.1792695939644844,-1.3627604558510478,0.3022428957512543,3
82.75329050791113,17.446195413668054,0.3414478936501576,-0.7154570353319452,0.9314757257099978,3
79.33886368866477,21.12015154461827,0.20152497794936297,1.2714169173451713,1.4032151774570707,3
81.27926239314283,22.150014332463527,5.664995818453178,-0.934599261858279,0.8166415118899675,3
81.60116163303275,21.00358139048367,1.8182546364973529,6.594592394138339,2.120924894667547,3
79.42867132032738,22.192251701672394,3.6837556327977983,-2.4476093588241365,-0.8882698963058757,3
78.95792565861595,18.46225284188246,1.3390566696599704,2.0000434728588994,2.095026776602549,3
80.66240661375758,18.26260374065273,-1.9498492509591716,4.6463854724319,-0.3392786057885877,3
82.80381282496356,18.127452414008935,-0.5852594115844483,0.31895628531772147,-1.5308937471957065,3
77.01960027552764,16.827991079389324,1.194088056522771,1.0572448840161905,-0.6274546541551262,3
77.87596602899585,20.15907386450986,2.7556511854506347,-1.8089217704620744,0.5013135050376922,3
83.13037369905062,22.60351584410287,-2.2065955932040655,5.428557258268907,4.642080227921818,3
79.70023114605965,19.706567745923685,-2.7645361661712697,0.5594581204936295,1.7450210945310354,3
83.02804072204565,23.263015239299403,0.6067845990130597,2.256246341863737,2.049258331382724,3
79.2111667206353,20.724103587283643,-2.063937052290634,-0.10593717790538681,1.5699951936294996,3
81.50964291266841,18.11159385753551,0.4588430918163947,2.7759177692946766,3.9793087246057803,3
77.08465979662346,18.750191679447713,-2.991122238859656,-0.17308113128706037,2.1447298840414124,3
80.91712690123536,21.089798461939758,-0.4275160104461664,2.142681736043528,-2.2180270930192347,3
81.12657572766147,20.70851675226795,-0.37694563303062223,3.8447460611770397,-4.268530155084542,3
79.41429812530691,18.664520767153288,1.140966491559119,1.4767229464853382,0.20501067928842243,3
77.47946645816307,20.093298987087007,1.3212057367198597,0.4641229385162119,2.8162764004506835,3
78.34635134568238,20.181679768060572,0.8457091393883626,4.520619470491477,-2.6904285285090066,3
79.63418339014002,19.84048507108065,1.722742204117684,1.3455787463143658,0.4221846235478872,3
78.67153815501338,22.46368803913834,0.7462001550477726,2.118071803042638,-3.28428955547702,3
79.91379103112172,16.924317927194146,2.4193607166380455,-2.382384623185066,1.0024522202506425,3
77.38684582064703,20.44522994356009,-1.0559878559148297,-2.896720919179303,0.58327568540489,3
80.99311851766008,19.302916699888748,1.5576340824150186,-3.3475159331300945,2.767975580611724,3
78.91747769745594,18.11465360329026,2.3184486049453117,3.160715399247021,0.4819529419138836,3
82.61501261522683,20.052507228175475,1.2532385046861791,2.796795433590795,-0.5891897794781025,3
77.32982865427167,21.046091700418962,-2.3221072439358754,1.8847478265470787,-0.3741169792337904,3
83.29336704501024,21.761879576754037,2.1751936319688383,4.922100132954855,1.0383914698321826,3
81.56498040710923,22.40176898289025,1.0226071059178936,-0.5955619926016704,-1.0951928308289167,3
77.38793158817765,19.090428151180145,-0.6249998152500533,0.6360422788136093,3.06452727904152,3
83.05998963331304,19.81825629245404,1.3958115835964509,-2.3511275580775126,1.2744447255056703,3
80.41802172399174,21.75711041040205,-2.5113007316055005,1.6145182947066687,1.2381148258864583,3
81.33031739001184,18.812667091595255,-1.2784449160509448,-1.7897731654768374,1.289916415242664,3
50.22060896688977,50.23037583429782,1.505991427496828,2.38086156599385,-0.7997899197403004,4
49.95980773841634,53.26526684622839,1.7816347139130975,2.678069951163917,1.819957529718859,4
52.484489049477936,50.80434657565768,2.29922214912962,3.595229802810301,-1.5106884972429873,4
50.41750215894253,48.55517854220689,3.601912471644836,2.0236428873429593,5.127977870365777,4
50.32707918101163,54.24857914095656,0.07397941280118592,3.4428978786943496,4.605821678095962,4
48.613637384485344,52.56565596214506,-1.727745599327581,-0.022580391190539784,1.7653469201241094,4
51.574179584825586,47.68718797058605,3.5635991909941835,2.1433769819937467,-1.053416233155764,4
50.85850194375032,49.39129187173973,4.971132871181792,-0.6827140876729898,0.5832574116442159,4
48.677088201663516,51.19211504907821,0.9646397434392369,2.215325044344099,0.04301199024643221,4
48.82601182615419,45.93423887168288,0.18468149928706212,4.220354301187378,3.5119772371325024,4
49.00444844878621,49.21802524984297,5.261945097858964,1.2054960607883936,-0.4047290112224189,4
51.00612859303645,47.38256494901619,2.2336003453882847,-1.4991542451544766,0.22438326382977625,4
47.49730164999557,49.67917239859006,-0.757819710527829,0.13567778363741512,-0.6929228057268593,4
51.766307790983724,45.631759371992544,4.3110857120829476,-1.9892850611069401,-2.022647963732618,4
49.68599094565859,49.857000961873055,1.7160577787656681,1.166668519562966,1.438026900029178,4
50.82000918178144,47.816651540643434,5.429641094643434,1.8596374312097042,1.2182011508666695,4
49.682866968085115,47.01567690068746,-0.4340618890879884,4.03412048220504,3.077934444927602,4
49.63923314202779,51.759857646170104,2.741359078102259,2.999928768827132,3.6619673345659645,4
52.37819611313843,50.27601735682959,5.570197259714824,0.08004115431373382,1.9431109360462246,4
47.01813325536639,48.22901291176128,-4.017948039107231,2.412492373977959,1.8579008989643597,4
47.45880783130337,51.71480727592772,3.226330246836215,-2.869743220376543,-3.7084079810942896,4
47.47372508093342,50.11809611166393,-0.44912637817028633,2.226113903166234,0.7954377743771291,4
53.16637363748394,52.15435457987412,-0.5079543870536827,4.161759196815434,0.12000786106289296,4
50.08636678545114,49.981610802498665,0.8867973928323692,2.959325432734001,0.015519098390078923,4
51.03471290194134,48.292754752984806,1.40940828840751,1.2582542992273567,0.25370067186989387,4
52.50959581319646,45.79787281580391,2.635542442859859,3.0402709727172206,-0.531963841218015,4
49.069704781851556,50.01898891904578,3.451174838027691,1.566332785033203,-1.4419379181688634,4
51.78930661948064,49.61461454451063,0.9908521690632092,2.0600521075002733,2.7764361744610935,4
51.928653262995496,51.35768105195484,1.8728392600173063,0.7045223484853977,-0.9084730868209288,4
51.25255667948264,50.47978379594896,-0.9834721011687437,2.153467270293671,0.23059983083835878,4
53.66336132224223,52.15804381802353,-0.5394945074521267,2.0659827684085164,-0.764779094101079,4
50.15668696589782,49.0284789281593,3.3490426353876184,-0.1835798243221729,1.5487907464161026,4
47.78471216779535,52.00199531155436,-0.7402831504666214,0.4570969878640164,0.058487639559121174,4
47.540741807115964,49.48346080644228,0.6619519324505958,-2.1664517785197592,-2.281199758923014,4
54.47739156897489,53.23858904818734,1.007314352920525,1.3154610329494258,1.7997329860094424,4
50.974177544007716,51.39779491723968,7.563299822421687,1.1254574009350549,-1.290491380512956,4
51.85127774505574,49.656120987887014,-0.28876218158566735,0.06482118631375577,1.1033368515963455,4
54.499148078559294,50.08625548749308,-0.9817655560257257,-0.8551520079017378,1.20798244089401,4
51.39620591175047,50.840813054190306,3.03542215180387,1.1873648066207596,-0.19744108015609663,4
45.48164197819712,47.25085281052128,-0.8125720873778761,1.3230221216298814,-0.8636087501701837,4
48.53960452338905,50.949229281714274,0.3450952701199902,0.7242544597671756,-0.09861997444498072,4
51.74605276034714,48.22060791473719,1.5879643711973384,1.3707496853086436,-1.4141730257122056,4
52.06919239423114,49.80796193144058,1.3811697363452486,4.215932905982994,1.1402544299152846,4
50.31088851814935,46.268958318740474,1.1523808130107582,4.001450927827871,1.129453602790349,4
51.918749480586996,55.78092843314339,1.6556071054476225,-1.5466724759094923,2.421047680861477,4
52.618896778983455,51.087180221433876,-0.07396295549153642,2.5411962828099375,-0.3772257449586027,4
48.186594123725456,50.39871313190253,2.0992244657778185,1.2212015253037167,0.9370272819778137,4
49.56619142383559,51.5111043578844,-0.20521116330480194,6.395230255866715,1.381451725191748,4
47.320869096095386,50.32022160944614,-0.3757987712131181,-3.821263913790485,-0.15029081132098776,4
48.331617928581956,50.3731519485319,0.9482154214275471,4.085410673220043,2.8284575972307815,4
50.3546296325312,48.33600662726794,0.344345793909525,1.4251858236980959,3.750708547384473,4
49.39330319067975,50.99294378000286,0.7122500667651792,4.184052512325232,5.61237731761677,4
47.40841360535375,53.0921405683615,0.9850976065659249,-2.2682066131428344,0.7557523781799682,4
48.4117289449695,49.0005189757038,4.783711635082648,-0.8188388190473139,-1.0648532977567284,4
50.612056713547226,51.936852960950254,1.1571983945559778,0.6956048738347897,3.0239289672591534,4
47.952924728234684,53.69973742847913,1.2108818598648772,-0.5104150654052644,-3.705367688272638,4
49.838109069058625,50.88408971848378,0.1916081343566215,-0.5260549425122363,-1.0983569633693917,4
50.52751325073729,49.2476132534836,-0.8580189679253638,-0.9907216874340383,-2.8345697412750552,4
47.31367807238935,45.16876992968127,1.684318807873649,1.181068728807475,0.871374202488354,4
49.6994063899785,51.344018681442535,-1.1712944479954022,-0.30699340846942214,1.0413089891897283,4
49.016717116408785,51.16364874401731,1.289292515468412,-0.22100127612890685,5.5824302162986035,4
50.55565521744543,52.00404934693647,-0.5570216218507626,1.3009401340201725,0.6947032746775581,4
51.181171460102554,50.29823880899597,-0.5931838615174962,0.4344101940874586,3.326726866736053,4
50.29711176101529,48.52733186683912,-0.7834315148163724,1.3138196118757808,1.101488554928696,4
53.26156772629444,52.428045776490244,1.5729921205860835,-1.5951393617142973,3.490102785019346,4
48.48619328342799,44.85865579423398,0.7881894786517072,1.4466176526099874,0.10844934920987115,4
50.76898545689068,51.96470646698712,0.1401010860466152,-1.1695977496826258,0.5503306013502531,4
51.27068245137905,49.657897179939745,-0.4221267233518995,-1.0330845919023197,0.018576846169723216,4
50.56705770799387,48.865137709654945,0.02402679793449569,2.3016708580448872,2.2271558744832705,4
52.602801202475774,48.163246605762524,1.040268048172652,-0.2026987620342393,-0.9257141808989251,4
47.86903714228228,51.919280221625804,4.137585749809366,-1.5771027789856706,0.4186534276296039,4
47.4956197464513,49.30659831700507,6.117519915938149,0.7163722636444969,-3.1303312427104597,4
49.939700831662925,49.84021122082944,0.29259029160718697,-1.3412781535727865,2.3352496645048695,4
48.765012786388596,51.19236912705874,2.489419308893588,3.410185607670874,-1.9080371389252067,4
49.7293324232144,50.885865401201656,0.7428392057172747,2.305047188381736,0.6559597049799721,4
50.91068267413832,50.20454482874003,3.0072320961977725,1.655978110632192,0.38865307903618207,4
47.89992380876045,49.67359299486089,-3.5773379643512806,3.0840974937376457,-3.9396762178550233,4
49.76609622311349,47.87770457243148,0.3605535934546312,-0.2711346989419945,2.9275039027295104,4
48.83638134597205,51.45337029412835,2.4747474947917567,0.6915654972607872,0.590457981446787,4
50.4742988645288,49.12860940296712,4.993006986147553,1.6018694858664353,0.7169955887168717,4
51.752055539997514,49.083773157448114,-1.4920059980744371,1.4529028319662134,5.563690485995714,4
49.64226102556798,53.33153923875728,2.0438881463708696,2.5531106534445005,-0.9664260164358847,4
44.2142277282803,52.310730625399565,3.684755158631491,-2.8929749661840956,4.592305127315231,4
49.6192855616376,51.85473630744293,-1.7574577921362846,1.4518181823522949,-0.8911355997147259,4
43.90938779670637,47.652269264858475,-0.015673060914492165,0.15298587524158835,-1.872782293794871,4
48.231342814518364,51.48946386540738,-0.6167195364374776,3.36675424345781,0.7525535684498041,4
50.204572531312515,53.61737119989807,-1.3694808088009358,0.34209090418954324,1.5680790196855865,4
51.32188108863254,50.64042831615883,4.139404801375335,0.4002995184308078,3.955494744983565,4
47.766636998191,46.36641864435098,0.13171428683880215,0.8882816491376805,1.0792686839605916,4
49.48739382295652,47.718379883311144,3.8879504392973847,0.1693402315367435,0.6938491811523746,4
49.43781707223221,46.68079526256897,2.1202796414129543,-0.017075423893367914,1.5136251819659887,4
48.76201765133416,48.99044443383775,0.7865674575819334,1.2929767571384605,3.5872832846457654,4
51.39423267939086,51.76755477674534,-0.5311957576019861,0.652363689086775,2.698091664583791,4
50.707964764647514,53.3531091585938,-1.2498375150338106,0.13271999050979066,-0.18742691311914617,4
49.793929994119345,51.82832910287858,0.4671563117197418,1.401478335920751,1.8901011226336561,4
51.1691231656285,48.64589045447059,-1.6466987282298517,2.3320507677290276,-3.72571626780973,4
49.48042011242247,49.8808682646951,1.5520289345596905,2.0809465744130557,0.6902389015856321,4
49.843905859742705,48.69741176083352,-0.3809041379245077,0.41329479039659767,2.4199589730254463,4
48.817128318030115,50.56333751356409,-1.7482025334484832,0.4859804186367779,-0.7396844670992062,4
48.739345216799194,47.078432164418935,1.7027814422476877,2.8057940221944486,3.717187704208786,4
49.620551334316055,47.73677247794603,1.619649861217793,2.0719568815214666,-2.9704035095403025,4
50.07650001837071,50.17318921778757,0.32964569895796536,-2.9655271507145926,3.373552017054291,4
50.74947453095982,50.098631283431864,2.6401962806306316,1.3023120531515582,2.170603908977109,4
53.72167601322957,46.803190396286695,1.4401147549891606,2.815394058335081,3.1978907497918105,4
48.77963566206678,49.765843645098094,1.22325471018266,1.2411443912265425,4.398855935045314,4
53.07853274161515,49.63664122287687,1.3280893311768216,3.150296336750975,-0.5106743179488071,4
48.12517602310937,50.18762722038649,-1.0005262121275336,-0.01603444116075825,0.5929848615457138,4
51.02220180975767,52.16497076800194,-0.3567221437030341,0.18318015496920959,1.2817516821688872,4
51.42496077140549,50.36426441259183,1.9022256868496386,1.4448523743325228,3.6428669089765577,4
48.64928095497144,49.87449279511475,2.1705636044891934,-3.8026063343971392,0.29220998060115766,4
48.83523121778872,47.70391906529396,-0.7569549715112138,4.456310964904973,1.608010523058824,4
50.141441939159364,45.89650113529271,1.6360671253471666,-1.8410820953705627,1.984555502292269,4
45.58395608604618,49.99733373839985,4.283402402447424,4.285443048760939,1.027715039785122,4
46.439334396046654,49.92667599673284,3.314038017848311,-1.3676901627426568,3.090100229127499,4
48.433282798199734,46.73412414993988,1.6665383745629954,-1.3937609621814206,0.22581454220859276,4
54.556218660407524,50.01553281625945,0.4404361756954993,-2.075688128728827,2.0241949706656843,4
47.9468585453189,46.327775443956114,1.6360875918319147,0.6306128084430178,-1.3394835979469737,4
48.82194267882229,48.650103146415674,-1.4540709311785585,-0.5605925303421475,-1.6024136521939378,4
47.28240877685539,50.88155425286161,3.2559922994654107,3.0500980948794445,0.7801816497243055,4
46.19785488765086,51.75519402951683,-1.82085157835726,3.375502164240781,-0.28801879612730463,4
50.245984592009236,47.89335817430633,3.791070058897754,-1.0474943828145022,-0.8906946708291772,4
47.841684640289856,46.91974688243039,0.73134242306262,-2.5770656278430097,0.7565317442311976,4
52.9688863963434,47.664434366418476,4.582695767806181,1.9722493492123299,-0.8993366228244559,4
49.609684654236354,51.8538128154827,0.4266040712154885,0.4606458773162546,0.2408853409766425,4
49.750797735738864,48.11327032286577,-1.8532747661707756,2.188059032388603,0.5919656270023692,4
49.61275943718382,51.44479776939795,3.374289810377642,-1.383897887806902,1.3402040678746825,4
48.73086959189278,51.199158447100466,0.2472132803762057,2.0750463587615258,-0.7142894457869979,4
49.35812188334118,47.763207688008464,3.896961771517302,-1.5759746153954652,-2.2767364218207318,4
50.7202793482343,47.53465233625555,1.987217783365919,1.8380900626595567,2.9334250548381986,4
49.30468731214601,51.75221508840942,2.3027477171156354,1.1834969683894525,2.5315795742151543,4
46.90260529178509,51.690452406858334,2.075686315329751,-0.9195017609963514,2.7382156718053388,4
48.656417680183694,51.94469486221762,-0.8938757327255966,-1.241142169020491,-1.2629657156028187,4
48.10048145431405,48.89885138454813,0.023533063851418068,-2.3098107699144874,-1.1881607713494229,4
45.55780150248161,50.90804808314321,1.1376464131664414,2.8373379472185674,-1.6612853252635813,4
49.015594923402126,48.907951530464814,2.976747392701496,1.4682101785339157,2.150804292502489,4
50.328372135884834,51.03093284965981,2.1738443489909773,-0.8653723849009454,1.490203141021373,4
51.82991158326951,49.03826616746036,0.5594229022422912,0.43467341273696103,-1.1558265684422961,4
49.737771171907205,50.14445858430696,0.17318756382278944,-3.035608266876192,0.8849489619449705,4
49.45162743891377,48.50315432406697,1.8022956944465813,2.6391694019270564,0.3900499197097672,4
51.50731054719969,48.90361110559899,0.6824648929131525,-0.7206479828842995,2.994329823198181,4
50.09143147624962,45.99421471219934,-2.661849124061832,-3.2295398101523674,1.686944811900903,4
50.591246034197766,48.80242964645378,-1.5292728297388476,0.8163076648695168,3.2646330792539944,4
47.13709994427363,48.81208498076259,3.329212509445479,2.054161695109639,-2.9064272795332564,4
50.14200983063205,50.31079389428622,-0.3597015236559835,-0.6069489601295768,-1.039104998032415,4
48.90385206733038,45.087593937838434,-1.538098834790814,-0.09935375861730922,3.307948155459735,4
50.237933157151055,49.09232818210941,2.2601157027624392,0.5103960766033275,5.035008142655484,4
48.80614862504626,50.54748057777312,0.9490479128090067,2.023838894475152,-0.585935093681007,4
51.41249742907806,48.264287421838006,2.7215292228537504,0.7307460045401795,1.492634585293617,4
50.25594944508468,45.26505324167559,3.278807627784844,2.589367690171886,-0.8419375746331503,4
49.133666235981394,45.86818981799362,0.8039426707786218,0.9205812247879439,-0.5909435650761665,4
