13.576860739436697,18.465132360165466,-3.38952205876864,7.960321777137413,-6.599137972138098,1
14.838474640807103,6.06051768984109,5.603608850862572,6.164035605236583,-6.559740189421974,1
14.080106007108723,10.618729106935307,1.919553275890268,-2.022877273860742,2.7298648977990494,1
10.519020948504629,14.194652600193695,-11.846268545322957,-1.1806477916510794,5.950935321517184,1
14.2097775839814,16.622568202485677,-3.9565504322723015,-1.9851606867326517,0.24312864478808227,1
16.458413923495446,15.450452650199813,3.849318991780217,-6.314592953932396,-3.4583580390272033,1
14.070709400888624,23.76927418614241,-0.3805272537654878,-2.21942029454066,0.15495556450285963,1
13.014197618342005,13.406607418874323,0.8411792941370587,-1.4801832058813926,2.334922918372711,1
15.859775446666843,17.22467067531125,8.788560861940638,3.464659985825795,-2.0347409922395396,1
11.279587956989609,14.171091911138044,6.528009545281273,10.935758589940441,4.371728472575006,1
7.404349834089523,15.73168827417394,-3.9541556815013186,13.14061878365365,-3.4280377020764607,1
18.27502138175369,19.401580292470143,6.594438136892423,0.6922877477153118,2.7712073115542735,1
13.901266430113424,12.724328926966361,0.6591898248524223,3.019424014543367,-9.299891399718168,1
13.979581512793109,19.69677795259493,1.9844705759819883,-2.8462861498141883,-7.893083592909823,1
20.306723217793788,2.879173718136032,4.65190370970821,4.150063827404068,5.178504829957418,1
12.449002634846867,26.14805639277705,-7.400824166758259,-3.0867730912480775,-10.568146708833865,1
16.38179523752721,14.846481867203702,5.474398866232771,0.16000140016093334,8.37568162175751,1
10.922723263748114,12.731858558645138,-2.5110030526772054,-6.4000778161921135,3.296606633371348,1
15.233197882319606,11.313829381541836,-7.013366680378049,4.417130408598361,-3.538683316829718,1
18.075570067397106,18.346099244526457,-5.117423389903653,7.781221885817538,7.301891213542764,1
12.507033352865623,12.056110375926812,-1.5183856197873484,-7.118535735552891,-3.6022054180739493,1
18.936154783345625,21.653197057173198,5.694791922974906,-2.45668201750861,-1.9128669447392204,1
18.688246254058974,15.247997082203335,-2.9871577829885223,8.14606395117643,-3.5582056191988283,1
6.341597489000483,9.091849180598011,-3.909574591765452,1.6308360578877157,-5.72988667794246,1
8.397805081584245,11.73861176137281,2.093897813208879,2.8226598405420495,0.872195575161646,1
7.833162752930764,9.643309308373087,-1.1183776350349315,5.229988351013104,0.3654639359180337,1
17.851588594824626,18.129014989620963,1.036363740210079,15.446453991841006,-12.34469625323173,1
17.974687987046106,18.807016536978974,-6.95552247229754,-0.07095478676203903,0.6779413038658808,1
20.94104598102824,11.971622102070697,8.506231748792743,-3.5064200952862086,4.385762958940248,1
11.595276488839222,19.015943931750073,1.2373338041799564,6.722947531930103,7.36768019502029,1
8.851462040528151,10.373693324480442,-5.099525912977005,5.65760953731512,0.8949254606950139,1
10.777698896747783,15.752323380143544,-7.284121769188129,1.871867302105689,8.210745571955398,1
18.903981034051753,15.28808625510756,5.666654100512088,-3.238512284844095,1.4915711879997144,1
7.359887948502192,21.336918125743715,7.14767692900947,9.771444003645742,4.719428964778407,1
16.57246714459817,5.943145428162701,-0.8332162490878368,-2.800171041725312,-9.53373471944937,1
13.633712109061811,28.101293616746222,2.1896219482475763,-2.8102080502790603,-1.2804685189065217,1
16.439463016181026,16.480978449034634,11.014729215530167,-1.3381025697817224,-2.4404076265769423,1
13.489631960314137,14.934061914770309,7.8272000857145985,2.621951399619782,1.7759354709100441,1
7.099608715427329,16.961599793798577,-1.060966375282324,-1.8080574209069336,-4.2626532004075655,1
12.523272467023988,12.156641295947646,4.577106514357217,-2.125367236839512,-5.425528254685853,1
18.595232921005096,14.996958814116025,2.7654100871352925,5.834600402689695,3.040462550617383,1
13.296846960225986,11.171052363429679,3.5459768025979734,1.1617687504209646,0.5444312468356208,1
3.8985596203667683,8.282171192684384,0.6883630622854903,0.4169429019033617,4.515333671715536,1
9.085250409172986,12.41721392986578,8.368871354886087,8.024534062227207,2.7754622298485536,1
11.475406787030192,14.852237198234107,-6.754550786305718,11.511329963723155,8.13733129987511,1
17.86800445487314,18.118106192164426,3.861865799043297,4.092602214430389,7.013752429405819,1
13.871287889239035,10.602824887366516,-4.003958926479472,0.6744868362775742,-2.349910621755466,1
15.92075562052356,26.609666388112103,-6.305565377607699,-2.966301225414278,-3.8373330006766126,1
16.910245941390592,16.723599496465532,3.339759572176904,6.417094824107811,9.41976858898753,1
13.63727750940013,13.086020831823225,-6.69353083251496,-0.5439001886091528,-2.2318484425066645,1
16.601104229866912,12.123207851192134,3.092959735905262,2.5911980869918656,-2.6811928798500304,1
12.25291847946911,17.763747349614253,5.621215964382822,11.962366620869632,-3.483142846438734,1
12.490669972203188,9.830505722615142,-2.3172005515598952,1.187416320544614,4.438959111538079,1
13.528245612186375,19.544340831306474,12.23719859252515,5.653526398017846,-10.04137297138578,1
19.114445692427193,22.679975863639513,0.26891755419724783,9.059267317803764,4.451992143752085,1
14.510800521734803,21.08110589041144,0.2790219858371431,1.6818043751643497,0.2531440418088937,1
15.321316734344352,7.893369040046112,-5.420560527333686,4.385965611777869,-5.933544188415743,1
20.53972925986715,18.097229405327674,-6.7184617255034365,8.697157338789427,3.497249657881564,1
14.507380564484272,4.807107762116713,-11.051563760989023,4.370421295612464,-3.3254672530172975,1
11.305787394759923,16.340154091077803,-4.512336652611207,12.439338412000177,2.0448838077554097,1
14.607790443010106,8.189933783088659,1.5465870114956317,-2.1587802429819667,5.831730647055437,1
9.894733160707013,15.000002259343969,-0.5567615159143064,10.590283223912323,-2.8833944019582294,1
11.120292748538212,16.49589638339653,4.098450898201347,-0.5321504479556629,-4.864519222119707,1
6.434590739902784,8.019951239622731,5.815067963278746,5.684313847072225,-1.5354894953490237,1
12.166694608337542,16.93889545358052,-4.222061961726615,-0.3584023092433277,9.687571346611984,1
18.21835897667346,12.1816549747917,-0.6656962164087574,-12.207315814498289,-1.2184054187838527,1
21.29048731766609,10.455212543511474,1.3013030490258963,-5.121899130239477,8.340315269804652,1
11.382340868231736,7.55670429277162,9.170719375846966,-6.866152546908992,13.497563695615527,1
17.369438000277494,15.552297615256022,2.8039121111848324,-4.423346426482234,5.400890766307105,1
18.979598195670878,17.427204153165476,-1.691793006491448,-5.238869940078527,3.6045308805848473,1
14.102844730111608,23.735603525124617,7.557759832677102,-4.540288272721733,-7.209741572400386,1
16.643123518758898,12.65967640132887,0.34443240728603586,-10.545625111482858,1.6224524896248058,1
18.997446683742425,13.886890422378666,-0.0761000145136359,6.503210584638661,2.8945995574198733,1
8.373166946531356,11.900688044002445,1.7427017743664601,1.358000814384877,3.519945331276891,1
18.0334224245206,22.136064407513267,5.680344183505105,-10.882540894301458,-2.573902347292761,1
13.134247359725125,17.803834246128094,-3.370320204447535,3.008457329602193,6.010798858415546,1
8.646828874833172,19.117001234333436,-6.036238578067869,3.9324557710400785,6.032151386114563,1
14.370895675436014,22.699493979497834,-7.220870083871903,-1.6947289609216618,3.8580153244108866,1
24.673396377099536,15.613400482102909,-5.42022519238627,-1.1577046539379845,7.76995646577161,1
17.625211442527103,16.319232888786626,0.8969588658112992,4.684595495888685,-4.7626225380495635,1
7.800247065010691,15.484296209485251,-0.7763603799330236,-2.8050625290164524,2.4790822308838205,1
23.09756985564127,16.903892254155046,0.558046724296083,0.3409790439275946,-0.31442468853476657,1
17.899622031926086,13.278495403643392,-9.474759343074904,-3.003283885824736,5.111773040506594,1
11.896817708020073,9.939961085096723,-3.1264819569405704,-4.765778357546651,4.045833620317561,1
19.984137406162695,13.748994040105714,-8.382495546321877,6.293197319671114,3.172058963223925,1
15.523267458708926,5.572422195601867,5.2399320157949445,-1.6241227535893774,0.19044312077518144,1
13.872640536236286,22.433445885257182,3.2487089125311406,-3.5421047378129256,2.1420168025387696,1
14.769920692241133,3.8579091389607196,0.040573970413862015,-5.302454465330403,4.031475318500315,1
13.224423364772234,16.915689964108733,7.082979974983495,2.809147850158115,0.7884039516521096,1
15.83942618019844,14.278965365914528,0.46116235719536647,2.5726614098785876,-7.770555002269253,1
22.75093451165547,11.816960487153844,-4.22489251325725,5.288145272636198,-0.059140574119632694,1
7.544648395257977,22.788358995686067,-1.638258822310679,-3.0951343821708317,8.383637334038369,1
13.83552765766243,10.752766137709758,0.6510786480516144,0.965219232692388,2.0317753062085906,1
20.016753035264507,25.315041512847948,3.996191544359423,-3.4811363456865205,-2.993248826707991,1
20.72113178223769,17.506383871509833,3.1222984005542136,7.064416748717067,-3.9779091246968683,1
22.78426976279018,16.94699719497466,-1.4812745379645045,12.76454759775909,7.1702935606851845,1
19.838422657436798,18.260834855695492,-6.17978478730812,-7.026620938094176,0.32823899299299386,1
19.1930784081081,16.019662455029273,5.285792271332474,-0.9719999390336709,0.6654333009280635,1
15.948659681432511,15.378487246730025,-3.274513381678517,1.6539457725552729,1.4708031632568688,1
10.738055578497693,10.91190554471668,-5.919464393127116,-2.6653192677680475,1.4814900548839207,1
12.812963895389652,13.038213062902281,5.831455677882279,2.619496606844061,5.419059212870742,1
9.523433965074503,25.011312323484187,0.32125016611283763,2.4814224455356655,-6.03879787678652,1
15.898028130768779,16.484145313591434,3.022276183017629,3.568392329578698,2.8619723155247323,1
7.363738901436969,11.38615467881813,0.5636397891649008,-1.2405985487073976,-5.609667199170765,1
28.200267916233557,16.81181905493626,-4.275260948920645,0.9371234551253429,0.8507215570851595,1
15.840497925579957,8.989184665730843,-2.1363405571951164,-1.1278358143451253,1.0126915422691682,1
11.56080928423338,12.360066680560179,10.33857543100106,1.6315758784322765,6.304324037098506,1
14.016978892944465,4.084097355522363,2.3360727723571033,5.664059905078785,-7.151260627466158,1
18.827392488144483,10.40138709069975,0.4534858969660156,-4.1341852816716855,-1.742492237007922,1
19.25231815247185,15.79771501327054,-1.3822187315182157,4.389408337155929,-9.255623560024587,1
7.229081499648063,16.703258601804837,1.9353842813188002,3.0837808972626894,5.4690630088416725,1
18.572960120190537,20.44988622693838,-3.5376152415401334,-7.2675588722745115,0.8082792434966296,1
12.320077611422585,13.591263036023514,0.48908109132662336,2.11127485087836,8.30968725706392,1
17.321213276459677,8.881411147904181,2.509089346323111,-3.1125376518966634,7.549678425142482,1
13.31089864994195,13.396755947356668,1.401144733661221,-6.451143829483535,4.741769827060622,1
8.89727471825,7.248688233356601,0.027241353670742097,4.006071220881237,3.5094003707690495,1
16.796884387312808,24.349977741931752,-0.3573190741989949,-7.08594476085932,-4.05556767882212,1
14.147508619093234,20.945628173258715,-0.3272946925010043,2.377015561100148,0.4044576435062115,1
17.420722340806822,27.582386524662212,-2.3083031803049345,8.5562075455253,2.4847394932037767,1
13.680917793923488,17.53806652261523,-6.057839764491761,7.550718094453098,0.4593270994415455,1
14.639367980212258,12.258669042177537,3.1287092183432335,-0.8858543449833278,-2.8039298456675406,1
17.18403070102281,9.683758406904495,3.2745038975813845,5.158541268151865,0.9108796028395748,1
15.344367436539962,17.711077673396378,4.955746224935697,8.264798763756637,-2.6053544518823424,1
10.142001781576305,16.19678062823528,6.763635666021374,1.3102505563249522,4.746273686052094,1
13.771695826846024,8.963270156794636,0.7196235909079901,8.180072423484276,4.99949628540848,1
18.935887745396634,9.680174165888877,-0.8828754542852122,-3.5012357063026567,15.91346677978672,1
9.44204787166216,15.046018395170526,2.0281152777840203,3.0532908638851004,-2.04384006400703,1
14.855944941748,10.925248421074414,-0.5232647211537316,-1.6104961833056146,8.12374983526596,1
18.454324373221148,6.647650579800233,-5.9348220811147145,0.8027149099482005,2.5627370602982786,1
21.74896546479069,20.65092659982008,-5.591029005183549,-4.430473123502977,-4.56423182170053,1
11.24132256641192,18.857450785115798,0.7303942459980561,-2.1941358758483975,4.336115317343467,1
19.45040213987638,29.086004429814963,-0.8303034090935921,-4.251220878667081,0.2658389350110666,1
15.98105933252042,12.45329975245015,3.043367779634955,-2.015880330137612,-6.995623632299315,1
19.371571191565604,12.276925565434006,4.657910914388294,-10.526085561390618,-3.896729879860887,1
18.399764883267007,16.281682363735307,2.5571551984311753,-10.92536550116597,-4.610428091862153,1
9.714480863099547,20.846649648847773,5.927216453744454,13.132461584691628,8.584183690656896,1
16.644199238378768,18.313270591638066,1.6320110201714235,6.107735059876076,-1.04475139469205,1
14.582002423908067,5.699191608831542,-0.3464549048588901,-7.559388044342276,-7.112202883109719,1
14.556884597186563,19.983615998150473,-0.2871778940924381,6.675703098517893,12.320641106922418,1
10.384826412725266,11.484315108287188,5.260777100368192,3.2176176370522755,-6.387937627459188,1
18.816382772930446,9.968591909461644,14.517042980111905,9.079311565171135,5.503205093772935,1
14.490592468115805,9.128157874639502,1.5571632407675655,5.885597554882252,2.4336929059878685,1
14.745776828764827,19.966435321785106,-1.3823411527124811,0.5743247946188335,-7.590166649455078,1
12.163118175804223,15.243845222188666,0.7213204668975982,-3.906820721753446,9.280937300093042,1
18.1982704881086,25.304147549711978,1.4903095694582835,0.22325212111824178,14.564805939050466,1
9.079364900455579,20.1359471785909,2.9895465463401547,-2.9899498075791495,-0.9170003506060169,1
8.573838813417543,16.888251168324867,6.577070655200764,6.805479379843948,0.8764601619477936,1
17.070835164723142,13.133849540503665,4.292885037281329,4.186270880116975,-9.584629058932226,1
17.15960998780636,2.2434526518366233,0.3703105132274078,0.9470815988910679,3.4296697041054443,1
15.37898912087233,19.2023463594766,7.292828566641315,7.224882797530432,11.918706168631068,1
10.51094089449504,13.965297234674294,1.0178316482562488,-2.8837656506632285,2.2621250203739023,1
9.797286389234497,16.677968373815645,0.627698037928133,1.5949091990895214,-1.092594046477986,1
6.649444583346961,19.452087500550476,-6.44737377974285,7.08440243673061,-4.307255474518645,1
13.533851831686379,13.905690647453893,3.32498532679492,3.753858646690487,5.815283928058155,1
3.1343498060872292,21.50534346365892,1.7269434248080766,0.6241722612221472,-3.388578655553424,1
14.690894902468456,16.791261886925927,-6.402043461881088,-7.051319748352107,-0.2644326318983803,1
11.353881998424546,8.933104409935597,0.16364797354860672,-9.531498591459139,-1.5505382905368421,1
8.969231852623743,22.094628468415166,-4.7324043839246075,-0.22067223982503759,-1.7929132486126274,1
6.940439179822246,13.55164797079637,-1.008544749730571,0.7161406401458068,-0.28490036256527973,1
18.75850891164826,9.312615732181602,-0.22792725403238534,4.040433644071896,2.2906194471868044,1
16.598752053422494,15.476357720353432,2.657465309980016,-1.5350796204517296,-0.42127048837290637,1
17.147774349483186,21.022762161109235,0.8988934716081151,-7.442386619384898,-4.87757154902496,1
15.476264386306589,10.03799604413675,0.5638133702382155,9.49576992389409,-9.069628905504555,1
13.683974295849486,19.144687251758914,-1.838919541897213,-2.196767120941886,2.276711379297836,1
21.015609791600824,18.66146728675631,6.326085165098996,-2.848185060079348,1.7111867336084448,1
15.375998857012636,6.281545141870522,-1.0282512455794866,10.34551087858334,-2.880358924638803,1
15.403259058431072,15.88162591098355,-0.18391484346427167,0.08480579422063661,1.9021562856173007,1
14.838350680434235,18.817763195743396,-4.013074869316274,-2.7890434829081743,6.2338075879586246,1
14.985844112029014,14.77702178898709,-3.1806550023880735,-10.840392198407802,-14.375011807478833,1
19.003363076986798,18.338954897920015,-1.906126647323624,10.721410742272456,-3.778175172696784,1
17.539734962519645,11.878219535021664,-1.8193474449032294,7.291165270956634,-10.121036636946656,1
12.150361219698059,11.623123866455982,9.165858361833713,-5.250349192021261,6.963623632955174,1
7.669697328686117,12.165242336982566,5.161057808571703,-3.926006836307095,-8.698550120712753,1
8.462388608828867,23.537333753259134,-8.43608530291338,0.18132912369341136,-6.688483102221285,1
14.069888154831224,17.946011662399982,-0.01055272554063924,9.34049570918664,2.7081379454613375,1
13.037323679088313,16.313303630896716,-1.6393064210005726,-6.022636116576041,0.08138993540116357,1
13.876415533099992,16.30194283961993,-0.4874654464215322,2.0570655495797703,2.3468919062877287,1
13.428590306739801,15.531668884449964,3.1767427836136193,5.11248396589053,5.80614742367249,1
13.533761677430194,7.942205237959282,-4.971760473665281,-3.3785161039280975,-3.817131153451367,1
12.097168548990297,26.27600022489632,3.2041233119436225,0.047020427763237116,0.43669386052489356,1
16.825613695222025,19.7503108743153,-0.6907460052420866,0.4273413643862507,7.990636875463457,1
18.615696826227833,16.30218441274874,-5.180814671338764,-4.545026793799559,7.334989044822375,1
20.511201883264384,13.868450580077795,6.117648052408104,-1.8436877050240157,-13.295268291874375,1
15.091520828327083,4.826630392857448,1.8866906792145017,4.985608200527428,7.69478069771143,1
15.853211926300473,7.990779281150723,-6.262568126459681,9.23163236262787,5.253185497858908,1
12.18265407092115,24.459414734661777,-1.9786035214834818,2.8472379491889868,4.805643948022893,1
12.254157005939634,14.397291238629796,-1.8619637039779606,-7.437793531064825,-1.967097414306724,1
18.249168798185934,15.544150327029357,2.7602413807171553,-0.24327496067836663,12.033255153707076,1
13.969610975561533,14.655247006899566,6.801720028318482,3.2443095915718123,2.413674144049542,1
15.5201869401852,21.72846722996354,2.7004352829740546,-0.2874263975890756,1.2393358197956272,1
11.513618846350685,21.616143944393336,7.67193806897016,-1.0929861558431635,-0.6447718544864773,1
19.01827017757693,11.172058592646003,-5.468634224468825,12.282969414309672,7.572571251763045,1
28.89661579778953,18.611844527595114,1.2419208800408539,0.5015138915412978,-9.232707971194522,1
13.702835002168891,16.390462237316978,0.5987768959392434,-1.396533637657492,5.828140949571668,1
8.98827301740603,9.681161316281514,-4.649356212232627,5.456152738788346,3.1527518558925487,1
15.66697059504448,12.589598112715192,-2.3497732744700954,6.116245972298021,-6.283320544630017,1
20.804027386645274,16.084187202721566,-6.665553221352993,2.722467571232473,1.685019293748638,1
18.20850918325798,17.790152430071767,4.3445333949759375,4.211563516020531,0.07835348567956557,1
23.29687844538732,18.716242030598274,-7.144855135269978,2.739795474908046,-8.380366247521922,1
18.512407713541943,13.377914917340552,1.8986208762978347,-6.255659250675355,-9.7856890507148,1
21.092632804002843,19.047930500298197,-2.597711127091317,3.6885406990288514,4.771041707597084,1
7.713658318909486,18.776935684251523,5.094133366942133,0.3664852871379991,15.312039768491909,1
9.857065355562852,10.009719910778479,-2.9041682081157063,8.28034209891467,-4.746849711579237,1
26.092857607422058,15.22857839748531,4.485834005170632,1.5607684747794293,1.1121993932863619,1
8.588809154457646,20.64923471267319,0.18708671986387226,-7.229216929445606,-2.2635320743812106,1
12.283500270059982,5.687525055906939,-1.1069098533397619,-8.32267777542819,-0.5377149049760743,1
17.11330501911936,16.409917657959056,3.076516098387339,-3.9655560997523125,-4.2426851979010785,1
22.347325166972198,12.489949041370014,-0.65467223640458,-4.23105968515263,-0.49874463143873804,1
19.28979691458771,18.89694165906952,-1.5031769580851053,-2.4095327433834486,4.302590678762047,1
12.198660638680629,17.09933238394871,1.2970406370066705,-13.306807936721771,-0.2405683534788301,1
16.160726083888584,12.904588926578876,-2.6682077037348497,1.5928047539383998,0.22792329397341737,1
19.749300226286863,20.99115555654161,13.89373862510584,0.16755548696311084,-2.046443842168266,1
21.910684685869825,14.690290608014513,-4.41844123376953,1.9489774541542,2.786939056998631,1
21.282779966398493,15.516299683658762,-5.33419965840777,11.196031117714703,11.670680912139371,1
11.798089382467776,15.800341347711013,-7.140176134505392,2.98417203973537,3.122554461842529,1
14.37180416929808,14.185909911018548,13.84025275141932,2.338326591497151,-2.707132145925018,1
15.53495471974518,19.137397232622977,-0.1819896695840728,-8.212261983266846,-8.914749624125431,1
17.38780495748372,24.517944560458613,-6.858935639442687,11.129415729939854,4.91196577695271,1
13.093804138006359,8.5125313963993,-1.047278611705952,-1.1419399380408581,-3.3836047249720522,1
8.413278835824876,10.735240994415822,6.653980008827542,-2.353900579357736,0.1972983620229014,1
13.905804144132066,20.125812964772948,1.6920386392686795,4.716192025278196,1.0010095772214351,1
12.27234685875543,7.461987009304554,0.3123453356154794,-0.001326695853168136,0.05116331539900576,1
14.844400195095517,14.368720774215895,9.226092477400588,8.671845597887437,0.6712961307475946,1
17.675723691299016,13.235608518108048,0.865111660558368,3.3610208824922134,5.052377186235111,1
7.918141180635284,9.057795317256296,3.4809799449459065,2.537425532401594,-1.6119245621253695,1
15.198796070546038,13.546291284109353,11.725813946121212,2.1595404939281595,4.283655621358484,1
24.843018189068772,10.994015402941752,5.839647186174055,-0.7619251406213052,-4.408363122466996,1
17.512217707860863,13.346724465210055,-9.739699203160411,2.856179250367666,0.5200645516267408,1
14.847202324180952,21.100011639543155,-1.6226462172084668,7.09645514421966,-12.284873423789815,1
21.90350710605255,13.830204522593819,7.271585406847268,0.2357610344549359,1.3092848557899734,1
15.015091190226418,16.271246184235387,2.849506170505535,0.7087265460865421,4.192783380749144,1
18.507185298143607,15.581988621935505,-0.5422025068039078,7.447066674539776,0.23723333943065328,1
22.935926368097395,9.386342022572721,1.0393171760453381,4.585334560245651,1.2275877317841903,1
24.762058157699784,15.904773917822576,3.92563788984195,-1.0289576119753105,3.844798197804679,1
20.46887625780972,21.905639109603932,0.42469165841713763,-1.9714295499932426,4.3061872544034685,1
12.698258811131392,10.596198937489612,-0.1943835397616267,-1.165622270582181,6.211251123119011,1
14.378199453051781,18.176758404404602,-0.7747236048098558,2.3472967814046366,-0.7167239811222947,1
13.206795809037287,18.163138372007683,-1.262747812569165,3.243978668719912,-4.0628236659309085,1
10.52545718479777,12.065945177667247,9.315231209893254,6.143696972322003,-0.5759957401394331,1
14.680328868372532,22.37189287467514,-2.82636141879728,4.539960332071095,-5.25800351158368,1
7.946848083631178,22.24419293206374,4.309326287035864,-7.029888464254588,4.727130729019173,1
11.945448911046238,16.05238652264039,-3.168060917151405,4.000497257094692,5.405044486899866,1
18.63825288873089,18.417026951857963,6.820508535682595,-1.5763511485199841,5.284256257200017,1
16.622224884806602,14.406879767861533,3.0344799313809707,2.152132401710662,-1.0126214061519816,1
11.366959667366086,11.91365975032955,-0.6255965092436648,1.0801176362069587,8.359485452830725,1
9.418645835338904,13.103893485230639,-1.3305266014794248,3.4331860973684694,-0.03935482566410253,1
23.627723061990437,11.489186522670918,4.53900606587751,10.89375990667371,1.3464870141441472,1
13.793395108088614,19.474604858516344,-0.6643695306024928,-0.1783965769591127,-7.065209095060821,1
13.077494659924577,21.310538369264954,-4.526934727324075,7.666198566767618,1.0919241555484653,1
2.706921692871253,17.627329131823235,0.32221348544073736,-3.99722408055376,-1.7088573908687419,1
21.494876306031532,25.391926925009436,-1.1717586048358757,1.383693042711733,8.104316450473696,1
8.159795125561935,17.658884461547288,1.7607478220526098,-1.03796263376308,-7.982274534486683,1
11.034392808020424,26.193062606163153,-3.2978263654113045,-1.0849766291222456,-0.0494420915866991,1
15.968853387158674,14.191657484796497,2.311500921264448,3.149800943764152,0.6071252010348166,1
12.1877332792088,22.784233083227853,-0.5267630648084631,4.696873391339231,9.381450394628162,1
16.375957298470173,3.8665027214302654,3.4302566532917176,-0.27799934536313,-3.9387226141967187,1
12.899199285043647,9.87151523989807,5.3228361275929625,-6.4053244987840685,5.800457120020055,1
19.929591311216985,21.92606167386561,-1.7439142212112113,8.161478092265906,-6.269173064715105,1
10.537629841521468,18.48164571824143,-7.5805882574828,-1.429855949433727,-3.5787771448622827,1
10.063290666151193,18.105467359211907,1.0298902210973309,-0.9149731301055812,0.5119651833360994,1
14.2101580187878,7.1904083688673746,1.5732215441463704,-2.7036555938491222,-0.5083803294802096,1
15.933214351187656,15.061796620273553,-2.9706819368282598,9.887304039635794,1.2864767253404812,1
13.265506423833237,14.91634668391587,-1.057877893915045,-3.99024424395589,5.020064492501174,1
11.31812866871917,14.487929424805312,7.22063117709051,-1.7790436939415781,-0.17689300869586067,1
17.912469422088414,22.52811504560583,-8.256976427544915,4.676311905443919,1.9735876174821756,1
14.400562987487904,10.31035213543019,-5.2405462068274105,1.0056734148714788,8.93681687554017,1
10.50877318419467,18.297633092833113,-2.410422661199087,3.978951643531651,0.48378499301062616,1
9.879907075720707,8.03014790708498,10.212817111185812,-0.2632640386008611,-2.6201990058480664,1
16.833477006674382,24.271459176925802,3.005507207843193,7.576447159830639,-2.4244181891886694,1
22.600095957821907,21.648471409891947,-2.298175787645234,-0.6562462869161152,-1.7648394102028409,1
20.92533852838568,21.544706147344723,-1.2555223890819471,-0.5892040048956688,1.5373335112550994,1
19.690175309747406,18.415043421004466,3.3084422761173906,4.330634213399042,-1.2168602413098233,1
18.985361151493095,12.958510627807716,2.388248269760067,-1.079043589548017,1.307524015679788,1
12.671861900957706,7.532993137816172,1.7875922078731656,3.971662137696079,-2.420435837782559,1
6.862595637562283,15.690621214455966,4.323338918784216,1.249654876417559,5.3812168454531895,1
16.057628620511206,20.6278460168931,-5.606227972145387,4.442239930629727,3.4875911145722487,1
12.026255328697577,11.890722543909282,-8.463852864528356,3.9421590261693895,8.115813093048564,1
24.43864250390408,18.017084766642167,2.7144943394289047,1.586403868872699,-4.790245795617116,1
20.923171080349217,6.712663439229004,4.48831757919315,2.673332246793819,2.347748972483364,1
13.409761714070463,19.22547978820998,4.0522934175343,2.7982568144297852,1.7063348741640687,1
16.6514117627473,22.389978446429435,-0.7552028561501807,3.346023563928378,0.3738047865606532,1
13.823946915332963,15.830518868630836,0.7570083061238937,9.311350304075432,-1.1188377437032817,1
17.681541280106813,21.504724229212027,-7.454948478662308,3.3948151362971917,-5.499343928597048,1
19.606001223785963,8.09158725740386,8.632961996467778,3.429870860256872,-2.8827497861695663,1
7.466822047799377,11.207758800622116,-0.9700777227359534,-0.1866250318369893,-0.2994326972668422,1
8.669037069930067,20.064249802595544,4.044798574618817,-11.978947790053745,-0.7395135899894285,1
12.846710655048751,8.331010654527928,2.210334528464637,9.665875790736301,12.878708527710986,1
7.513185756467936,1.817139135033699,-0.8181550857898228,-3.5922137397249703,-1.6922569816237991,1
18.68081711214736,19.35836203674586,-5.097606632376673,3.448104340979053,0.49768662127743335,1
20.101122450071017,15.220221225246508,5.132196077065255,3.3933039251446173,-0.926552103972724,1
13.398886435215918,24.492618703938973,-6.491416590671395,-8.40549703833749,-4.188053870334436,1
14.301740270478522,19.714438969605787,3.9133266592480025,0.1871764138159686,9.330258718946093,1
9.289522808359155,7.351183142083655,0.6430751954170173,11.878932277349321,-3.0067375898937065,1
6.670730499151805,15.197827709638426,-1.223416882922126,0.02551420164901297,1.3539567760057687,1
10.562651560245994,19.551041986960573,4.275211158266722,-0.7122574827309416,1.7678697996002697,1
9.32012475125222,16.065227138188455,-0.51907054282532,-1.797702050385373,-3.92234788828116,1
6.632046667990359,9.454588946010194,2.4865815746420754,-6.571148544872548,5.2398819301981145,1
25.904002120714523,22.70306243518578,2.58572231448879,-3.833746733530228,-3.4018489405410737,1
18.177212745753128,12.302565836640053,-4.795925510936417,-5.834667835474859,1.7349817625564756,1
15.70872177393633,10.662756326582302,7.8271326648705575,-3.2810855473194938,8.410642116644791,1
25.430526866017825,28.485801196741924,-0.4290506612164655,0.23464201920263705,-4.856918689750782,2
24.36910768168085,30.37786113607443,-2.287626611169503,3.7124054507247184,-1.9644245362115789,2
30.593172715212553,24.920054292024965,6.411719654445591,-0.3881902262104928,-0.528620108854722,2
22.524696324555293,25.86204632538304,5.919799626629233,1.045108678583899,0.8752145672144749,2
18.364606429507788,27.3152534081041,5.1707948412720794,1.8243858131568698,1.4040320941458992,2
32.674597421027194,24.96887283427847,-9.52784645189943,7.537378791362784,-1.0990935939634756,2
25.72531055934887,31.12137204841579,3.9019486527500264,-6.280089140131399,-7.643689978232263,2
25.657570551448835,25.100824101316622,-2.103723706418321,-1.9837201585135595,1.0241225709490356,2
32.26298965522005,26.49349047030905,-2.3956042721544644,-0.541066171682923,7.645935565753479,2
21.075036324890483,23.713842279936433,0.41100650507113334,3.414701563569288,-1.15336746811278,2
21.070778470047426,22.896207278090078,-0.8360649240159659,-6.957291963441953,-0.6340620734038016,2
21.94218761595396,27.772993117779016,0.31460763291815386,2.895907149127316,4.6619202888744,2
33.993411748648256,27.048508523311778,1.1655135152087421,-12.141590671706528,1.912043449491791,2
25.90736022784195,23.9193226408154,5.821066434533345,-0.7449490294367116,7.146308000070634,2
25.084942401845293,26.41778181707463,5.1959449919730165,7.0529836649017055,0.07619341324794826,2
25.942686930757137,24.974849554099535,4.710905980084583,11.66963026975922,9.09336515992287,2
22.85227991909924,27.824976308734286,2.416427052386945,-3.538175512537065,-2.7305176934437094,2
25.61605498441769,24.844300924411243,2.5163306936965384,5.837202918564271,-6.9693178763056345,2
25.459278898118562,27.257001212618977,6.662439013311159,-5.072264403441051,11.75593389822366,2
20.195546203730537,26.3536434035185,10.430876441961356,3.8364959078950482,5.680319272482216,2
22.483585676466063,26.5280270307306,4.876186969747559,3.5768987543977806,-1.733132433505566,2
27.50351830251686,27.609854316175625,-3.0510331024939203,4.23554358664158,2.3515779598356357,2
21.752990629181763,27.62204457663155,-0.23762919885036715,-7.5211011814616775,4.932079004193264,2
20.743508465841366,20.354414854901826,-0.46350774455460564,4.367030502048236,-2.188024516018681,2
24.74034606647712,23.818493984758543,0.9073197774160913,2.120170645132965,-5.4573260214729675,2
28.482640084820822,35.15891425961313,3.7416682718097127,1.384362818489404,-7.021888397672022,2
23.64976158727682,27.215335129121197,0.1921839600372005,1.5553744600960697,13.82234417669526,2
23.61885142092662,26.760943360346747,3.8918686261473794,5.866421468993427,3.259819482834026,2
23.729630204291805,17.820396198151514,-4.441127668819858,-2.1816546816633693,6.941784201251069,2
22.925169004858812,23.333610914839127,2.8071088051117554,2.147781129174553,4.733526812479299,2
12.075767538628714,21.84245949512416,-0.5053146739239618,1.0308918273289915,-3.5211279244634213,2
22.789786850502395,17.655405692997462,2.05317767266531,-0.27496881725955524,5.771980446624003,2
32.24171711549021,25.46168516383972,1.0238889387573598,-11.558666982121954,4.0060817628683845,2
29.662499704410706,30.756920336593396,2.271497842565376,6.786178830693393,1.5179442171059347,2
18.190056340428644,18.660693956406323,8.258097634862782,0.19058695953771987,1.0237998680508764,2
25.110537180760893,22.888427555688647,3.0784131113942554,0.5821507394066279,6.056725907235884,2
32.235858887258495,19.267297644591338,7.236570497936344,0.01099636278797922,10.710162375583119,2
23.322292784148342,27.098727031214054,-1.956356198035829,4.3726694403462485,7.3852317119775615,2
18.581541298967636,28.20068928231251,5.8333143351937045,5.9185061397282075,1.2716303017622461,2
23.116302040663786,23.52323281295901,2.6341555861277293,3.659885591947392,-7.383738747894947,2
31.706359217675686,24.70942881104189,1.401206071767145,4.335469518166117,4.257002406677456,2
24.46866703698037,22.746605963165717,2.13889244344671,-5.005354392459911,-2.6256238048133462,2
23.952425287916245,20.892575963024353,1.6365775886325409,-4.975726917821844,4.235741512121877,2
30.74169257299623,22.330560340832243,-3.669475878840192,9.217781088943623,6.72680122193632,2
19.80668799113903,20.41350980554659,-1.2539430187537124,4.239335067251922,0.41425155087419063,2
21.842029258851376,27.913459900272912,4.903751563222519,-3.3599860934007735,-2.784262798395064,2
19.89778386799602,23.793054948266867,-6.1419916844707565,3.4081433069385794,5.60698149678659,2
24.78060017941755,24.564768121859125,-1.7514796498629397,2.6545404252181983,2.3736521539707205,2
23.97700525753015,32.92486164841936,10.978196154928142,6.461367854279862,-0.9398136158175012,2
23.067926488320857,21.49012528548841,2.5156801162434643,8.678798867961117,4.239638149363497,2
17.00144946521098,29.860539795069005,2.9210935767242963,6.873840805721226,-3.619805445341333,2
26.375382948004454,25.8280993936301,1.5095227377807223,1.5863557812797808,-4.924512503828971,2
18.36000730780144,27.230653836697748,4.8744002606660795,-2.055573374017566,-3.543054655101888,2
28.119621502909425,25.75603730876352,1.6806933028700237,5.684676804007928,11.356443598207031,2
26.772384614257657,21.832326541286402,11.136825645331234,0.9952816970368118,7.436361605166737,2
26.1633364290799,27.202159617871313,-0.34877208240593793,-6.279097139860981,4.558197863657714,2
20.060475375357857,24.72861934654422,2.038890153018831,8.129647188093099,1.1592840430529934,2
24.387336287224628,30.20297252467756,6.658196522954887,6.505650660017165,1.2976530453885349,2
21.719166232893315,20.06512676333171,1.975921627271945,-1.5192958920189708,0.48580442175659977,2
15.078348031452567,37.6956790351844,0.7350861355615511,0.5705066326875666,6.534465904814199,2
25.861245857884448,29.357577834990053,3.6099084169850464,2.054381450462038,-2.0020709278042332,2
21.512871036637353,25.031326021482894,-9.25283545612622,8.451684377554349,9.751265435890438,2
20.732228789209934,25.17730983568836,-5.155759068594577,0.3775698621765634,5.170897316393265,2
25.46915299953319,20.747141644602493,-0.6360766664971882,1.209195327722862,7.698853137701267,2
15.14352251009119,21.616954545284184,-2.5770940089346586,5.13058057404981,-4.445575280663721,2
28.378619860893366,27.899099866732904,1.5403977847937453,8.552340232407847,3.1987498777005867,2
21.61990906627834,21.450827452503994,1.1900693082427827,1.8080366217699617,9.436654542359483,2
19.82894952006232,25.337708575074906,2.0812207284447504,4.346244314607902,-8.784935622010876,2
21.704330970464227,24.969592880316,4.201158217843534,1.8563387445496726,1.8679776415750924,2
25.654765243327386,24.092731344070717,3.2777187185709993,1.8105193509208921,2.828273820143783,2
14.814839070168109,22.47054735045528,4.793169793399174,-0.5429042670256279,-2.0236073486049038,2
23.11427617230206,29.952398862190766,-2.640146282391334,0.7923978501501434,7.175486236971733,2
28.867129571628546,21.12097493562915,-1.163551416239485,1.617558883216614,-1.1776158696818624,2
21.901243389707755,32.69009935281994,2.921719400472923,-0.2830720840151224,-1.1055360345169998,2
28.806756772838618,19.63855649122826,-9.32073575244553,-2.484874199682094,0.3270359673915847,2
23.017523804287585,32.60782636551031,1.6966168593399344,5.149738947395047,2.1762009794209813,2
20.992751412729433,18.614187283116586,9.436418202113275,-4.499698158981866,-5.239823962294438,2
25.92183232549798,15.98652722109712,0.9841089525696588,4.736351062232847,-1.428963902406148,2
23.760718207393218,29.536989667962835,-1.4603518806832514,-1.1710572544065183,-7.447998503480333,2
18.88649241273986,21.109286787447324,-5.081871479557619,0.9131623225419737,-5.1296529535538005,2
25.120181278167077,26.079932574343925,2.195334923504583,-2.3861574568657007,-3.1420132495808826,2
20.130326249958777,27.934584418909044,-3.5485798792519763,2.0814545018832282,0.8571358951937671,2
27.0176368348629,23.075622889509447,5.6528726376226555,-4.384880172612434,3.474793722515588,2
29.348471970982132,22.384293713219027,-1.2735421963396631,-4.08574201004658,3.7392247256174316,2
24.818515482245772,26.39288083592525,11.705397888024574,-0.15215547954812103,1.5061699417167351,2
18.962478931298705,16.698485739707163,1.1414676486851185,-1.8576635262543362,-0.28311090130714467,2
24.391194789921226,18.298883868431574,11.950162166817243,-1.8853766685244753,-3.612031693959386,2
25.544354635551137,32.68403879576696,-0.24198158012636717,-5.506030810877937,-4.376775255434037,2
27.41377089933118,27.75212735904575,-1.9048476528508016,-0.25433838408206033,-2.720300909709892,2
17.911614498456025,24.060653495716238,2.2909556161851174,2.7145939372919945,-0.3275481611758626,2
26.71029204339384,23.550063308551188,-0.8972296913533595,-2.5287952978588466,2.7777813446112374,2
24.082609254799166,27.54509263144822,8.70379136763039,-1.1161058844339409,0.3893198027852238,2
26.858022730889164,25.184439689857133,-3.023615325320926,2.154083487019781,-2.800758071894366,2
23.631060194482476,25.63037588391433,-2.8567705607407072,-1.402410937078998,0.7921260373211243,2
25.290399045404286,22.066094298435225,2.3376751341552438,4.5057767277423055,-9.601145874271367,2
30.983872876056175,15.07182702822468,-1.0044976344827559,-2.227695115127884,1.958154839863861,2
25.442165219685798,31.497445637536476,-1.689054601642435,5.687333215297505,4.45699399555312,2
28.63342968689609,21.81095544868029,4.243903115604164,-2.8360054585113046,-0.5153832472780322,2
18.81937044138994,28.86945752220573,3.8683304706154313,6.110986494494231,0.15630708284452677,2
20.321152017291066,30.87693459279802,2.844525358714238,-2.252247150842522,6.572974536654668,2
20.561280341374797,32.13974422749371,6.264663662577569,8.780170830231057,-2.962448235546066,2
22.79839722101361,22.15272397061083,6.910059191992226,-5.1135473136777465,0.32349605207395604,2
31.892458500936446,36.62098642567955,-3.5666666639317484,1.2505091298582791,-5.2061563367821275,2
26.003245243294074,27.62539467770064,3.2458978181283116,3.2469764327554134,10.439378801181977,2
16.042535373662915,25.98294727471736,0.5285193066996889,2.2645851126228966,6.339209586492159,2
15.556873289436323,24.519895731562933,7.294392735055396,0.9708723237932485,2.816194881933725,2
27.13502606848528,25.80898590074299,9.834046388680788,-2.0600905649608445,6.771439805893156,2
29.683009057132878,27.437423181690153,0.8929140450625419,2.151517678475214,-3.0747651802134053,2
35.068730992102815,32.08652977642326,-2.2577913677975383,-2.121901865049314,-1.969727441531203,2
20.847374252646823,28.84701921597513,3.4547688797161404,-2.079773899437526,3.0561562425232105,2
27.53323953229497,33.62752311326596,-2.0511896101669302,-0.11537638764229552,5.149629714610409,2
25.079444393292103,29.508834277008724,-0.3825179768263638,-4.123937703822438,3.835276861097354,2
29.858530429648773,29.483812136779186,-0.7544943434346241,3.7720211701365916,0.024641098389718397,2
33.892391783602854,19.60193988970967,3.092632723730015,-3.502388894381376,-3.960908147525596,2
25.892536061074487,26.818071221916504,1.1698362611628155,2.186680673228886,-6.808368626364728,2
33.46096647553328,21.50009963553665,2.016249008456583,-0.7125448687497613,5.126500830425494,2
26.197712156230903,23.8550984704246,-14.023662607728177,-0.11123670342600933,-5.581920338565105,2
27.0004078204659,26.12010619374748,2.549699104192193,1.0007859065837108,-0.7561441964384212,2
22.183739998552156,32.5575748071118,8.228482584093673,-3.293699777830936,10.293479227588476,2
22.95285006088976,23.46753586765066,10.522531951557635,6.084488903445754,-7.061337950021471,2
15.094258546277347,29.194085647982863,-1.7840388599153485,0.3238921155206633,6.1448527043327035,2
23.89690365393884,26.523262464693673,6.129215432631941,2.894035317498049,2.5919131297724167,2
25.25547807927743,18.764998599179822,3.945319747794327,-4.7496095635359925,5.139807720450076,2
20.334302018285506,31.182858282600733,-3.1752571712125714,0.5383831062096468,-1.731026994952317,2
24.84621786392013,27.8401341886444,-6.058736599774948,-3.5769180328048282,2.297189274297175,2
27.889718467843462,25.778361069827362,-6.56915913321368,5.264483244557613,5.705523908478064,2
25.689273711987706,24.98499812640227,-3.263534399144201,-2.3326761298367376,2.0062729609772703,2
28.33227937783081,30.547249121554962,-4.5917154318981055,-3.395567668456475,0.38655647133462057,2
22.38332799613377,30.927640093675016,0.1183831019102437,9.45348748785259,-0.3373908940134218,2
25.424888272160075,19.001726995443033,2.677099602713373,-3.6633321367115013,-4.479165227033608,2
29.56975853602579,30.418853231104958,-3.1365543793036714,5.374303088470876,3.9997724151038048,2
26.280270829759033,24.758328325865346,9.506337780908376,-9.117465316016613,0.22127603542761298,2
20.517903201633455,33.3721714636431,-0.06482354319267047,6.502652537492396,3.156781834875546,2
26.184659288855457,21.530849356427023,0.9344353950343417,-10.68899877087808,2.2154856076767375,2
23.95990334892217,30.354339930495534,-1.7794448668052332,-0.02114238606597474,-3.6669358506486294,2
23.180678621971122,38.423983108644315,2.560883171056056,-0.5349348209963756,11.44745766873616,2
24.728374686188502,34.63544256884985,-0.6906257566113421,1.6526272291576158,4.2592687273502285,2
24.01362141073403,29.26661988860716,0.33283008124084146,-4.425218338393307,5.93589711214133,2
21.65216553511893,20.65376390365269,-0.77940969418937,-2.017085886321383,0.17584995694078165,2
23.86376442911526,26.71728534762736,-11.201139148307098,-0.8418759562238085,6.027771022334378,2
24.578512422406796,31.164667223647093,1.0258544307923656,5.930292468267178,2.2814260798988517,2
24.38424296889061,19.646631623538667,7.86552227033181,1.1766842793719046,4.759106793185962,2
24.12603292788253,19.088429566593682,8.47941451982837,-3.767212636706155,0.07100635954004941,2
22.154436389202225,28.42590134217945,-2.486712150477224,-1.5212335315853647,-1.7117465485217322,2
15.322822612111086,29.77153590011116,5.650166621820706,7.888513371140657,-5.344286040591427,2
24.681638941907096,27.942878353957248,7.000101036949751,0.002331754633823069,2.731914034745683,2
26.79493695217299,15.735121822427645,5.474781130215874,5.272866772079305,-2.8632656773870035,2
30.492671169292777,26.516610080193672,-5.259902933911443,-1.7797744248607827,-1.5109959092364207,2
30.984696922904277,31.796261121753858,-5.932254888108295,-2.9185356523910233,-1.2375738990077356,2
27.5501945886523,16.043834484314612,4.058812486113231,-4.867805911553249,8.311665973099917,2
25.57618264158237,32.760364783107946,0.37809195570096377,-3.6147659971290826,1.4128246041096286,2
20.273506317889776,32.44415922635097,5.188467075801316,-1.0299616327732513,0.3220017517580812,2
20.543472850479453,21.876633640522076,-1.0436772135819834,5.7427185268844685,-2.7305367498430675,2
31.315304479451385,27.192422789292728,9.06005273523754,5.455052508858845,6.475182548031037,2
19.14341155335888,26.608598149464953,-1.876609408953538,-1.9751756111127583,5.340809268188463,2
26.683345979827532,22.710203906522196,-4.819558693353878,7.626215073386987,6.265719353601926,2
18.196748535506487,24.935823193180035,0.2652538833687995,2.138717146939104,7.345328030255087,2
22.342462282046437,25.827301472262256,-2.4988389199875978,-7.025230172227996,2.134195086793073,2
34.10220323622076,30.654955920338736,0.7452116141710478,1.0168787585406835,-1.1387703980899793,2
23.124491710094407,23.135395125807843,4.168475432329078,-4.256035667570689,-1.5598121735880257,2
29.530743666812654,25.638048140198883,4.019674311235825,3.504429763055616,3.963909347591499,2
21.715619864447223,24.941051396599274,-1.0229000930701262,-7.692364802477776,-7.832388994994268,2
23.022891186119352,24.515357635413643,-4.783468224795486,-3.753686339069911,-4.3661959730294795,2
20.592515668128932,19.052300594737723,9.368854458153402,4.654808776764181,-2.9669008357495112,2
30.013154639213315,20.939246208869882,-1.368621456044404,1.9547239711530378,-3.7657558807830043,2
23.94516057679761,20.638768430713466,14.57611530018361,0.3474212898860003,0.33158260731725453,2
31.91318228150051,16.96053384746635,-1.8001976578168644,5.07711656604793,-7.335708815887539,2
26.657739529897462,20.85174959413451,2.684050077236334,-0.5463567362890611,3.995828761997555,2
18.506337714296695,14.291972273912457,0.8503088983246898,-1.8551028697986065,-0.31137173809506624,2
21.019240386137405,28.01183135757045,8.111027194276422,0.8313594560800733,-0.40824562194164726,2
22.640284102381163,29.416175729067312,7.613003609879729,2.935662998207116,-4.392962392290474,2
24.83267817675978,28.54212239558341,-6.517125467911379,-2.509249102223766,5.947231740592631,2
30.875438718848436,22.946165121890385,2.5867797717529823,-1.1457209255609753,2.2846904855936474,2
21.54191233953146,30.097612054956848,-0.800671506220165,-3.146006964659919,-1.244288322606827,2
20.209312481864103,24.912995204278815,-5.020557183959095,0.3199115946866974,10.006936535774173,2
28.754548282867283,20.280090179708722,1.4316549723264416,-2.395315573724833,-0.5383016525384263,2
22.27862302329946,23.479150252709847,3.377370226525417,-8.709863160895651,0.5130420253089837,2
28.780127436002424,30.124282173975196,2.0462480375397165,2.7530517871641043,0.670241237054366,2
16.596442561974268,27.412206854033954,6.681716763214764,-1.9191102005909544,-6.0464095790134635,2
22.550050940660217,25.14095166550741,-0.5862214329617152,-0.08211817522460874,0.8218837864005794,2
22.428719056339652,31.550906177822473,0.42564524778469726,-4.507407396946971,0.8287600806286446,2
30.019871290897683,21.803385085312676,-0.9463310009454111,-0.04949213571609534,0.5388864484267023,2
29.526026496645358,20.97303554786052,0.32440829355347833,2.561262634993327,6.6153177366622025,2
23.8106947889535,29.031518388152023,3.0085849945194307,-2.722992154911846,8.498864681496237,2
27.453655078086168,20.999324892853345,2.3443659606059946,6.238757118431075,3.4480986989750644,2
16.851212809150596,24.828684816679313,-3.48011703661179,-2.83933623078197,-1.6453645668765318,2
25.58267199887074,13.101481420546971,-8.29347092723012,-3.9777075986089194,2.5489341790730426,2
24.978569847826886,28.25238057457961,2.4758285262734003,7.2929606285798325,-6.757926139193752,2
22.92543032292673,26.02064576772229,3.3049223433705537,4.596240231281146,-2.94837434259346,2
18.527013416326533,25.452719714841706,1.5666942664212349,8.745559076375976,1.3426304661821984,2
24.630810825576134,27.78351893366992,3.4760341891128723,-5.433655217089176,-1.760746276461373,2
28.046649519169108,24.02892013845168,-5.068877259741985,3.8112288772054304,0.901648990091952,2
20.647034415097437,23.904914955840056,0.5743073310326214,-2.3560050827580437,1.963959775101792,2
25.556084268580335,23.098523674263447,-1.4998298816508906,-2.31217601583982,0.4940583996245539,2
26.309536897483863,21.42694808141511,-1.838446340122609,-6.169186983606076,3.0703439146133005,2
27.6712849469086,23.508177169581142,0.7006295745485556,3.336114288491385,3.6921171790785787,2
15.939889977744642,22.994375911232474,0.7901664204426618,-1.9050318751578095,-6.52790136752441,2
18.337060672461813,23.153288104909123,-2.008859873079449,-4.068863118349141,0.8908979279699579,2
27.61776030973779,22.837362436749153,-1.0890781450775684,-0.9189095773150757,-3.440837932123892,2
28.391556958549643,29.291581768910692,-1.1291750279465735,1.3002028654586488,5.6860428726079695,2
28.460887356850627,32.83651456929001,-5.227597148267255,-3.1897475501066257,6.801170119182113,2
22.87194955909414,23.005926155318587,0.3075265039418892,-2.238506038952831,-0.9179958371776875,2
21.071619905694725,21.845870444976967,5.62514646174512,-2.8148215133410117,-0.23114997100187917,2
17.325032418441985,33.476563923649174,0.5010705794634722,8.641413984267896,4.101117656551548,2
24.339010988503848,23.322145816246415,1.00407918300857,-3.324341165907577,1.3903564473680614,2
23.7455662691583,25.63511118243725,4.844654880564083,0.6770896418097798,-1.3653059851595573,2
23.84948982514767,22.434921204778114,-2.867468886004044,4.801831393755398,0.6219138866471411,2
34.510405811834545,30.69869557965015,3.2602659691284823,4.68721950368327,3.324840068067935,2
31.33238167709949,31.47236603018229,2.6092371989124663,-1.5470873836541288,-0.5316419575837901,2
28.687147167552215,24.457053650461297,7.184705585934406,4.683778365630049,-4.109238434524968,2
23.213773609083372,28.84972756276613,1.557782646821845,5.558904934032584,1.2471114520918323,2
33.6611525860171,25.63241609133337,6.455683040298533,7.787780156632317,1.9484831123540258,2
19.233707714632487,26.490157169393314,-1.077904456540042,4.463733860279202,-3.9284943124926075,2
22.12724074397561,30.015378529478326,0.5810575291704296,1.9582390616535832,-3.9641622414781974,2
16.18434282564995,29.346979474646215,-5.727132025390936,-1.7788828639743732,-0.25455189694735814,2
23.881810730455623,21.757726168898834,-0.5473433390086664,-0.18755283552083046,6.593282004719021,2
24.16013672416862,23.79610824410825,2.1250282957864846,0.22068111542621194,5.445625469424324,2
20.219597784684733,20.96128490017862,-3.9518920369978865,0.3131032726437304,-1.0925349983487127,2
24.987842479650705,22.916232409629306,-3.7761179046310387,12.905467533205101,-8.076686610557823,2
23.832934046371427,23.642257742322126,0.32860626201305976,4.383918299489181,0.1445067408263747,2
28.985497017802956,29.73366818506458,-2.0478790601383308,-1.2995116167949874,4.791707347375193,2
21.462216996579222,24.651976880042426,-2.4882855962256802,-0.8931018652944227,1.1030522957288944,2
23.039096925360337,27.460327396325308,-0.7957572913833255,0.2703976716349259,-5.2109258668201655,2
29.66431676643444,23.993146226037396,-3.557627395491499,1.9877350872324482,5.933599249328305,2
17.91222201812539,27.528128851083636,-3.4268293769117664,-1.4249079786560035,-4.118861487646754,2
30.066248585726246,22.628879571192797,3.674914073544597,6.586167241598701,3.2083952868253514,2
23.97575185268404,33.55556198485533,5.769024578568619,-6.122148568021877,1.2767228048609471,2
26.255114655974676,28.52716072542943,1.009236172744227,6.019310489324655,0.8776550528123763,2
17.79551097317044,25.622397475126668,-3.454804139917277,1.1058033028985856,2.9583317253536014,2
30.31424575634722,20.11964192617922,1.3706679481612891,2.922752614532248,1.674838440056866,2
28.850123416071927,23.97287947397914,-1.1154531940504397,-1.585179454167657,-2.7188528837159214,2
25.775559972986443,24.34449438980364,6.54122367584918,-1.8345466756817266,2.018831425447484,2
26.174918274493457,21.434167259309113,10.94674726903776,1.2526586535316298,3.630502934767589,2
22.30657166131791,21.53430542280948,8.008503928926999,6.103157368338794,-1.583088078609928,2
25.748915147996986,28.022288014004836,3.089972597958987,4.361441803535479,2.3437068503042973,2
23.94996009072075,25.520580426705497,-2.8474520054675083,6.488158139722521,-3.55852524444129,2
29.941236043815834,24.826329891788884,-4.3685131030330835,-0.533572111590326,-5.112192024085868,2
27.983786876011244,24.85471720130755,4.027460736369285,0.9058398182886997,2.9400542022844096,2
28.550086625455627,30.575155012719172,1.5192413323609135,5.571641716178126,1.6689640363731906,2
23.91770111265127,29.890194025107164,-5.755908212225017,6.023922486900017,-0.8829663336914129,2
29.877777611747447,22.76071712122304,14.518506181626371,5.020037842137652,-5.80986062154277,2
29.744333788635934,22.25489864947703,2.428495822208264,1.6640667212998235,1.5910524870815472,2
25.748209673088894,20.699011371956853,5.733942248256989,6.435764291123893,-3.175910938909854,2
15.294844403420154,26.310233831372692,-0.4273492622940016,-0.18034041670571033,0.948913093352124,2
28.405692848672167,25.858724398388038,-6.540469474764759,1.8265880426010455,4.484867882876139,2
24.717290942242812,23.17016832577717,-1.0719397780819127,13.461463861796544,-0.07625005857447298,2
28.066057830479856,24.413037149465044,2.051296677359869,-4.254426861532316,7.219967688022744,2
31.176429308904968,26.380461532460412,5.36016458340117,-13.336482187074193,2.6919506749758986,2
30.05796492024165,32.74328442961276,2.9269874039384454,-4.143564066352607,-0.3901139841738903,2
19.672788753379812,32.29594582708626,-0.6275665963176273,5.19977785407365,7.154821502793547,2
27.456975602709505,27.673215621992597,0.5233480033200593,3.5658145201715272,5.835058620408214,2
24.625882878063944,27.956575380776204,6.489883938065826,1.4272323705697367,-3.9259158890689596,2
25.521349756664822,17.856616568365418,-0.8200554192113105,-5.203588715280705,7.87057817295673,2
24.077056607382808,31.407703356264683,-4.892306125988297,-1.3897554547305804,5.81694836308652,2
29.303507188445337,26.377204410853526,4.86694686301629,-0.9896612518269492,-2.270957932373964,2
20.329419537904634,29.993062369338407,1.038847957159453,-2.8455178960085012,-0.8689696904624424,2
28.917801593979146,30.497161790610644,2.7279064370692567,-0.3100522708118565,6.396522797099845,2
21.304409018956427,24.653174367252202,8.814464742798823,-1.347579459713292,5.1640563281771925,2
28.18515692275928,28.191409904827715,7.605505291950225,0.5810474625743719,3.1485562468115877,2
21.029831465270515,27.312087054704914,0.4217865721928725,0.518446224532586,-3.2300495556780087,2
21.888615522072893,31.89737285707791,-2.920506468445721,10.023707318576841,-8.929370874899169,2
23.638096999929413,20.502839086526762,-2.3368539363951606,-0.8218156575470772,-1.7139365807987876,2
24.390477748603548,29.442296825469413,12.86866034396002,9.962924284327288,-3.6632317056923718,2
20.97031550668114,26.496314225465355,6.735537286430377,3.333977690784505,4.968991282152391,2
33.15668955382117,21.223227238672205,0.9910981647419704,-3.1656157536270353,0.42105294152480566,2
26.123932367727967,28.95741093780271,-1.737147302424554,-7.376840395149745,3.279663074676961,2
24.409347756106996,34.261121165316816,-4.804461099201058,-8.6086256829639,2.1485721910331463,2
24.15582343178575,20.57363041263479,7.2278954089748995,4.831908189208379,3.2890661458492136,2
21.141167380355462,20.195206573302553,-0.07694676743228124,5.406259534596254,-0.10883810033945407,2
25.182772902103473,26.612315077188534,2.140416700387802,0.2848099853455791,-3.1446204809292935,2
18.11998328303238,27.272948410782366,-6.141564871180579,-2.3666547746129147,5.282775705472357,2
32.244152486670274,18.606644584928553,-1.8941759783631147,6.8045308117530645,3.176350312981343,2
31.022008596212043,26.134038954512526,-1.2034580087481581,-1.0637901803936867,0.05781020201874154,2
25.841000813749147,19.401311261519087,6.044455663341841,-4.05090622046634,0.8922825009083618,2
26.07259742990766,18.463589108686772,-4.337991264020562,11.112306478726019,6.038412355931195,2
20.71565926735976,11.558034164943937,-7.2482278557448225,8.933172968813892,10.496938044504025,2
20.393974563162637,29.150827811693052,-4.754888217774448,4.660598063080594,3.9039328746932322,2
36.858266416127606,25.3478374519082,-1.0277673566446675,0.10461662607250488,10.507104685491022,2
16.307826322370875,16.766058171338166,-1.6902361397359331,5.609949658071394,-5.508007981612891,2
23.797879651035956,22.001967269085174,-3.2841856243425056,-3.446658343878939,5.24992911192629,2
29.29238713450347,24.735285269567346,-5.37675972762092,6.250613453182623,-10.716354997714653,2
30.495844856004492,24.2254321385536,4.905560776531148,8.090402082151385,3.3901485595165015,2
23.907489926926733,29.93538751220182,0.8369886506203661,2.3238410174711275,1.3547200789386298,2
26.902107878115817,23.970950857658682,3.063564159420639,-9.707776653078689,-2.353864273383134,2
16.824517408368923,27.232669693724976,8.032805621109874,7.0720678864664315,6.346953204772699,2
24.396578723408954,26.300439366758965,-6.108136598257087,-0.5918099351565593,5.334433267036965,2
25.031230638341377,19.584072624232043,1.2298919230296794,1.271678819985977,5.033564825768993,2
26.429583531539844,19.547735639831107,-1.069545473267783,7.19564194402599,-2.8648607963371124,2
26.59466923232965,24.706113533033943,2.9677233922328057,-2.3827763606808547,-4.521456390271134,2
26.92416577835332,29.832786886189123,3.874541190247089,5.572157233640636,1.9732117474324586,2
17.80415934370075,25.757567929851383,3.9530609732173367,-1.0267980270919916,0.08515466703610419,2
24.942216282430433,29.672824047991682,4.7310311171540835,-2.4450245391521976,-2.259597980385104,2
29.037525495938496,26.303013695614688,-0.14399430830840032,4.223175987417887,-2.0633314818452995,2
24.349944291036252,23.163899425823825,1.1247414300348473,-6.356274254137025,0.9663502257781529,2
36.77693172330834,29.72134856480644,-2.4227007377851475,4.1417506553826,-4.134050039954087,2
26.824948034506974,25.842109225517888,-1.077936611174378,3.8130405391700957,-6.780178228928987,2
25.047624539173643,32.90387637655868,11.155717117134701,3.7360774601012814,7.116290970618169,2
21.653147042117983,22.85881811124107,-1.7148569884779215,2.5442232788348793,3.8296114693920016,2
22.584502990999646,24.642420677205855,-2.5440165222951663,-2.2278390414359137,3.630771095465544,2
23.03290219410177,27.096369123437682,3.413623214685244,7.790545973457083,3.5580477144888745,2
81.10325030267978,22.484662139333842,-1.8862707433529091,-1.7021676074416674,3.6086842868803055,3
81.6107276978237,20.360222379851777,-0.39605444061603756,0.9909547146577616,2.4885226133484464,3
78.30665305102447,14.603969782698172,-0.867106169709132,-2.479257123039203,0.5831754308648245,3
80.49566465120992,21.14615623721012,1.0704199655916569,1.8465154403879693,1.3132974478649921,3
83.82162326577235,15.839145402956126,-1.2852400955741379,-2.5363450058565684,0.9227345213465137,3
77.80854400621656,21.889035334627035,0.12103948368084372,1.422080234260282,0.423181661642936,3
77.21178860100237,15.948531940258693,-2.2303144684417555,1.90717047830443,0.5019756603895962,3
78.135679567282,20.60541976327613,0.4007830927247078,-0.301809573854422,0.6238058058653041,3
78.48270196885682,26.864729214310373,-0.1544908447671849,2.4930671999898575,1.0761079384283796,3
78.63753104491471,17.436520525225575,-1.4613191796143954,-1.5327042798055297,1.5337826375789545,3
86.30157529881765,19.6354039040434,-2.4505468220724973,1.3299435635916188,2.371239031561192,3
80.31426976521706,17.991404247316044,-0.692142360288484,-1.3333950984257945,-0.5430101955025528,3
77.51094740343875,19.7871862763147,1.3016528575841757,0.2687183055639498,0.3136908626660352,3
78.2972987610387,20.43347799732456,-1.8027808870456346,6.285685478550303,0.3870982688138743,3
82.7405042160201,20.4768724173526,2.6924566966792325,-3.588553993919448,1.656573042945316,3
82.14811866083362,21.02021406928685,-1.0650162585786442,-0.9828497063250508,-2.516857041512126,3
77.71367312467675,21.387285823592652,0.2989041385029164,-1.400168704126267,-0.34447718277688044,3
79.21880726227143,21.462796348988523,-0.9638618025555636,-1.053992075994501,-0.7685942980117444,3
79.93644758968979,24.555001808336332,1.8809864099806461,-1.5826465327875638,-0.8536580836482845,3
79.21528473227394,18.233192275336975,3.200201846144126,-1.5126522759969112,-1.3266928444003354,3
77.0181359648863,17.708538069104794,-0.41568316871926325,1.581733863756992,1.8921234846095794,3
76.96876051533658,19.320341115181293,0.4916001805930833,0.7556966316684752,3.8957099930253434,3
80.80108280666408,18.585661913236304,3.374350234519551,-1.9144270244209207,0.8345006825728217,3
79.65540052599783,19.290727297316284,0.929283937921993,0.4086618946128098,1.6504842462548837,3
80.34179856708283,17.627286377219537,2.3450705343964473,1.1114765458316085,-0.08491663365140467,3
78.80013549413293,20.122509531978153,0.26011370194344363,-0.7782495372147529,2.4375074146256415,3
79.62555500613901,22.114640169972848,-1.4212611945382179,-3.3286317019823493,3.2954256118986924,3
80.53037117566832,19.150485942067203,-4.604188429109889,1.453919472966989,2.419254133611034,3
81.79505298654252,22.18989217713547,-0.5572258187167369,0.10733688217767212,2.2848436023292127,3
79.70142943690013,21.169854361984815,3.6486128279053665,-0.7662696218588385,0.02981822438363657,3
80.5780415475523,21.518523524176288,1.6983649913703425,4.445392051948657,0.7957609726037128,3
78.41155411271062,19.313376274004945,1.3238726293252383,5.329308910511946,0.17852990278567005,3
79.38714215363994,16.790492107184516,-1.8961113488161625,3.77306368806871,2.273324100454365,3
80.60260136185163,19.470187704467254,0.16305506214709065,3.523000375748034,4.456898447460954,3
77.74082106226953,20.895187748639657,2.238626810330876,0.23590391566402769,-1.1033480902453232,3
81.77968545968452,20.836162871482184,1.4171313178157356,-1.130931384319073,1.3817714594156592,3
78.61053242899983,19.116405694936915,0.8048488734275828,1.8136080118574154,-2.0253131972713834,3
82.17345598681823,17.036853416997438,-1.4080613468938643,-1.2611461151342294,4.186584042487662,3
81.46137916267867,18.63812872589247,-2.1684545208778645,1.103604818098129,1.5720360235070872,3
77.24757330795137,17.65923928268482,0.10287004830116142,0.07031917548755506,-1.0043741641136528,3
80.69616462436899,16.75117433249165,1.7053460001376468,1.322379751542298,-3.3203622487979203,3
81.03738844301195,21.522889797739754,-0.9481058397559272,-0.6978808502076679,1.9604445832018502,3
79.86783183123669,18.414257434073136,1.7922407420574507,-1.1695695693298913,2.5310339933541903,3
81.04926038912252,22.03315278033952,3.594384990901251,0.09412331503446525,2.38060291857402,3
80.05260488303257,17.86911706698902,-1.0122544003433371,1.2304368955318417,-3.914079890959603,3
81.87677177845269,19.975066238944674,2.3949931287727133,0.9749433254927046,-0.3225025663883909,3
79.49459747770693,22.50827104831299,-0.772020628119443,2.5834241018571498,3.7231162604768233,3
77.30507901057175,18.47210611942893,-1.9616069974939068,-1.66327862497794,1.0955481693526452,3
79.31577437870806,21.071725405609463,1.9171313342212242,-0.8661018515146279,0.11250547160890956,3
80.33012042201311,20.996608129068424,-1.396630226488842,2.6734672282732888,0.6204087897163093,3
80.3067580945515,21.416490367853054,2.6161190569285373,4.493413441850995,1.6231627088315679,3
80.51995585148653,23.62188013285882,1.819554006506684,0.30955718116460185,-0.3974240934004476,3
78.96017078785407,18.705418058603605,2.091569426441147,3.904493874581795,1.1562315249531656,3
79.29379892733313,21.53542270019709,2.9537701864199652,1.599539995268218,0.15638371763937897,3
82.7914989999572,19.81964600754874,1.090118187819364,1.2732740384356132,-2.8422985224423347,3
78.26139585959103,19.724046739387603,-0.021686370408195765,-1.4329357599789323,5.1648318604256716,3
80.83672804352018,22.378551038579165,1.8836023357476095,-0.40918858675824077,-1.506338387984047,3
82.80521979248971,16.89780789638494,-0.6046149793162543,2.410119603041597,-1.041293080304631,3
78.98048766262384,21.03230403958301,3.3505097202416088,-1.3972409744671674,3.5265155149587484,3
82.62026114068625,18.87560085505772,1.8659567956411949,1.0572764718640173,0.710714181684718,3
81.95500391208732,19.469375075509554,1.6503313682231402,0.6207316923319544,3.4348597186871683,3
80.19211787374383,20.420460035876133,-0.16484748523007897,0.0026169193223903875,-2.153602765836302,3
81.41357544524773,19.87747290339507,1.965683809506173,3.119539169599034,0.7873678140505292,3
78.01879993355415,20.395536092646054,-1.6193034251616258,0.9004461114219714,0.05095978883618657,3
77.25051369094425,21.807744021293267,2.8206920388480015,3.8320154227398837,0.822603395164478,3
79.00126650127791,21.157195395690746,1.2050038910195815,2.041551712870464,0.9216312303064229,3
78.52180638565072,17.86796156636582,0.1958148703065279,4.624642533051993,2.3782618558214246,3
76.85830443804333,23.335136691291897,2.2158999092803855,3.905228124647064,-1.4820422242408129,3
81.94742356141475,21.223122929937865,3.703132529401182,4.468426556676571,4.275403583156773,3
79.85251469519663,20.31336278848643,-0.24705366749304392,-1.813294302229893,0.10930599454052559,3
80.31320885027253,21.196117741804088,-2.017044961391457,2.6696383965219406,-0.4276679585570695,3
77.02706172348954,23.189142992852886,-3.273696272737581,-0.8420594989523045,1.468090939043568,3
76.05514636387068,19.991117151632363,1.0074642516608903,1.4780468443886368,0.2755063754543735,3
78.04853104767413,15.159651118631793,-1.6796261333743403,-2.6949835645552094,-0.43281677134137464,3
76.54301130388583,18.74799843598318,0.9428736671329232,4.40316527892,1.0640648873364293,3
77.59915608798431,18.32252557512913,1.437389536207988,1.1575668975988669,-1.1789336494485192,3
80.30366001444631,19.606065407781415,-1.8967084865467552,-1.0956129982940128,1.5554655479770947,3
82.48498341259608,17.55963495919218,3.809379263657446,0.8632054035491629,0.8107662196691587,3
77.6474492485549,20.610331381449814,1.341353359663928,2.360036294498067,3.1169637390263936,3
79.91615085651483,21.321898492119946,0.8796179873601484,2.753736385910267,-2.449807442244361,3
81.34563333177822,21.093294492380988,1.304928409593613,1.6219100630244863,0.48390438835762006,3
82.26600142400235,18.405488263526436,0.4516266120704898,1.0996386601024601,-0.6006827661596352,3
80.30373835833164,16.47500224162483,1.8120669254813615,1.6494960080225967,1.229819559784809,3
75.54012640408294,17.99002500230121,0.9835001006725254,-1.7982102666150035,-3.44935334336592,3
80.43019946288227,23.230381824377865,1.0420265946555756,4.214983191076341,1.9834380993824903,3
76.52025652515027,23.194816548694735,-2.243690016662246,0.5272989220569975,-1.4851454270093996,3
81.57023657837924,19.937393279926006,5.1578418821511836,2.5463949709833287,-1.2757933371118626,3
80.2110296586355,18.619021778392508,1.0811737081813286,0.5334067626692871,-3.1664537882017205,3
80.36220388630636,17.62245517415423,-0.41865031871726344,0.1969527128254025,2.625177403261935,3
81.42371039605118,18.75491453501072,-2.3637105539619867,2.5191287498128485,4.002638854619573,3
79.85866485944523,20.541448734841985,0.11071916731661813,-2.2219627860493527,0.6784897489639592,3
81.82957053538556,21.8430865731615,2.773547128336446,0.7555789308605545,1.675187316979036,3
78.90387925949895,25.153760551388714,3.100483115186792,2.176399537349404,3.8155674440813914,3
77.63716536328681,21.003195990530376,3.1723373536855135,0.27398544833478533,0.4861642066023477,3
80.52322463012476,21.46495157522175,1.883312773872613,2.721807974905881,0.27710146705950156,3
83.36415616108833,19.125638886923465,-0.8291083155123458,-1.4159582117147265,0.13655840763750093,3
78.19851808453507,19.51302005701832,3.006595826077972,3.8790619444814447,1.9157856594852851,3
78.87325849882085,19.54723182020161,3.941887036693363,1.9744429250446212,3.0895862998855947,3
77.94030228183634,22.30261448790811,2.222574453072939,-1.5150184558067532,1.011345232245776,3
78.90411240439647,20.573135829256614,2.6298988053421333,-2.084241917950066,4.452405353510278,3
78.01339337476308,21.44982399498519,1.7131831970729459,-3.3370729998707134,-1.5185439904745923,3
78.31606803605636,24.592830269078696,2.5901384209823073,1.1323016145668408,5.8716665994638095,3
78.61593084559478,19.74058647071662,2.418533390168826,1.3248331471982282,2.1511064191857088,3
78.87582027999244,17.946814576112637,-2.144855231917297,-2.117768414253162,1.6492080120344346,3
78.52076578233914,23.433113818018988,1.0950643465046592,1.4208881564987816,1.8453548384789435,3
79.72742104937123,17.952937925119,-1.0810932822755048,-2.0282677466906605,0.40977431429322153,3
80.01794412877346,19.31523791674991,0.832059427321027,-0.7302709676443373,1.1371473984580143,3
79.28087019537264,21.78493412229576,3.907711569049566,-0.9500701555454552,-0.6699165387265316,3
79.00926044528471,18.027259581774086,4.602288294104195,-0.5035223817928125,-1.0924426600030843,3
80.86998848495907,15.617797790618631,-0.4055427811183372,1.6842007368065524,-0.2834210357375617,3
83.22108825617813,18.502632635660444,2.7304049817462532,-1.5140951388085746,0.6630009115299376,3
79.7101210906479,24.77255561595161,-0.07070533784119704,-0.9622309790072938,1.7658689607128388,3
80.66963118117408,21.391879680534974,0.5990332688635001,-3.4413607497911585,-0.2484307137776527,3
77.9119408107591,22.661936549496506,1.6686341677524457,0.9619270097807215,3.8761773812656144,3
80.9262331461683,20.26457780590549,0.4337274197948917,1.811903617261268,0.4304591275573393,3
82.31565548927455,18.693991800034368,-2.2339130666335376,0.6960531163889245,-0.1843081082088167,3
81.5010756506744,19.731651659774577,0.7089124370452378,0.7518000707073922,0.2958128859838981,3
78.62949274145103,17.511167436705865,-0.9992329716948143,-0.4838463035538816,-0.7489609436264231,3
78.22918017092141,17.69127622076261,-1.7060465645499008,2.188581990345971,1.9712237075849122,3
79.89176158686378,19.848478860634003,2.4867109640608263,0.6828212895170522,-0.9496477739979297,3
76.54740886901635,20.141556988436363,2.2105458411514234,2.001927954512108,0.7341469947280759,3
81.73285900960342,20.193632001508067,3.475261669621979,0.8198443597979947,-5.627925455448879,3
80.48723777834941,21.049730251721478,0.09041720334801973,2.4622115247494945,-2.067552841968647,3
78.57920870816615,20.10338905621344,3.3965286626732873,2.22316112600574,4.924280215150414,3
77.27292598517532,17.726707004210137,-0.09015392124772692,2.1305050907981666,1.001480299266444,3
79.49020290770082,17.07234111447362,0.4704362425544434,-0.15927082779342805,1.7400955524537938,3
80.94907484639585,22.611582651377105,2.8148111623233136,2.7357070123227234,2.5972233491329506,3
81.22307242877487,20.428924734580704,3.2777836543980055,-1.4814566792182076,0.2772217847242968,3
74.02680556291303,18.246634018679107,-2.2351327087920336,0.2075482846732729,1.291053697769525,3
82.38921907505097,19.982744464666,0.4305137140412,2.682640160801881,2.0904474123357066,3
80.12635395726488,14.702758965576011,-1.7828185780322867,-1.0102291303490967,1.3815802674700846,3
82.55704405114999,21.88847686584048,-0.9246956801624664,-1.0922185722665612,1.2141004784809226,3
82.20849006896718,19.96693507738249,1.9845739529234594,-0.2723615485066426,-2.5152364877704345,3
78.8857265437987,16.153960212981794,2.2436721318353134,1.930001060987098,2.3048625355988808,3
77.44270322634526,22.41571721504207,3.588552084878725,3.35622560857256,-0.8891465545396715,3
78.95540183800567,21.961910017702174,0.7801356627230598,-1.0333445404262265,-0.04972232128420129,3
80.63404863546117,21.649199892046422,1.1149474133942456,0.955632051129045,-1.5997054749258708,3
82.41104147002366,21.878586663380826,3.1818695459062445,1.724086264220391,4.645761415848144,3
82.01478197091372,18.46095711990746,0.6818291895080737,1.6371999365732477,1.3863784426987371,3
79.43152022361564,22.010916430824242,-0.09121989126581576,2.494915234614443,-0.057092076278510984,3
81.09578731223372,18.68586691977275,1.2210201125788243,0.5847871871339964,-1.0398922284771728,3
78.67429767354758,20.49763157056078,4.56399118353209,2.6421706403502885,-1.2867746450761173,3
78.5192305367244,16.56801102927054,1.2566808515061627,1.5777355590620044,2.4663258080491866,3
79.40548615611597,22.2180127099251,-0.3057101807652647,-1.6980057620376865,-1.7886574769859407,3
79.07611305541198,17.918352537880732,-0.009707554456733103,-2.152642752435731,0.9386102731078662,3
78.9229567805046,18.770410855831486,0.912372745718439,-0.1557591131793017,0.2999798781256242,3
77.30850762632564,19.445461477681704,0.6844894005432534,0.9040597920228738,-2.5190915360242774,3
79.03650746278934,21.767424904799885,0.3923305978606455,0.34875260353088366,1.084147618286572,3
81.18578182969212,17.892485727877254,0.5395578537904195,0.6686130722786563,3.138820902313367,3
78.78673879941793,19.612527502444756,5.121905887810952,2.871549728026583,3.51467986135619,3
77.47949109464933,18.55044858418382,-0.3077525890028687,4.034472450563005,0.7364181510613996,3
78.12092306568728,15.134943058373246,0.7242342552885053,2.5475629827106996,2.6356650774843473,3
79.08849105733583,19.51086248461929,-0.458160786099052,1.1675873662210656,1.027454077876523,3
81.95456004472399,16.719339125324343,-0.1157874731012325,-0.8073482946452148,-0.24990553083541078,3
80.89115947659717,19.814504208089097,0.6740117198716344,1.2562365439457086,2.6819237369305986,3
81.32017533776691,18.747013736394443,1.294446175206864,0.8880635275144314,1.5910899647081744,3
79.44956895928665,22.26457741381919,0.5291609540638234,1.7885921813244519,2.189036942125943,3
78.93497368375697,20.909874639936625,2.251850072061516,2.905247007615806,-2.429017780555863,3
79.4763282766202,22.016112990826716,2.639034064116381,-0.24060130331011687,2.695159495109503,3
78.90538290012287,17.98289684444076,2.9186203363535252,-0.30844657423502775,4.942723793379183,3
77.3943041518019,19.96324381045175,0.10885928262557043,-0.027560932953336392,2.4983589782243487,3
82.39709290470041,21.72571455427684,1.5561542100466164,4.734219353098113,3.169756485412586,3
83.18782021543957,17.712389669907893,2.5899890167533925,-0.05146172109679226,2.656483644336798,3
81.00660432021624,18.172334927341655,1.0084063425021306,2.6620767463970214,-0.7814693044311192,3
76.86384438546348,21.040428713222518,1.676743857076858,1.867164397574494,-2.4283033174724102,3
78.89674500538678,17.00213488971899,2.97531250147236,-1.3229494472332028,1.8783798344550027,3
78.44867938239875,14.767668266211857,1.0171418551965705,4.334684803323739,3.716167335982857,3
81.37998850688537,21.604551228501315,2.9560447512892973,3.014388266993461,-1.820490525659368,3
80.76125763891054,17.506495337944287,-0.15148210396723671,-1.9891448690505125,2.7982576700834745,3
81.24188442492064,26.86149165868661,1.2982023975675778,-1.6501998750690419,1.1681647182734287,3
80.46351112526125,20.771603314907935,-1.465953903047882,-1.610655350301117,2.834491855557613,3
83.85732206161455,23.31980152091154,1.1327856686508544,-0.08462161818696634,-0.14295065341716184,3
80.45421534617678,21.49694400666052,4.076816883236165,3.2906328043649147,2.997143427111377,3
80.80799452498945,16.606212500862043,2.043634616396934,1.5012473227798808,1.6821994591412224,3
82.59292673787154,22.098781229711083,6.460255820707329,4.62624783224503,0.19560788786384986,3
79.91869898606254,22.328974128590396,-0.0030836629562027706,-1.8657352100624531,0.9159754708631247,3
78.85991211282844,20.40200417187435,-2.1918933404930288,0.447907097586436,-0.21837798907719064,3
81.06657490986869,17.16528426518931,2.511667590929786,1.6768203078382315,1.9899931186314856,3
79.77832554307842,21.68495334586513,-0.0035236533776696888,1.480571899090484,3.7615306561522583,3
79.73182815717456,20.572267732125283,1.4619527128534855,1.7854186023814935,0.9708920271488225,3
80.26161891938283,22.70170317129644,0.2851127055305719,0.03779509204275022,1.1113452957618144,3
81.35328320529351,18.09155679620894,-2.2308387414191495,2.1833715915440766,1.719003530747678,3
78.27556042299523,18.917956959131953,2.739547778043644,2.2776287800233668,2.8066220603172556,3
78.53657380283397,19.023207234369075,-0.7466449098888992,1.3141416981266194,3.813903402020601,3
76.61565364612318,18.08930161414191,3.0432141829209476,0.1419704891294402,2.7573963764890834,3
81.16160008184096,23.039551376285104,2.3015045348434997,1.3814275712429671,0.359300251757135,3
81.07547639632597,17.95146650043749,-0.6699750766580586,0.6400385326095939,0.4339788459629509,3
77.51696046806717,18.319977390565313,-0.519577430755995,2.4031813796502677,1.0404430474677278,3
80.4592351896103,20.08152371358118,-0.04097789579885047,-0.7963408058988217,2.9461068342905445,3
84.24811196766275,16.64672181184995,0.9077794161412945,1.5793627499758154,-0.7530018849579196,3
80.29239887288638,21.622094456285243,-0.8022446964683121,-0.01298674063513694,-0.14451068747883955,3
81.45372460396479,17.630938957966897,1.3608409421190744,4.874120445767323,3.1173604091121065,3
78.38540431495731,22.279935912791437,3.0951716969203624,2.0865097854398824,-0.14398012562708562,3
80.47125998731666,16.448826902978865,-2.8169636157024285,1.9942753883856654,1.109815184906613,3
78.84869975296046,20.790826377685377,-0.6075145048797583,2.1790134368153593,-1.3530070220087542,3
79.06397298364385,20.607092897814912,1.2180367822125782,3.95811886819434,4.798631908370775,3
78.33952226018343,18.62841707321247,-1.2815400358823563,-2.24016490561112,1.522996008625881,3
80.08468095360845,18.204193421105003,1.6371221385936767,1.86007136958169,-1.2453288166352414,3
83.36842948584666,18.472499590905706,3.0731039876937567,3.9282891901239334,0.8382186397692292,3
80.63788198124796,18.14884652101112,3.188822513077911,-2.0945077351969257,0.9020809257373317,3
80.57731678527956,21.009654240423934,2.7525889849280416,0.06235601673841529,-0.3933961670628159,3
75.93564122997091,19.100156419898788,1.7109197560237144,-0.6169126263560769,0.36024322875795867,3
80.52761746487637,20.941435403063117,3.638622373434437,-0.046863968558687796,3.0169253414105275,3
80.30529980324197,17.094997765491737,0.6570531685983729,-1.3548863092403804,4.279730856618677,3
81.28688291738271,19.711868822353455,0.2686017399347652,4.676771021774332,-2.0062081258832674,3
80.24341433417364,22.65014835564421,1.2139132347935402,1.5470057777735602,1.0801209999129868,3
81.72581080673824,21.044858197537682,-0.0627850058576005,3.3639833574716764,1.7412956311493666,3
74.59132943661795,21.965037450655657,2.0858439837009897,0.3980827861574264,-1.0698728461911338,3
82.49369686053569,18.47467743653519,1.511679403140338,0.004731978187776376,1.068363579279616,3
78.53327758560611,18.485311410762595,-0.05528556250339012,3.337309356124333,-0.4615739567334889,3
78.72649652314765,19.316762855695252,-2.0176018682349723,0.7614620420960853,0.11903602366532495,3
79.230443792076,16.23888875855063,4.228001996313234,0.6061238522585215,-0.09610455618049918,3
82.12711088284404,19.656737815512855,3.3041223307053684,-0.443167993626421,4.360059066603737,3
80.93878176267134,19.13691029427015,1.8979876822518529,3.05736861041611,1.7241708919728056,3
81.29762631697454,19.339938771393616,2.2023820893069335,1.8515753553450156,-1.249827220781465,3
81.26348656850026,16.97243840392703,0.5418846754876865,-1.0327099822692714,0.6735904127802438,3
76.69183098593022,17.66099063766467,2.379545729752971,-0.8232097306650743,5.067355941049318,3
78.79145559363181,19.94746292679717,0.4088126022674826,0.9624320630072166,1.1865763593966205,3
83.65197626067747,18.659431609979755,3.0862619558376436,5.212089267778463,1.5075344999851894,3
77.74254501371698,20.596896064107476,2.6898129360907994,-0.47334907350799704,-0.07821905207645963,3
80.79915183794166,21.658256260319092,1.959171981990969,1.2295018953536694,0.5300113622951494,3
82.94817116826245,16.98443189505956,0.6050473199420519,-1.6055890654735379,0.7569534310757035,3
78.85383815613399,19.90519923715668,4.578255772681765,-1.0749009584224072,-3.4404934253128605,3
76.53459779800755,16.95543687329182,-0.30038474065660403,2.0774411758563502,5.341859098247172,3
74.3594424586055,22.594650002546892,0.9324836532961179,1.9883699644349884,3.860804001887215,3
81.75016819665203,19.54372483374001,-3.1010739847278517,3.429364968798709,0.7802814565462937,3
78.66643655272887,23.019737198239014,3.735765500988127,1.297243158283488,0.25869406346968704,3
77.29455457886263,22.400026926950108,0.2790876422366184,2.6714372821770906,7.074951869900906,3
77.57399810801317,20.296612149755543,-0.9890249622447442,0.554362267098128,2.202979260978023,3
77.80071406337912,18.68097892603711,-0.4747820539629257,-2.7067485161037452,1.6109035361120965,3
81.96582205032159,19.639538468288748,0.7263455383643671,2.702865472633413,3.53998300160024,3
79.09596024620353,18.596810353171932,2.998634637605746,-0.6406422455426659,0.557706289902159,3
79.55604898257398,22.37049128770022,2.394184494152059,-0.9792736363472416,0.501343539361341,3
80.62478196334662,20.943766600769756,-1.393424723792767,0.7907593739762466,-1.4581353987405365,3
81.53096022799167,20.03902426512039,-0.20052539394716873,-0.325513930922134,1.1274155766493934,3
81.74137982707951,18.3539311942115,0.2570071884710089,0.7646480229823776,-0.4663629496090562,3
78.08853058784946,23.660443191046777,-1.3944232496668105,-2.21051573858914,-0.5966802891039864,3
84.42765430944607,17.01498172558776,3.999388904537029,0.053767323715606,2.207153219259842,3
75.19122945813423,15.83068731611762,-0.6637887500115298,-0.0989544139135885,0.9983651724914256,3
80.43364059388347,21.39585318803434,3.144279590105498,3.2537369752080156,4.615969716943841,3
80.56154827794599,18.445021078651326,2.200068172920663,2.5354720340867902,2.8447558833540887,3
77.01858441160383,23.932331081390743,1.388170423457591,1.3471192075304093,1.906444531419686,3
78.71961773829314,18.572800909315063,1.2822185510900777,0.18580082829286726,1.1629614171649703,3
81.29855185276725,23.181682587539584,4.658550356041902,-0.75532577155511,-2.9413845701595056,3
79.36109418631244,23.852889168372986,-2.1656449932572466,0.5129327257954521,-2.3863048970315472,3
79.20077713576681,19.24074263032187,1.2250286670138941,3.7319314441347426,4.601372563432336,3
81.0933142586712,17.72219191174779,1.7411681491665936,0.3378205860864839,1.517002609937073,3
79.47833651157717,21.16064620157662,0.8720869600585848,-0.42553006241559643,-1.4532142007957058,3
79.29910864485925,20.41556283952445,1.3133101680189532,-0.8953667269889365,3.7060451343836314,3
79.99240010878282,19.89989178537543,0.13686585304843857,1.5390868757520746,0.8748469605715273,3
49.88833775794516,49.615130276706736,3.267649939078361,1.5256694921265066,1.1584201049083918,4
50.58739344461474,51.22375109497545,2.064851613054912,1.5635662876993404,-0.35217991710355534,4
46.95657875270089,51.627063646308095,-0.5118774502729564,2.1858386496554756,-1.3296939558703986,4
49.425399759900515,50.43872065154993,1.2348883285270835,-0.21888571798470302,0.9026301105206006,4
49.84962452716989,49.189234465495176,1.7319259026070486,0.6334848640044034,3.4567692383113866,4
54.328938385690876,50.51779135718107,1.1156653955340756,2.080722349208642,-0.02926806474846,4
50.46642790324629,54.07005477440314,-1.9440855863141029,-0.25126615838519784,3.814192948574576,4
50.98794018673684,45.96119510752858,4.430796386787732,3.6321843910693827,-1.0008508631058919,4
51.016942611592654,52.82370591934642,1.6447442538655794,2.0096042027449874,1.5860780548413793,4
51.554176586307676,48.81001539646831,3.732460555529765,-0.2753609440260938,3.7529747689049087,4
47.58204391631883,52.62265135159244,4.575253021529466,-0.41139215726492284,0.6817122215360525,4
48.443283769926694,47.38437758659342,-1.8009248337680557,-1.3581631280430289,-0.23790028672634156,4
49.94815296600282,50.80511104528277,-0.3532973979564511,2.189270798233716,0.9387939616709192,4
48.880738725260706,45.29125991031852,-0.1828390037675478,0.554529754044743,1.8649973972047462,4
49.78641961225043,48.42217660645194,0.5668490967874593,3.6227558298821627,3.769883319202011,4
46.52583909072246,49.77772935650689,2.1637538221994497,1.0860891505474,1.2236919862829252,4
52.19039652666449,51.36939965015242,1.7742777573512516,-0.11228274037282615,-0.18062245372774588,4
46.47307596393027,51.16765446705839,1.7356585799364366,0.822648642341538,0.16315106858843975,4
46.955384384177016,48.112337387311335,1.3687644265858978,-0.11570358873249598,0.6658647423742308,4
48.40459050911183,46.618255838604625,0.5795754899052548,0.47631582063850486,3.3270417376257413,4
49.99083621100416,48.29237361015731,-3.262834243751713,-4.834759622968844,1.1892212487148022,4
46.88484732356993,52.084080934593125,1.0173419682820375,0.754307201061918,0.18570523760382351,4
50.51713873398544,50.83326404432535,4.605223268733861,2.3166116491768256,2.103099567724382,4
50.34949535891823,47.68321361494088,1.5411674829946338,1.0256753462293138,-2.1213495687797685,4
53.431885504316746,52.830964527441694,-2.9349679411979945,1.677270374905489,0.9576882514595997,4
49.31773421095602,53.272221035941286,-1.4115931671536845,1.4501702503716711,-1.4461642252546714,4
47.83773596178764,50.266535992573154,-0.6527604627187793,0.008683402633280157,0.6981667629239192,4
51.56783790943521,46.463612547364555,1.2405330045250191,1.9965470126098352,2.790421090369982,4
50.36550701672581,53.07250209068291,0.5516257472193302,2.0797750807721584,1.7169907660573647,4
52.83230717551828,50.6191057528427,2.517745241120861,1.0385723863551541,-3.82503723541896,4
50.920406540700114,44.48750809750671,1.6975204070089864,4.006355290565615,1.1266246281924677,4
51.03675567870942,48.04355210301592,-2.843368652097568,-0.2372265204916404,5.109745272570682,4
52.386502368074765,48.70306083948799,1.771655842654662,-0.7318930861812374,1.0291377667147,4
48.74152875837655,52.09523092304479,-0.10388605676248552,1.3526760101633168,-1.793199995196161,4
51.49102247001375,51.045076711296815,2.519319624627548,1.0793701148420565,0.10325404627851009,4
48.27889512704464,49.74011822085487,0.9861231097977772,-2.464808584682363,-2.5883611924698617,4
50.36375361509105,50.45210474308816,-2.1522424435978253,3.572570022920871,0.9103318367839891,4
51.844715077348184,51.537600126354114,1.7181690698269798,3.691939038000682,-1.9265270619045212,4
44.80397231889695,52.636504401415365,2.2885033887032193,3.4877317844980005,0.432517779581562,4
51.68523438864473,47.3399783143757,2.624346782055067,2.341653451834154,0.9184215023272717,4
51.30105773754005,48.325232778013664,-0.2920945117121232,1.029485183337006,-1.0050466633162758,4
51.05822146260421,48.75015437357736,3.8046339072977373,2.1150924499943846,0.21904504073780595,4
51.45740320625329,50.66587964171945,2.802635600555926,1.5868450428440841,-0.29350112693746366,4
46.545269048839565,49.82523686656592,1.7628131518402803,0.0021066785550765132,0.6920977687710921,4
52.83015515117737,49.71553612925479,1.2410724523071013,0.7967519134777878,1.0144267510495362,4
49.3531390955055,52.383140207722995,-2.6116433716278897,2.138312780898438,2.707597383499462,4
49.26778798135085,52.72461129380297,-0.49596875805419627,-0.9057473191086141,5.140685741548713,4
48.87332668764964,49.48883953260846,0.2261622610060462,-0.21544508027200027,2.529971853017135,4
51.122281627918255,49.39884754848788,-0.24687507892352434,0.7356575888197185,-0.19448615026024085,4
46.78835543086331,50.30839135380517,-0.6403802667976413,-0.08285452711632191,5.53259914913495,4
54.3327041044625,50.840498235457986,3.023833474263113,-0.8030647672028028,2.5477510011104805,4
48.267197672714595,51.848782608858066,2.015665859266687,1.5231609420695664,-1.0086793587976315,4
51.0725612694186,49.700227201242235,-1.3342603850469126,-1.4235196552459253,-0.029387388291178596,4
48.36555117448805,50.4603112831656,-0.020167908302764603,2.657283224080729,1.8757683022636753,4
51.27026284553039,52.44501746261537,1.531244151709131,2.1321554329040238,3.83675164985336,4
47.24535781438986,48.70108271744915,1.2466202903738586,0.9613962463407916,1.0577390165018619,4
49.03999493156247,47.76254450821026,1.509232582678161,1.5252698168453682,0.9865281555882985,4
51.32277655651819,54.0902694380993,0.5692943587685343,-1.9900069514012486,0.6925184699242113,4
48.05731039896833,49.3434061238964,4.047777599899799,-0.05669637862458554,-0.2277924983537647,4
47.930359867357645,51.64615708210053,0.42514904758107763,2.8321819208202434,3.757090560197949,4
47.89881740314369,48.71555342448811,2.2063982254411547,2.7685710988978682,2.3113884908970723,4
51.19435335476102,48.704935688010664,4.397591876317104,-2.0616061147809703,3.1932663352218738,4
50.498126875020674,49.832533936651906,1.4936124156670076,1.6350947812028163,-0.7312507399256845,4
48.25756435872645,51.75569394199979,-2.8172878134750308,1.9482766792917772,-1.2442119395464077,4
52.19289161046674,46.30411753733405,0.5265997609514669,-1.6256222642994453,-0.42765127110443046,4
49.70232453542252,49.707397113887296,0.5504566266297688,1.7217653427241701,-1.2886039366205955,4
51.42622729044137,48.10981886822779,-5.125506670405085,1.748727628545037,-0.8411312688239272,4
49.51044220974547,50.27825833685298,4.704895468925796,2.8371434829150646,2.704019533839011,4
51.85108357076376,49.85333999706528,4.109574569277319,1.4641571760750949,3.063660358125381,4
50.06485090076224,53.3721406681605,0.03428198919490055,2.4801340894358237,-4.086279983379483,4
50.15512274922562,50.00199317667511,-1.5896124937983713,-2.162051992863601,1.4628074951344583,4
49.48552848081291,49.33819429204621,0.47600203440180944,-0.7932501063864879,1.1123532363158313,4
51.143599977115976,48.925353741976416,5.318960180690462,2.169922451475341,0.015699578084319987,4
50.69709826549185,48.901796965491464,0.601395949101623,2.729582005035752,0.1666574969691358,4
46.93484798407874,52.298575939117875,4.245477816898086,0.007072494106207361,-2.8161941752387274,4
51.19657287222773,49.062040953262915,0.49193416391759315,-0.4195077400383911,0.38476617174703864,4
46.346972568731154,54.407380161664584,-1.7431625876812435,0.9295643183619977,-4.073759836172359,4
50.07482484118224,51.30938759838328,0.16748553927662757,-3.3342803623029598,1.1676934599230562,4
51.26359634353917,51.47843814090302,2.264042237980266,1.4275859808898,0.7644996903809725,4
46.996879521628266,51.78340628215104,0.8349519013087733,0.5797533456661561,1.8496982966703492,4
51.021173780049786,54.019666679262066,-2.2928949042150153,0.5082773127705865,0.8678285974068624,4
49.05207628570269,48.10408226375529,-0.7426939196303524,0.21928960989875124,2.1701392715213332,4
49.74926634246353,47.2272214682603,0.2666957855025046,2.075618602045341,5.010718605504062,4
51.73995020235033,49.57024118573126,-1.027869107551001,1.7314151479480153,0.44228749171838333,4
50.668323493243776,48.72052323077107,4.6070505875349514,-1.4571467154228177,2.8835359012347963,4
46.137884054323145,50.66419835177369,0.05736168430171884,1.3965563661047473,3.493847864159278,4
52.680938474810176,53.752616167364835,0.7235988159782045,-0.6741565681027908,-0.6746669232203149,4
50.84488667903432,50.527339066253624,-0.20635575568506637,2.348767710407012,3.639911612078435,4
50.66806032088856,49.58987660855893,2.3150919007641115,2.9749877628007115,-1.8761514359209022,4
49.05049924042064,57.453045122059265,-2.562127494140051,2.7697117498734065,-0.04417631896406782,4
49.3332550264499,52.06060439584739,1.9290748782817144,0.6073939181454844,2.177229814337861,4
48.405568032304075,51.38627172437972,3.869337204636867,1.5084513879913475,4.263257946490805,4
52.03758828902095,53.04342340841896,2.0759374965438004,1.446167812911706,-0.6764522480221089,4
50.708713216255035,48.16201597103189,2.609964484835353,-1.3182405168800893,2.391312044886798,4
48.477108771134745,49.74814211016294,3.62960556086143,3.502406549043532,0.2297914923148744,4
51.88934951513976,50.93226619500726,0.233362786188675,-0.1119339963476762,1.2762670138222005,4
53.669347976238285,46.81649620299458,3.016460172460218,-2.5550931242877923,-0.6897292048319921,4
50.46560501030189,49.74825361999412,3.5616519048956397,0.4555507179945383,5.098588344795262,4
48.393593886743574,53.25265367164638,3.7914795503725713,3.6980410681291844,-2.1070297027957645,4
46.797028000056095,50.16197151655256,1.5488451018907476,0.6637501373639217,4.943855975460137,4
45.24745086676225,48.4665248264275,2.8433842357172434,-1.3880045508982177,1.3749563978682695,4
48.22252296849451,49.62859872122258,0.6068067558592412,0.6175457956749355,1.6267252327024568,4
50.009675534120944,47.84942893425754,-0.1435711064423728,-0.42565005471286455,-2.876055523838741,4
51.899804026167274,52.20042857606023,2.7958422973425128,1.281308002115398,3.849375391586813,4
48.3942770731861,49.917812547553005,-0.712173315695463,-0.1202515550531833,2.064464523137757,4
51.82220700870803,53.06115153197275,0.782400656336119,5.095675999466429,3.0982927562048066,4
50.17135376492164,50.504914623794164,0.7037520919136,-0.3006686422638909,2.0806211773997614,4
52.925019656264304,48.1150717697104,-0.3008657688584062,-1.223974777989231,0.39613449744822693,4
52.61634583989947,51.645911734690024,2.6889679343541655,4.149917115633013,-0.13084313380512835,4
52.0033674291987,49.99943488153178,0.48060170967510984,5.58159870004214,3.488564398510629,4
49.008374122601126,52.021048482552025,1.2830957109779715,4.669010778203151,-3.3935454728954326,4
43.71174878419337,53.80480553287891,-0.310835542600326,3.7329396943355087,3.784892790609442,4
53.091438889458445,50.30036198540722,-2.618270822027578,0.7018176935963534,-1.1334341128748386,4
50.79224518459718,45.6736353820647,0.7553245515969296,2.2215087997899383,2.4867911309192587,4
50.84521127593122,48.85225084616973,3.399026675714144,4.27685781669804,3.1643564857310422,4
50.48450103530491,51.27414043585479,4.240911692267769,0.6915257252318704,0.4567049365960405,4
48.54108279444822,50.59751019242402,-1.1157426837036697,1.5795965845929891,-0.28880794172402724,4
51.1592740857768,49.68114778879861,-0.5231685468435803,-0.01707390388255381,0.5216530534124522,4
49.56900340481485,51.5736465741472,-0.9050768789693309,-3.591863804259985,-0.5237806422277163,4
48.50712160917618,53.933903851359126,2.068815873913688,0.9284153444977604,1.1569174366751267,4
48.92939279166555,48.19057854009608,-0.1722469590663911,3.395170508962032,-1.1503673215532522,4
51.72944132875929,48.19286205886121,-2.030226455210841,-1.4186896866393073,2.968802455054714,4
45.90715654159669,54.80448208453365,-2.0418207993334985,2.319313604651312,1.1030825312866368,4
47.77989542117301,49.619776559954566,1.66618950573528,-2.6572817913046425,-0.1091074170264541,4
50.49388390297868,49.10458107906383,-1.2580265323621669,1.9503511580665636,1.2051452661167528,4
51.9044119488989,48.730074468518026,0.06614117623328841,0.6486474294923584,-0.04541500504713736,4
45.24958129682917,47.03537525832529,0.6691012559523466,-3.278072865883371,2.1583360063098507,4
49.11247764567302,50.68775612336299,0.549174696215366,-0.08745482937661553,-0.884472205441901,4
47.67449414359102,48.56363540619332,0.4638442419783757,-0.5611818380713465,0.3640493946742972,4
52.935330222601976,50.73725422884728,1.6208429635162807,2.10038348019839,3.6346202313004676,4
52.34374685321392,50.49326033386598,-2.2938771427058358,-1.924483638614268,1.261226131353427,4
50.335837071303736,51.333009787556826,-0.0024388080654531574,-0.12479143763117584,1.712013417759326,4
47.41095328037265,49.61227067560742,-0.8523818219631503,-0.8375283342025353,0.6405877431504043,4
52.52294397314694,49.795209599066524,-1.041618978251459,3.7995308632390987,0.30055394505442856,4
51.22025251100231,49.157885612298756,3.324382060296355,2.7001983710196864,-1.3400466407122482,4
44.98515342324954,49.28207598872511,1.890400947939543,3.501245359426252,-0.7952373117775382,4
50.70157340869198,47.7644978745074,3.2045809256985733,2.2519823124405334,3.633561784603344,4
52.40144613730387,50.07181393187232,0.8513196999798346,3.429746123728949,1.7330376358787594,4
51.55659966138958,50.437308993672254,-0.9143397138363685,2.177351611017007,-3.117805609735746,4
48.95554661606009,50.54829222303131,1.6342646623363697,1.3595489345781846,-1.3885903754767788,4
46.03322773986677,52.23478655740122,0.541670539412832,2.7947991850444653,3.307647676228258,4
49.505056149371875,47.8488379228491,2.2551025286835205,-0.6415094077035279,2.97817703645746,4
49.83307083922702,53.43463546754909,-0.35404482430091533,0.30307985125797543,1.1600340022925133,4
50.35262483626629,51.61815458508808,0.04089203543367037,-2.973410267924202,3.1745692997245527,4
49.508067439336955,48.44026067399714,-1.267180988757537,-0.5395946164987848,2.1597959871510826,4
49.49402179053048,52.5511679316811,2.2203878878395553,2.0433138330560534,-0.4485175153845298,4
48.46771109296352,50.839287496625296,1.8480725494851007,2.550060812195298,2.140046838162609,4
49.330228051022786,48.14780407222227,1.3101104812461781,1.1643867781169015,-0.5148599202185218,4
50.823146335863804,47.44438227843307,3.038406768771899,2.177373975102252,5.96291971812258,4
47.9183323793191,48.555548239760185,-1.958854773683945,1.2310961364491269,0.17674428692146604,4
