15.272112697650776,16.774269280798972,1.9385416642667521,0.10386305318769495,0.9187554008146197,1
17.839664974266196,15.203104072867603,0.8371322356893566,3.4257350835983016,0.10348987389909958,1
17.758348204002953,15.324571898781933,1.503695807669448,1.5073327779060544,0.34157491291480235,1
18.216195731239885,14.378652143922487,0.39719183208813724,2.660638441648959,1.0810035760455432,1
13.777851704700943,14.305252817755244,1.2061837214957811,0.6459983263995989,1.2436382545041544,1
21.133243557900126,15.776136344917932,-0.1273390490892341,0.68149496869978,2.2113295404553304,1
12.28696841732084,13.34188483378027,-0.07711347576962613,-0.3567759374334205,-0.5328705437407535,1
10.80475632175594,14.162693847507708,0.5819559888256165,0.6768493053499859,0.6300998099165791,1
18.165527751650806,16.529217398389772,1.1317836946961757,0.01683668362395263,1.0994299424117684,1
11.768229561086931,14.956512529376443,-0.6882593236110917,2.618220403460869,2.557024842279997,1
6.013406419474814,15.283670968800202,1.812077345052841,0.07839828462935905,0.4794965346760771,1
9.88128685075116,15.939347223573956,0.28690631874449957,0.7878256659731129,2.2597475351782306,1
27.93255033770629,14.259616702755446,1.6092119236701574,1.9838992619169815,-0.27492790673968215,1
8.795870421390005,14.52070857106237,0.18686091237709845,-0.20495501283366924,1.0068940925335859,1
12.154331876226273,13.864489024853919,1.252844433683608,0.6819943401158184,-0.6503814380608859,1
12.940217460870064,15.764061808130469,-0.021413018729730338,1.0084018974669107,0.5374732850458939,1
14.155084345678082,15.328221283364202,2.941106637121914,0.9521589804093706,0.66992389996848,1
11.745885966224797,15.232180016488913,1.936556521155722,2.6526846720700634,0.7621901957049857,1
14.659846039430922,13.345448276606396,0.8513339737979608,2.3693546880651746,0.7275918474537263,1
8.996045708984592,14.378083999265238,1.3548037191743434,1.108514218654738,0.30686928000545266,1
11.077511706944764,14.790985540527696,0.9526101281472319,1.5222573153973564,1.9088165554590064,1
13.901679030068516,15.085206777137058,-0.03803718659037325,0.8273991732781021,2.741007466620843,1
24.043144750413557,13.681036388870442,2.9424066437448695,2.3884301761916698,-0.3745575785795803,1
6.159633812821806,14.15458899338647,2.2343948489487984,1.8155799612293406,0.9845789017235203,1
12.258432891559028,14.675143671027001,1.2600521859728733,-0.5891658869857133,0.06347506007628823,1
21.521473254317375,15.517164909474902,1.245577798630769,2.445378927795602,0.8501915351649084,1
16.122142869590178,14.198693588263094,2.169148236055354,0.2990730148747648,0.47562576626471675,1
15.416312404306723,13.58018645876492,-0.10653025596389654,2.510842304120305,3.0240675186579367,1
17.030363373342787,15.585965512528022,3.0166348513142767,0.7873800289200371,0.7260044955322483,1
6.012004442017018,15.088268029770376,2.8572096662201174,0.20525872509468546,1.7597725023182154,1
10.311272574480917,16.184514843538857,0.7849657949997972,-0.2505072343147037,1.0844770478001382,1
12.83056682050568,15.562589179948054,0.9703301132013831,0.892904043011667,1.284212897501534,1
21.45206116426902,16.517608356853305,0.7355820505113633,0.4483206486003204,1.762511725658496,1
19.32264542179889,15.411992110109521,0.7221631577547217,2.1208887106107825,0.5235026353575747,1
6.816524057290875,14.252749483519969,2.2142492356871006,-0.1972796288778942,0.7995088264900119,1
8.163399295098806,15.750538327770629,0.8965681271207737,0.8389460271463609,0.754907338367807,1
7.820254929956272,14.428264464043417,1.0562831956419942,-0.05644375480373243,-0.5625129222730842,1
14.885870888962879,17.115086779255872,0.8563200749200812,-0.30236573176321513,1.9245463889389254,1
10.796249478361391,13.334277477073458,1.6210359634888647,2.482334124745008,1.2185641087787618,1
11.911835064126837,15.236331972477775,1.6260304432295454,2.0678772020776086,-0.36602365927665015,1
13.431139465279045,15.622825260135407,-0.24781116428536487,-0.029889236374252004,0.5804278108775713,1
7.566191471801577,12.703462969808651,1.7068049332645991,-0.13082196388400624,1.1112151112016722,1
18.371450276132105,14.809301828299322,2.429044114625717,0.17544732466212765,-0.4789351413868661,1
14.430409889216415,14.15716918669544,-1.924233438851842,0.46633441612701065,0.7546216391680414,1
16.877312740415398,15.851943827538555,1.3978269276897046,0.35625794936689104,0.224660433462475,1
14.853761189035385,15.145053645367845,1.8218905000438665,-0.5013827522661412,1.2650577411364754,1
9.570699132036033,14.503362135718309,1.2898272726873974,-2.0135295621685985,1.49383185103359,1
15.120759240696774,14.386076346676717,1.5726380510792874,1.7829680491999411,1.0292099774364531,1
13.151033151974936,15.228046259541827,3.2256903960012635,0.5423446629306292,2.173668804476739,1
6.445568455302725,15.36407051842477,0.6276883778847905,2.0475144830129093,-0.034194560809647445,1
12.283479566335535,14.935252616665124,0.10513176949161951,1.0239829558938516,2.0160749669208737,1
18.556900775148392,17.0253801265952,-0.37374268221158125,0.9680460103056691,0.10551189054166732,1
15.299519167773083,13.955609776417973,-0.8509414555608745,1.2049708108091308,0.6766509999310393,1
17.652142897287153,15.13931805260778,1.06587389664829,1.6660014720063043,-0.7175250858886892,1
18.201260125148384,15.432654688331397,2.0247887032597456,0.115072472398003,2.1077990344891924,1
11.381436967912473,18.047150240853885,2.321831185942503,0.6024828752758461,0.8862289374496826,1
14.94733618734588,14.973674464564661,1.9199893396765797,0.8854202152385411,-0.25986098935126734,1
19.617850545008796,12.751639906167151,-0.5509157900573467,1.8139081760567652,-0.5583685439941168,1
11.906435658188183,15.944308455359392,1.2689942873533098,0.9168675023873181,-0.11642723312572789,1
10.817837934203109,16.487086853975434,1.4778850835737671,0.6550796039709563,1.6396798812320852,1
10.033921714172152,16.567492034498983,1.560243037062924,-0.16160759729784968,-0.5174899835220184,1
18.97962326902698,16.31740651016427,1.0815205752675299,1.0697347035248532,1.0331712471699221,1
11.618500771538965,15.244360732389294,0.724554921751525,0.8836031560847721,1.3769409186228805,1
18.063589133870735,14.681386716038624,1.746367275795891,0.9917907482639399,1.0212118345005214,1
12.565892373233137,15.205909334820612,0.8361527658869674,1.7847283743162305,0.8991978389541191,1
19.729468849706677,14.920837183145686,-0.945940069225905,1.0142447604324538,1.0839712545714415,1
7.142138490827055,14.518907768745233,-0.4898435920164823,1.485667360894681,3.2146724588217452,1
13.735568659562675,13.74288811651078,0.2994406780123917,1.6591797163985436,-0.3169728858462495,1
20.276337354832478,16.519435010984026,0.08096108404631641,2.833459817621987,0.35199612360383037,1
8.284111013160304,15.691373627152938,1.1894423864563848,1.1594540805281814,0.8015825707890966,1
10.347715100520304,16.800081159647846,1.471824486726043,1.3799552074901293,0.5313378375820965,1
5.156951661930746,14.489199692591336,2.3573178395942582,0.12237725537941835,1.7682357401784712,1
14.400005826651512,14.767124052272427,-0.05654760619347954,2.4660644197322936,3.495423316364827,1
21.365794860219435,15.559547334293061,0.6002468022198726,0.8224305587621992,1.1352760975341423,1
19.92558028489936,14.357201481351515,2.0799021466692094,2.567992525712665,0.7295089428572873,1
6.4770384216330985,16.49429705782008,0.2615126273889058,2.484711819976416,-0.0935005940050091,1
15.59219653943972,14.428297334202203,0.7235973343562975,2.522909746063557,0.8180212629594383,1
14.322189924288077,15.862578658544503,1.2406225017633579,0.8911133762132736,1.1416370709698662,1
7.720880745981324,15.771435121405624,0.18756293533133017,1.4244434490235989,1.3530280911489332,1
10.927485947060248,15.070143171572445,0.6147218084344177,1.3200307456856022,0.31036016424934965,1
14.135739603129402,15.935249187874195,2.1187422587488207,0.1638383646994177,0.9817230645595754,1
19.422018586690914,15.750948492700505,-0.8305533959822256,1.596790417568263,1.583942088346109,1
20.556506743057934,15.443794369815738,1.564782597604713,1.1640081273736451,0.6894840626562505,1
9.41243276457567,15.684527372873909,0.6570278743727536,-0.21852641371034864,0.9355272606706155,1
5.717738315365169,14.054089089630562,1.9154221245087504,0.8028768012900909,0.5699023072894095,1
13.360858758521536,15.41605593248838,0.689460817124214,1.6007520617407427,0.9020912027014005,1
19.91883752928871,16.238733306884296,-0.40158829620497594,0.40979376134388,0.4731686625796583,1
16.353576078920078,15.671081735975669,-0.03232721462289234,0.5897110219737368,-0.0819058310875922,1
17.487362047251466,16.21106043636133,0.8016581586663873,0.46932230519773566,0.9330422930739379,1
12.48542056122438,13.302210475650028,-0.70905257117937,1.2576514097085598,1.6059790768798927,1
14.382742364859512,14.23355785834441,0.3609900447569854,0.6637671440999046,1.0619663616626744,1
13.842155604131742,15.835148272687544,0.0557879638322768,2.6005076512607737,-0.6971423769626004,1
11.138568898533412,16.355752069748284,1.2481252454282437,1.5581628347942806,0.7762202448897806,1
20.22175955875229,13.587350355862517,0.8368889949921062,2.67492039771265,0.05800091452224476,1
6.601396943873205,14.545167850010477,1.7381717298504897,1.4796974046337068,-0.05453668388255051,1
18.17256809914077,14.706808301590536,0.8540678144064837,-0.034031416283912375,1.2388964207615638,1
9.103672234831762,12.945279338277784,1.6229805445529681,3.4794776909206857,0.9419899682953241,1
10.630991776530276,14.374737747155052,1.3254080214965134,1.1521877611778786,0.35489597471082535,1
19.794813737596684,13.922045657388761,0.31844954140767356,0.07387589361591673,2.1478439352796523,1
13.2638434003212,14.415813219295371,2.3121014783343057,2.5287956811901786,1.469431649250984,1
26.886132866109683,16.331057841247347,0.57514921498191,2.2492534841891967,1.9836001049815595,1
9.47935012727796,16.312429626034668,1.8316478234837654,-0.48625325250037155,-0.6398240984925863,1
11.997886079005706,14.13541015989987,-0.30214012334304696,3.0866200308347387,0.3788136472891368,1
16.818731775742815,15.262725404770807,3.040548149578729,-0.5143302032122421,1.4569247995501617,1
21.78253782138043,13.729994340130467,2.210814975717451,0.969590804203791,-0.45965077278338407,1
17.90298653844203,14.814610675667092,2.763753455125216,2.08982426077079,0.2500909175115138,1
13.547292614264059,16.059525867449267,1.1502087359419084,0.6622569405470089,2.326679460001772,1
19.20086243692878,16.697660381807033,-0.23467384483729914,0.6239016585112371,1.4443256007563336,1
21.387397393560384,14.509866816816642,-1.151543095190708,1.9512524655100025,0.7951144165253814,1
20.05439769329639,15.926360209363356,1.035424484514922,1.6220532615403718,1.3712736369246887,1
12.697977519629177,14.207108807379132,1.2296054939328338,-0.8095933046375055,1.3042664366982115,1
12.666641206404101,14.2807263634731,1.3790147219928315,1.6164612065202781,1.1044249381639064,1
14.108376588098611,15.375504204265601,0.8628504506515966,0.25035469564575885,-0.11679284608877571,1
23.16869339206942,15.477619013504974,3.2664100372595692,1.736348140956315,3.1039846057218745,1
13.792773197252293,14.732649959255008,1.9233644634645506,1.5366564275832586,0.46903113999468937,1
17.028411329629716,13.961647046817005,1.9796535903313286,2.8258770422883135,2.0951709771647,1
21.67858293549864,15.281928352755873,2.9819685314654834,0.4797171602052017,2.120228630416456,1
17.437479630574956,15.515515134688798,0.8843956193188621,0.6784714870757279,0.8598186013102797,1
11.659909313268013,14.663801980615096,-0.8760361232409575,1.804015328369828,0.985801631400915,1
15.216219980332351,13.563641117921314,0.36045959043311027,1.0367475784299722,0.9059451788063246,1
18.164681612600877,16.891789025021925,1.3020283537864172,2.5038174056547584,1.3539763686880857,1
11.268135744117018,15.408875296436573,1.693091011616819,-0.6423376027479988,1.6646178355824446,1
17.347997191200776,15.411624328686479,1.039700838669406,-0.6812485710189313,0.6086232590655163,1
4.571478466297771,14.722394242300425,0.9039146790998042,1.0919261465767762,2.693087888226921,1
7.1252412518171795,15.482983383207058,0.1164767609223879,1.3080615929036017,2.1911542373225297,1
12.701817864345902,14.793218664188625,1.4120342592299062,1.0236301877821015,-0.6109133940953102,1
7.196802724156167,14.705685179705666,1.2216216188724416,0.2576243128983162,-0.059525913168889666,1
10.380705324126744,15.43468489540971,0.9823631573987308,0.6690887659414344,2.289973658639659,1
10.039699072298898,14.041263409398253,0.24365369510525792,-0.3428654288667925,1.6518750213009998,1
12.657064863364042,17.607563459465425,0.31001430641010685,0.44367431481673425,-1.0170514783285922,1
16.137049989094944,14.440547465396426,1.370452023527741,-0.7258278910786427,0.736904264151017,1
14.713113306525791,14.699272599041771,1.7491188402931204,0.09345695636112406,0.4422998423375243,1
2.762812068544939,13.828056213434337,0.8939284691125458,2.31399972111405,1.2629925724202464,1
25.64348547813089,13.987640871630992,2.041943333092317,2.4320856489050753,1.90862018978873,1
17.993899976323757,13.774615827597568,2.4957312773504503,1.576658689884937,-0.7252816776967246,1
10.777637541154913,14.884415932443982,2.0200061238973754,1.8068773547618444,0.926690358191321,1
23.506368513130703,15.783282147437152,0.8496505995887913,0.7875986986272544,1.9013710313127263,1
15.356660141923578,16.292629781584104,-0.18171815010426617,2.256886374360157,2.5435808316017265,1
9.2714119726422,15.845310994457524,1.1550166561997794,0.30808232095866006,0.8696043175412279,1
3.776206309931066,14.264293365254069,3.322496223172707,1.9749154211626068,0.819708631596716,1
18.535252871615466,15.780169758388046,-0.7105965994630994,2.0793741673888695,0.7141323854016954,1
10.846802228055118,13.826329695489575,-0.39862946635772323,-0.05324776267051701,0.6624747140724407,1
21.530592749754412,12.788421561546322,1.931379810596599,0.3244314894243717,1.764528318111147,1
12.754882243572526,15.785260944667336,1.2486642758090671,1.7381627622140048,2.0107526355052756,1
11.130608412365461,16.569182658330885,0.8080425184868227,0.5959441024319236,-0.4599338399311288,1
20.208498334077255,15.004980072247463,0.27291074824988537,0.1243450081800267,3.208759201063905,1
16.291487408384288,14.607445144552354,0.5774112905320538,0.014522024645221898,1.3222405410734046,1
17.127738657363373,14.89257624648129,0.8122519793941603,1.5825039862382275,1.7314565293398014,1
19.260535105743905,14.461780920911021,0.6589757880360332,1.049304093921666,1.0240386073984358,1
9.708748567000598,15.987105462954014,0.8476190698452375,0.6369098051894289,1.7263653067345746,1
15.297732655620681,13.906576525198123,0.3518740432651587,2.51186000721935,1.5292560663291992,1
17.402753369259386,14.68439615989606,0.04993478303970944,1.345520775543759,0.20409475933863974,1
11.045642017731542,16.043434049142544,-0.7879060901217596,0.8671052321519704,2.0707558885266026,1
21.93368641015511,15.381617122736252,1.3434059126411482,1.7485417669918486,2.3882794760659243,1
11.40072901759251,13.614313865012354,2.479578219632671,1.4900919924771485,0.5320494935248388,1
12.09865065735726,14.22116014311821,0.9387917659508619,0.5614635578541296,0.840186905696288,1
18.844518438369413,15.48855130763472,1.758505833545074,3.0703100105512187,1.6871777972994972,1
22.13426352234304,13.87092539519728,1.3037317636676578,0.115355969229478,-0.9581679543935098,1
19.377603397568468,15.430139817928493,0.05955716348108531,0.19511859913082052,1.93133101355279,1
8.878750829871258,15.455389055897587,-0.1470082852474628,2.026960085338844,1.6235031043432677,1
19.46038057123286,16.28914163383963,2.1683643014519784,3.100099998890853,1.0150082167703198,1
9.466954705441934,16.125621958584066,-0.9705649173739757,0.22969651832293658,1.972862402058741,1
16.47890818742059,14.518173087738878,1.0951527374909915,-0.15112144609861922,1.2670338337352127,1
20.013676485971096,14.80553138296668,0.28534650905176084,1.4795212142487084,0.8494818655081959,1
13.714146046409269,14.647633799649533,-0.7043365059176383,1.5527345570011737,0.4928345348345461,1
14.977816115430919,14.18706468769084,0.9773612631895102,1.7701499296776013,0.9452053282289027,1
8.821106864334697,14.763137032527762,1.067911611040079,2.153923791151936,0.816863761348914,1
14.323378395784147,13.32180283697143,0.5996033549327773,1.973668710322414,-0.1640530218592755,1
24.397538893339338,15.402737898565558,-0.26572539923172034,0.1412675383748464,0.626543694421275,1
22.978452154630364,14.365055206343643,1.4842339198051828,0.7535509963749425,0.7537814167926331,1
25.620404537362123,14.320150556493626,2.769769788342991,0.8582973129592546,2.4828258489466446,1
10.143665608826952,14.386144771013626,1.0057193890547753,-0.11065389221618016,1.1943884448106576,1
11.880228341879121,15.850899256004878,1.20653255751571,0.5512272504497095,1.9841619731996785,1
11.118579098853559,16.519121966288402,0.36900794031365547,-0.2804766307734068,1.3441889270591796,1
8.374431343346785,15.980805089640235,1.4106183838747168,1.7074099833960816,2.4105641908647737,1
12.338992106375905,14.80666628237656,2.1529269749461335,0.46714387537523194,0.08594419042069334,1
4.832335900936535,14.91617524835289,1.255591315511321,3.26299831164999,1.2649448431758652,1
16.254853881016807,15.462375137771756,0.9900804643619189,0.9581803913774597,0.18983133131868846,1
18.750668214610908,17.029599699253424,1.3423293792949047,0.755366978950093,-1.1355911886080907,1
18.28102411987871,14.072549622343386,-0.2919008033861492,-0.07681976301165672,0.1968222125555974,1
16.170751282622067,15.300232800927523,0.7512943533165336,0.8603994009864758,-0.6712416856546861,1
10.251719197830948,14.378316374460223,2.244541909851514,1.8994709754681827,-0.7325277276362061,1
1.0484732580476148,16.59066791334155,1.4120248316670527,1.4746901862177793,0.8454304464240063,1
9.673259688454106,14.477986593029483,0.357735295683949,0.6801464000469688,1.7247658051356018,1
8.321841925720197,13.068895335401626,1.0612367989382228,1.0771177723874097,2.0602328187502854,1
10.679542852334258,15.555515902068542,0.0880487673613981,0.8960589421979509,2.4308798319090217,1
8.47494867438918,17.431946863096208,1.1002900376904194,1.773472495032444,0.3699118748945375,1
18.210655046737806,14.264594808929218,-0.22530473489656133,-0.38048033810790916,1.5111937663378634,1
14.417143480220993,14.697593014370817,-0.555452003670099,1.6867337518260932,0.7054093049482351,1
13.8042617021638,15.059533227202566,0.5466942632541425,-0.5483449945049261,0.6771862453670783,1
18.50565496535813,13.959640325677453,1.0229851103459584,1.3489697670922303,0.5949742667234759,1
9.15593928678091,14.378528073133769,2.2317702050309385,0.11627075458231473,2.2115637758634454,1
21.488880866329502,15.112533640496833,1.1275109793976164,0.5757472722947631,0.1569492877416172,1
11.764264382208111,15.185945890507485,0.7267880942788734,2.348682258992543,0.39086224270406145,1
10.134553033134258,16.440776632998706,-0.4481664855412977,0.3214806321249024,0.5924377121890949,1
12.496296503264631,15.569509178455574,2.4396168371677223,0.26980606268535956,0.3972253007541624,1
9.97308398030646,16.14059586277599,0.8359517754604735,1.7890940368347836,0.918151317114139,1
19.120887050237677,13.218822075400407,2.3595189712613154,1.6062242594636373,1.4101159181704808,1
21.279597768717803,14.205936712029454,0.20807002271871622,-0.310792936049455,0.01624226516483096,1
21.144092498329545,15.437477636596258,0.5866267671359495,0.9086545613374906,0.9102038862646089,1
13.593110141747836,14.99713304104501,1.345922774306732,0.36518239159020716,0.6947607195449248,1
23.06852893386411,15.222166470376777,1.920347237616686,-0.10119734235171185,1.381321065913886,1
14.544501348690074,14.206456034393764,-0.25460494649424437,1.1820169127842344,1.2252651866367583,1
19.401372501056372,14.137540976517624,2.7585308891375604,0.6327931801117106,1.7399978254565833,1
18.06775821219474,16.081647718725847,1.6926148870881081,-0.8787183125802975,0.7571840897824722,1
19.163124830816162,15.9023425011553,1.6852143166790128,0.6375473304699444,0.8689524315232933,1
17.13578407916376,13.210661473923448,1.9768139582163553,-0.07568814065127971,1.152565686618694,1
18.493203642395834,13.332954541020511,3.5176469903008023,1.5353284380837042,-0.8058332194316311,1
13.229414186263657,15.857468298769449,1.1906976132078908,-0.3930569510028703,1.2351236003887447,1
13.14364902564317,13.004911690025065,2.181487717296505,1.4407856099298122,2.215098328822889,1
9.720610103680585,15.668770817936663,1.8337584861114138,1.8130005284086892,0.30292420623942184,1
3.6296474747052994,15.590410181893727,3.160029222923377,2.6755565979516236,2.315496417114037,1
10.279794617598629,14.36925608977206,1.0156367893524307,0.18096606872418608,0.5131830774714852,1
11.56499364452585,14.30069946608885,1.8613044675871997,1.1844424000195781,0.5628315988034052,1
23.084663556235903,15.027312476672527,2.944067357655895,0.019538621021551905,2.6771796458387866,1
12.689284297489078,14.87630105392349,-0.3764631884167984,0.0908876149365323,0.609532704394,1
18.767152002287045,16.34128649929674,2.226787221762251,-0.4161052992414527,1.165530637123807,1
15.40897388146601,16.26711712324779,-0.07372193300279384,-0.017049259433982167,-0.8412489878810252,1
13.313781087658192,15.826798366039316,3.3025423368591342,0.7122395742796246,0.17646214914019887,1
26.623270410475747,14.304532640513957,1.951562897016338,0.24221525671285016,-0.24247568117552643,1
13.365576143134426,15.939611102355533,0.8221330209151921,2.055862374395047,0.835927243678115,1
7.987532391239612,14.960867437510409,0.5930064033219128,1.3665492353604018,0.635325900586218,1
9.214038882767905,14.311731789508213,1.091742664211548,1.8241132528152129,1.0005131007916266,1
12.728206660315186,16.260742923102644,1.7254708827991063,0.48611758817284023,1.115018732953563,1
11.584501108635488,16.12216017395548,2.609163803173213,0.8054966942995245,0.29806942299393935,1
23.83747461624881,14.829374940733425,0.6336703510442325,1.2595032805209552,1.086760452324426,1
17.976744205760994,15.265834423406107,1.0557891718700771,1.556866159006208,1.2159546214276766,1
5.37472142006771,15.00929611828937,1.7214319983000683,-1.0216534969952566,2.6197817113655955,1
11.770587385369717,14.834521578398125,0.4022326445109401,0.7162538016147488,1.7950915381571289,1
14.377042034784235,15.576984139189094,1.3187877974099569,0.7528949291625155,1.2588939490990252,1
15.407831274304323,15.650967099262681,1.8672885553171978,1.2457382259560736,1.0076097566769857,1
17.5995276356584,14.217627928392025,1.156809090858246,1.1957963399408187,-0.42075113085407256,1
20.133521325341324,15.28180931736684,0.3107339010834176,-0.5044581629738989,2.4118007838498756,1
17.403184297150762,16.20433421842829,1.7700978302295636,-1.0285376726474116,-0.5604766536717041,1
23.658923908135897,16.077144306183733,1.0948740585665728,0.9074032677606112,1.1250009768605778,1
16.728340399077897,15.1786657961602,1.4829645867160666,1.0125573607736902,0.983701189179491,1
10.820262301765865,15.963298538842555,1.7155298955623266,1.594541470364107,0.5337053379692458,1
14.090565814213459,15.002860859848868,0.7879445641171987,1.981313073707872,-0.14195103018194155,1
4.976651448604963,14.728473441292396,1.765390844588914,-0.5063562948665583,2.1108187530002365,1
18.502295370448486,15.51689315468744,-1.3450410050841595,0.7886023995898276,1.6944234023115348,1
14.490052498899715,14.727599893296826,1.2915945823552042,2.0935603023253613,1.0825625139042812,1
22.763735706684844,12.7987204486048,2.179397454945348,1.5296958855068312,0.6123092279872865,1
15.89195701315628,15.773172171561763,0.8263587514194831,0.6687294678291111,2.2885669754069484,1
9.095530801665856,15.192522989489108,0.051195851740496456,0.4506121300333058,1.3945586472551406,1
8.669093484584263,15.70763478624379,0.11569162203657102,1.0963728441972458,-0.058891266803943854,1
9.495391798406764,13.502964464893301,2.055148232394698,1.2581767714122858,0.49955998516456834,1
16.993754301943902,16.487404723084964,0.46948344636050365,2.0772690392663264,0.1814989274134181,1
6.7501292554890195,15.191573128684626,2.2079521827773982,0.4277355557709196,0.17257457275433574,1
12.373263399973084,13.820358611894015,1.2302919927994058,-1.2756116869705396,0.19131187326882515,1
8.862559132178486,15.683503239895094,1.3494304789900855,0.22011079619604912,0.017776928437395645,1
22.021768783035007,16.62221416431344,2.919239335426158,0.028724248095465366,0.6416236499337915,1
7.95848701238044,14.395797873207556,1.3732748103329346,0.5798489968233569,1.8547409850570653,1
10.169525562093213,13.582081528776456,1.1763028550738084,0.6332866349185107,2.458841565179534,1
6.096472425996426,13.440352539191467,-0.8505938062773455,1.6035096176998112,1.1023060235256328,1
18.453731127234146,12.659026778679088,2.2443409867734943,1.7752456469224267,1.4948014420857336,1
8.279664608240392,13.830733626887575,0.3878792377393816,1.607087023901067,0.7800870725587153,1
8.148081186365182,13.456769204389289,1.4885657588400674,0.7427955459507805,1.1510558610807409,1
19.790276453005585,15.01041625400946,0.6406868995374805,1.305192097199701,1.3135502825537584,1
7.649034786479671,15.227147145246196,2.8563349740164337,0.24978496504913617,1.3157682297659172,1
16.22378729273361,13.861179679517731,1.8383583962508787,-0.8139419232781122,0.7526841066171797,1
13.989955091995345,13.650041086751925,0.9700434591686681,1.666950027744425,1.2487637198000785,1
14.787603635075751,15.375000364368919,-0.2946557648892749,-0.03523771789480423,1.7746152615860358,1
14.63469908213614,14.690153908284223,0.5839326351281013,0.8081589006935305,1.0252775829615013,1
16.80776297330573,15.843585239139038,0.8891765063577576,0.9540898513761281,-0.05872706156035412,1
25.33603962322911,14.016209245722898,1.4106750915537571,-0.7878191172440918,0.9765485980955608,1
7.269599762691023,15.882758968509066,2.0786954568921687,2.0664637749087964,1.9698921379056573,1
19.755361159598333,13.15784005462033,0.21139516551644832,1.2488390301802377,0.35422110500569515,1
5.443612833132082,14.665819010810996,0.44283103985750893,1.6828419485682597,1.1827507855260178,1
11.131432164217982,13.752656344825056,1.5769964631975828,1.2684498161751672,1.4286624951128117,1
17.896020185203838,15.291473634620656,-0.6537615863271617,0.27603541439329615,0.7083366747815099,1
18.86987239033222,14.226604376876853,0.6790490476423939,0.7960847061239615,1.0200456358580166,1
24.92009180953182,15.185525104337337,1.958194049465781,1.5538980342331832,0.08151042953002952,1
11.382840314825703,14.628079205482166,1.0321530337117637,1.132087666146472,2.9240715020812864,1
21.814028019052635,14.663408068667977,0.9821761428279087,1.5795498887145498,2.063006309359119,1
20.43953905480799,15.10840708050533,3.1073205811575324,-0.21295477469235524,0.2805780457088033,1
17.364952266765314,13.440665875174737,2.1658344264839444,1.25085000736437,0.7270350708457818,1
16.122523281113736,17.26456593411496,0.6328957305911203,2.1450478933585786,1.706032202656079,1
21.262714720276122,14.283585367765767,0.42316346617342326,0.23713622792601652,0.19437068106915256,1
18.711121416000054,13.503063584528867,1.734054733187389,0.6418857308728003,1.2212771877670214,1
20.738100182627417,14.923097017238689,1.5389198156695314,1.1865702865657064,-0.21947421649257914,1
9.901843923350368,15.481618593753819,0.886972830596368,0.03976227292915768,-0.7247679349312,1
15.110707679115448,15.143198353884038,1.8469915622428863,1.9189789133652793,0.1948153465704363,1
22.375176744365646,16.774914753167064,1.7279449578214614,0.8419567265537574,0.8236558172323518,1
14.3186491180455,15.58354946456312,-0.2867624613323385,0.6966726010567026,0.5901235730327989,1
8.840736008691142,13.529632936109964,1.7809603354708363,-0.9273075119425713,0.23578031703258007,1
6.473597888321644,15.380772230171933,-0.4971956374536204,1.0468321117849986,-0.0711666527284962,1
12.750263741831748,14.757836488445204,2.3842506588136425,0.7738326296683846,1.6207917852870821,1
17.96582817174716,13.879564725226512,0.4004900330396236,1.6659598502982214,-0.03580126975883724,1
24.869274716549192,14.702262476472535,1.1403337007315615,0.669059372321747,2.04553601022637,1
9.695806662419848,13.585849293183074,2.0582510370276483,1.0588926285509266,0.3630390552978099,1
19.839560163765075,16.260688904827937,2.2525820574208035,-0.8464605449274221,0.9113004470368157,1
11.244506457322485,15.0798056359152,0.8859608906461414,0.25107459574598,2.719528526833906,1
15.88605493722002,15.905522536217724,-1.02680096206076,0.18749315549129397,0.9947124871765588,1
14.018399450279373,12.525686528534171,1.4098830375293006,1.2637334893649392,2.1519210952089978,1
11.092892756348647,15.659050468735714,0.9356000990790748,0.9757379309831519,1.1226625144309783,1
17.01313339462262,15.623333188778732,1.8933234440433526,0.7026444737967878,-0.9026659902428424,1
14.282937642398684,13.572289092281093,1.66493052056411,0.8110823945064889,1.805746283735874,1
8.714025044921634,16.4429260486806,0.26837965964099564,0.11236264311646171,0.5923740802048936,1
12.910016759368514,13.864317782352833,0.35622231256784276,0.0925644165286621,0.5940744640343729,1
10.832925059785257,15.627678859712322,0.611788674085908,-0.6952270283154465,0.8697496377091039,1
25.007322530828862,25.087454195718664,1.2365156315863999,2.0441115038654027,2.239176717785796,2
25.600755315436103,26.807418717237958,1.2717916904427977,2.106350009395253,4.141903738339111,2
25.183918973466657,22.95121069103131,1.3195914664630692,-0.6541319046900094,1.8414352885455625,2
24.962106748724054,27.962552971879617,5.042589003454375,3.899396012913821,3.708111027957172,2
25.1268737340813,25.69798493469956,0.7594433185857273,-0.8462614840601121,0.8717005630069694,2
24.03478562742531,23.480850914431326,0.815391790411486,1.1483959745952843,1.872397312426613,2
24.991681347448228,26.54831550176404,3.393422023314601,-0.24582872905210884,0.309130293842685,2
25.636501203667322,24.77718096495803,6.267524639496727,3.2862813213955597,-0.48978680875622627,2
24.121100947442528,22.20166587148602,-0.84625257371601,-1.0564719329411796,1.048999540219007,2
24.592197349282245,25.66095660762664,-0.6653418119867054,1.6010350726650984,-1.2408451010841959,2
24.23259278359599,25.726637812561016,-2.187454614924039,1.737889439609406,1.9923264998973842,2
25.867082583669344,23.414589457301524,7.963359785219751,4.037851425321991,0.4864360867296721,2
25.239215060930373,26.069674045963122,0.20561133365211626,2.69103283706505,0.8967163617062355,2
24.671927397686105,22.865190317515847,1.4412896463487874,0.4489684099083082,-1.4482346374679294,2
24.976418512583333,24.11324810074229,-2.4162983354467396,1.8019894029803325,-3.3991468041177573,2
25.05403239940848,26.047849832753307,0.4983840539089569,0.85663956259162,2.863544370098889,2
25.094854954365832,24.198971772850232,-1.7742898699756955,-1.6546629589794182,1.8598583626500376,2
23.759304835791085,23.942380832635585,5.586931992089778,1.3232731181098512,-1.7605274531798867,2
24.977739174704237,23.324622034329852,-1.7599723609532223,-0.8830631995204183,0.09784677146411591,2
25.03554270850682,28.837024376293392,-0.9006512397419209,0.24971585455916256,0.654441583022005,2
24.924763667835414,25.340309543156323,3.1691118529822178,0.43245643618944574,-2.887875400573029,2
24.932723340737766,25.627228847151017,1.4038089566066394,0.28516806845215137,-5.403208997725979,2
24.15787693782134,24.135257674975662,0.4484470616211371,1.3048865059886432,1.5836412787066476,2
24.668062792079855,23.118744119036858,1.5914460379482378,-0.029016175067342997,3.606622041752449,2
25.02782149484956,24.082426098222843,-1.933181397649693,0.7266265972147725,5.114616546013738,2
24.61408927887899,23.025987084681308,4.057306879213231,-1.0948592548909613,3.2151713526833614,2
25.216098516938395,21.960045763164445,-0.6066767018950321,-0.4527914872835679,3.850204713619548,2
25.536777245374857,22.700213917458584,0.6987785113527178,-0.3537096272637834,2.8448362330583032,2
24.99822121450064,23.286431574310942,-0.6686215860539899,3.131730539754469,3.686675865399093,2
24.922634604044006,24.558486837181736,-1.3324485738722176,2.1178945977336223,2.461021105358201,2
24.528620191530845,21.962846667197297,-0.898424542318234,1.802667329600354,-0.9160567771185395,2
25.547333181747764,27.332846650943473,0.2831185879885362,-2.628567658179841,3.028034898119509,2
26.400583256688517,24.72572332469553,3.2229035567524873,0.8988006650451965,1.8700565828905569,2
25.47225267384335,24.23626937943547,1.5273102039729154,3.2489009986239954,-0.49168609057604273,2
24.498711317026082,25.190961634317528,2.2026844282781077,1.8865428117363332,0.3010188734099708,2
25.221742806802784,24.9135628439313,3.7113033586796393,3.0247339045919523,4.447137596477846,2
24.46962913363778,22.358680616900237,-2.0589000752816484,-2.2809873292872562,3.5538737724639797,2
25.66790098674515,23.17224527930223,3.7259500846726983,1.003640844386935,3.703483914763036,2
25.628263497877573,26.528988751196593,-0.26832301817950643,2.9969461124113237,0.053448487753587015,2
25.02992503228817,27.201136481486667,1.7201907170083652,1.0082971826182483,-0.9961620272069949,2
24.2684080689055,25.672861532380736,1.0192728527307024,4.882216464647193,-0.1984366239853108,2
25.274522179716588,27.840180528260305,-2.0458984065075616,-1.4739575786125356,-2.035605409689162,2
24.6125210543356,19.189685713706023,3.639584270740028,0.13762634394926,1.631414127634124,2
25.184840816554342,27.03145034663798,-1.0433570453623267,2.02482021330204,1.9821686625681996,2
25.542437403445536,29.19837630823427,2.9517065746842324,0.8917442154107876,-0.39202468194713047,2
24.57039155170331,24.704158154830623,-1.148156262450045,-3.1315496095801416,-1.7226508092748931,2
25.743993747855363,29.72770388683741,3.065800296927954,0.5469818269439608,-2.151840018298612,2
24.706475652292887,21.16385669769359,1.023987839378524,-0.6221757476320151,1.6622714499335878,2
26.044296396014662,25.203771126668755,0.15059189628853198,2.1179561841669274,-0.3573806844226388,2
25.170768957865427,23.636938603101953,0.7279533562635919,4.351454111962044,-1.8286438947787462,2
24.86095050065663,29.055014737959503,2.630449998762713,1.4213059298679416,-0.8415050214396562,2
24.989998724478703,22.36393905339716,0.7205028396334174,0.2342217724620561,1.2106116165881644,2
24.53611853598846,26.0776507947579,-2.0433898785231084,-0.04893263686688254,0.3905420059183933,2
24.459254710454132,22.951072947051607,1.026895548168833,0.9721699194758172,0.6958673995488105,2
25.033645387141693,23.8263139952706,-0.7201474375994665,-1.2411840736778905,1.3046731142950807,2
24.70072238308539,29.432974404219323,1.011948850211228,2.785998893321038,-0.5015387477154076,2
25.434486969320567,26.0529900457853,-0.2844076029749105,2.5490274044954533,2.2962416750060273,2
25.129852015985357,26.961012563022397,0.7414217433778959,-1.4372465781064472,2.619030020540345,2
25.003275125138057,22.302328718729886,-0.36919983913874566,-0.810110787008044,2.037722905902082,2
24.85137768991373,26.914532245340713,1.676090450386681,1.5557345978110702,-0.5186225539994911,2
24.44813258617492,24.190088352009177,1.4832448769047055,3.219698168226701,0.21457650428627395,2
25.560446039078982,25.29746924691867,-1.4435208884911939,-0.5658779372251737,2.2497356171086382,2
24.822726598713007,25.80699849812577,-0.5388199216488561,0.7613726526626041,1.2871546586641478,2
25.30300611216506,26.660825927857964,0.9973364754951266,-0.3482536576211337,-1.7040990210206983,2
24.96264036580561,25.42645184294474,-0.582595941986435,-1.8283496532465247,1.0503013089293283,2
24.86353162432758,22.885598021503696,4.573680734059864,-1.2787581105267485,1.1685007032278205,2
24.390938104494282,25.983460333031186,0.7899291749675512,3.054576834283551,-1.4074675336951845,2
25.564765139724205,26.386093488088918,5.1856776128404425,0.027898925254861373,2.0166736586983696,2
25.12355149310478,23.470401236060162,-0.8596992669525267,-0.6600870415393119,1.8354188053771245,2
25.164197049110417,27.443059265705553,3.847553781509753,0.7365490850936102,2.7639457922889,2
25.22128412780681,24.905076117500865,-0.05675744861644638,-2.5767773301845773,0.9015821830846246,2
25.32972395203218,21.833694318431995,-1.2343279740482909,2.0379279763890663,-0.8219594000255823,2
24.96473433923921,23.12452168731571,1.7029018001453649,-0.34712174333587953,-0.6671791993974954,2
25.343167423509204,26.757798094559504,2.8622862099461814,3.0179181595977047,-0.8153081912835434,2
24.561964554855855,23.626549077016826,-0.44559612004667604,1.3892611992699466,1.3373616417862983,2
25.312651630144874,24.983967398609074,1.6291274953946677,0.053711902279650836,1.0584386681292735,2
24.72635430117418,23.2487056055937,1.6900247058424176,2.3332440973261757,2.5792471624861744,2
25.004168976560656,26.67438676439137,0.020867275521179396,-2.5592971632923325,2.973979083785392,2
24.52510822769953,24.164678395437434,1.1513856910862499,3.0672119099604496,0.8916267635805248,2
24.76464115025653,26.358590463485463,0.9449222492879858,1.8276944922542335,0.7038377398664313,2
25.24908406705807,25.705372536738793,1.6073168679689886,1.7352681450712524,3.2448945102064113,2
24.917429495417423,22.996623983232737,0.4611938545922355,-0.6951019794866311,-1.3146192782209152,2
25.31582561316817,21.320653989315776,-0.24701578637812505,-1.1914616948416312,-0.8828811725433363,2
24.21829838514335,25.280611068383283,-0.06255707917163877,2.7987239296803685,4.418765833749378,2
25.070575469035415,26.904843921353738,-1.0637443351601208,2.3301695611079785,-1.0274908233178883,2
24.75703200336175,23.269957472900604,2.941378925447453,-2.5397216971374967,-1.4815117960767052,2
24.31905236716929,25.170040997889586,3.034058734843586,-1.0570246876527851,-1.248758316026512,2
24.798860924538378,25.28648819618453,1.7934646210912883,2.4994785346896524,0.536770856834468,2
25.127712742037573,22.89067603215574,4.655451688142941,-0.054291594477102745,1.9135830017141617,2
24.967722828657426,25.41701740393556,-3.2006992493090394,1.3070199567308425,-0.43396619361836963,2
25.673323603039268,22.417349320369283,4.417087821976915,3.7060957786157576,4.739583317307986,2
25.656497857384014,23.457985338082846,-3.0754050629968788,1.2851984906728644,-2.6836772480653877,2
24.79550070498215,24.122838994028417,1.526483768130575,-0.060144633696129546,-1.2947608598452605,2
24.692189322750423,23.73328481807008,-1.0509491563743927,5.387628728760264,1.743169965566671,2
24.899898529345823,24.15320511746586,2.511005906099709,-0.9675630812433507,1.3048210594734722,2
25.146589040752964,23.86176625533447,1.9306585078402094,1.2453121339495161,3.161926245418545,2
25.54193881735405,24.12904284330087,0.517034768357834,0.6498382915523322,4.204389709672076,2
25.228047182857043,24.80464242097012,-0.5264422440152239,-1.6314761578038022,-2.9078015305099725,2
25.090632878299605,25.949965834844075,-0.3605894887211243,0.8894905848891789,0.12121529193223357,2
24.15394698009066,25.032493636426608,4.520399026808239,-0.04751545912939448,2.555228464369331,2
25.48673837072926,27.364818477756405,3.272455228566124,-0.7651534310098034,2.56154448688865,2
24.999981890596214,25.63659296732891,-2.73881970333531,0.18339783625537043,2.0544070346806715,2
25.677541491634134,28.027217482815175,-1.0744142389163631,0.4683928944622715,1.5920718069490407,2
25.202304734125466,24.032675414416403,6.925072187813166,0.11978648342132259,2.8523650280153903,2
25.537937793537857,23.115127093066807,0.33031764211593617,1.9019373540151863,-0.74356633688291,2
25.022867435375158,24.385702430906647,0.7540072746909102,-0.336844708063601,-1.309329706971035,2
25.398935830758553,23.96581852172975,6.455586799537406,-1.7134960737113092,4.644417900057143,2
25.25144552288079,24.296056148508452,0.07241436695371073,1.4560178468218585,-0.47183563212060964,2
24.91717593309239,24.33483397419629,-0.2472423809811508,-0.00319264075442538,0.8770347663944701,2
24.64040663766379,26.452982805656244,-0.9793812005625915,1.0904511048883796,2.996785918244933,2
25.585703930872327,23.07966466643424,0.9332904019047448,0.9686383806989831,7.4135354950348376,2
25.295953185476822,23.58659013309412,0.9650499361952656,1.0933904515000656,2.1058895603155126,2
24.63658325734476,23.91736178993476,-4.232991599762167,3.4996577494189993,3.3591934534396124,2
25.445300964399603,24.217899781706517,-0.06064675010788334,1.6129702696440913,-1.067748032695389,2
24.30391156934404,25.065009180491224,-0.8597686552194244,1.9527115910549955,1.9124621599526783,2
25.30787244462369,21.028109942767983,1.201027627666756,3.2497999872791516,3.7027518608660928,2
24.385570188456963,28.595589173556938,2.163921842704097,1.3709258996519678,-1.2589960645878238,2
24.664868792724636,22.971587514991068,1.000747121027268,2.8326302470866405,2.726935819240623,2
25.08041141361806,25.240617471057018,-1.9914899584831516,0.5890633329392461,-3.426794385945387,2
24.94739803090017,23.047774039290793,0.49295502535141833,0.7226108763710619,0.5607009323602663,2
25.40031028676629,24.732303418542458,4.478336484290527,1.494491122818371,0.5401320712609725,2
25.590141583701193,22.781226757697624,0.9666493426485041,1.3896900682096447,2.467948315740271,2
24.4746381651941,23.58563767742729,-1.7422197181741579,3.709287338829306,-0.23187811077563714,2
25.248179968115874,23.82631638104885,4.103052664197681,-4.031808107396194,1.797215494006478,2
25.19513536699989,23.9261419702713,0.17742752304331977,1.47250882167235,-1.0532171234353123,2
25.66310194064828,23.81069293108637,4.495020504671114,3.0546996499874877,2.271791607541793,2
24.435815811508142,23.63905305849707,4.21081218079526,-1.9467676759495363,2.764798013609251,2
24.869033871892867,28.224648652882628,0.34043106193376504,-2.463956238095127,0.4467387700161526,2
25.019790010210595,25.23559488570371,2.2899271084544632,1.3680437789144615,-0.06686968157874551,2
23.802583487821384,21.842049011283038,3.8522751210416857,3.158103463518327,-0.6848850086996279,2
25.86542360219914,24.625662738880294,1.1297931076324368,-0.8287591294936856,3.66870061280751,2
25.64619679544557,26.758492750598215,-0.8353931500119103,1.199954426992821,-0.2526465710231589,2
24.920491487480096,25.681970796649374,2.4575979651344477,-0.33885908420798616,2.1313807512116827,2
24.552225865667832,22.95753058039564,5.301005695636896,0.9789042598224696,0.08998075980429165,2
24.952314261373694,24.880976250796174,2.104289525218406,4.508442049180024,-0.5299093659696394,2
25.177441419751563,27.38698400685815,2.2580092256992152,2.4282027089886906,1.1065622622387343,2
25.147744588332344,25.334059408412404,0.23777356603852517,-2.002005237073811,2.160008835776,2
24.24475981699726,24.469040427649155,1.9571487331656399,3.7913517035853666,1.7538218844065891,2
24.89604513884063,22.783999038081944,-2.39076748308506,3.6539320724532405,0.790319075498265,2
24.257453730090095,23.79230433718,2.281807610960345,-1.3232839905057672,2.580981401392582,2
25.523986024918838,26.012544122359976,2.078079895196043,2.4015168409713565,1.8617723587634725,2
24.90052864446014,25.775139237625886,2.3215122557982726,1.2292119201602767,6.007494716780896,2
25.170089536803477,24.99289619306468,1.480212426181628,0.8302941347831476,2.4855105980972896,2
25.399297113905902,25.822907642085763,-1.5674054758649008,3.666433856511578,-1.2329311013019715,2
25.425746094369646,24.124029001805265,0.8060678271564332,-0.22757345137886476,2.0368007017715346,2
25.227830205831633,25.86472821615862,-0.12128066758082379,1.2433218944939448,-0.04927615128271379,2
24.535467243260225,24.30335558428277,1.3753559825193231,-1.0324313093106898,0.6241317506070906,2
24.8300090451621,26.915378750882184,-1.0087563783350308,0.19188526224889413,-2.512852882736478,2
25.277176083499842,25.78559761104413,-1.1054214022552489,-0.7137907375827985,5.646417396995559,2
25.001379105435003,25.401668652812972,1.0462717739797063,0.2606442490190227,1.5831413894634814,2
25.38499096005772,26.618206131751087,3.3571987116262476,3.0530045730881095,1.542158986021541,2
25.83048510543428,27.093345192400427,-2.6173673085114624,5.014107041140279,5.719266698534011,2
25.5670071075281,21.818245300641745,0.5190549332997259,2.5399102063208305,-0.48982263417484173,2
24.760072467595517,25.86910969963677,0.9197796386542818,-1.9106712908676715,0.848047203707537,2
25.12224622591571,21.362289922244734,0.7502159549655943,6.138782937093281,1.0575169056825184,2
25.72915285034156,22.5931746879914,-1.8790559219094458,3.1680112813107666,-2.583535162549427,2
24.355825778758053,25.244273199280627,-0.21784619698696184,1.291900557011872,3.5766863701674407,2
24.67846244808083,24.519756824491658,3.2996782624793632,2.599147842326011,4.989514656809922,2
24.237125488797325,23.02890520429067,3.274462368032482,0.3433156602081294,4.271159390111833,2
25.591220800200816,27.168573332636594,-1.5439158098595454,2.2560286786901895,-0.7752972033837882,2
25.453366920792217,26.44266628814206,3.38714445932661,1.290396836281305,-0.6224804080326394,2
25.084768740205668,24.94626712555636,1.0958820229163995,1.0282438606678421,1.9454959206308187,2
24.668951432662933,23.53970446707015,1.345755095549607,-1.4911091277864386,-0.09031120714985175,2
25.614810880760384,25.882058619224292,-0.11164812411903924,2.2464520254591727,-0.8627077661917959,2
25.073709812785495,17.635087003021013,-0.5389366132982893,0.1720813289674119,-2.0704933860951114,2
25.3155945585605,24.86753727545813,0.31394632666087574,-0.2117603650115374,3.3487703917150546,2
24.556151605670323,25.56084857244622,0.4673450221158332,-0.1620722417843139,-1.1226427854660805,2
24.50680508607416,26.96552552360845,1.4691300352376946,0.9968162484695225,-2.6728018314056254,2
25.79261394329479,24.864018890487845,-0.6414631305303622,2.2261395882882153,3.151541095395136,2
24.809690181501104,24.61014424142974,-0.3125855087953002,-0.5775990792886774,0.17332399653627928,2
25.00925884614664,25.09640412588678,-1.359027748364511,3.566254850649417,1.5015862112477807,2
24.64693658413109,23.383006431460302,1.0039601187737663,1.4689595754776517,0.4021252924563363,2
24.71221505122241,25.350630661114426,3.4547428923433263,3.0261538425915098,1.4652870330784402,2
24.930921438661663,26.110518732380935,3.1198483885952375,0.3797002484168074,-0.6522399180806164,2
24.983705314470903,23.016565813064854,1.7362712551227442,0.3849046922113636,1.1992163413730828,2
25.083169738328582,25.811502251709268,2.5806821661338124,-2.9800693815834456,0.3257514484289109,2
25.12276162680343,21.15172795733236,-1.5304486695771145,-2.204332898185321,1.7192350085483152,2
24.998171078885182,27.379041582215002,0.14482907697678538,2.7726157188506555,-0.38549964044102203,2
24.78795360943118,26.024689270513548,0.11913573226217844,-1.4730075277249415,0.6030116964270524,2
25.17516506231422,23.420926322108823,-1.9968821131898462,-2.5250743131302893,2.1755807903733535,2
24.814064925500492,25.75485585336054,-1.004424262662845,-0.683379678069296,3.0121070123196905,2
25.451802025887147,23.090147341784398,3.535067784348232,2.001594751892968,1.5466866203042655,2
26.026049958138593,24.17438727906659,0.24872501192684426,0.3881173826696561,1.3875074622026644,2
24.16604092460137,24.51628658257508,0.39147705018081447,3.6535318030514197,1.440250425935299,2
23.8946490631054,26.195329230878006,2.121116556043144,0.6968539857910403,-0.47571366409255655,2
25.29970344697191,22.66794139690479,2.680531348963364,3.5765324085734145,-1.357542856425304,2
25.374341537667117,25.643400767193434,-2.2947660662628606,1.44632446169398,0.9057686036280859,2
25.231070983365335,23.865443121926614,-5.97334143972799,0.12617455975263092,1.418460423959592,2
24.980778861816475,24.530589526055042,1.7285827536604017,-2.691872388680911,-1.040110407191619,2
24.497841079317453,27.52188798492315,0.0983967533667679,2.665180300538489,0.838359115002936,2
24.356210473186007,24.857703587263806,0.46516447780260695,0.0697702809349171,-0.9415450682553268,2
25.03081880332873,23.17091646509971,4.6325683931519706,1.2859768138455583,-0.19480806112002558,2
25.219254347308436,25.226905122257666,-0.027216809533826547,-0.5205843655682851,-2.776428701280115,2
25.098688699962047,24.88074197929917,-4.9835122694853435,-2.0332191960125883,3.3812374372159035,2
25.569106926571287,23.471977727621123,0.7450194997414206,1.9893235429315526,5.579338362730976,2
24.658742970614785,20.613155066020916,-2.390336851402039,-0.3570152862342586,-0.23758787716457674,2
25.209395752369268,25.206305847999392,0.7533549674922535,2.484395778224713,3.0986617622268806,2
25.24319226115645,26.872996201014463,0.0930932288416012,2.9710441852013183,4.637848389357564,2
26.41967904914749,24.205192863869836,2.3101596551388424,-1.3283121066294572,2.0344748710198814,2
24.946862879850286,24.79760986303406,1.8688868080946752,0.625755637213556,2.669591510751201,2
25.637459479056293,23.3032191612588,1.209987485504037,-3.6406548345690757,2.0645609548897044,2
25.48196274735875,23.082991114387973,-1.9409776046170526,2.9309717401261963,4.35238714106392,2
24.428537454021477,23.643778025974907,-2.027616751397403,1.352688568353332,-2.594348923462655,2
24.465600516395394,26.862833994485708,2.204965747453869,1.4445589955918887,-3.171063584515613,2
24.50987417978444,24.596545139234635,0.7007647620325742,2.1397550089141717,-0.5345245640118421,2
24.93825720527165,26.08995749754014,-0.4725051814965684,1.5406528754036408,3.661210379338716,2
24.976349025921344,23.676782506754307,0.7264683632545406,-1.875185415155681,3.9339541592414284,2
25.056646067666282,29.893734772102448,0.4228844103931223,2.6695881074121837,5.4189831751899105,2
25.37086025451162,29.512164356596728,-3.586466505987742,-1.0185191054250686,0.29976023271866237,2
24.4763592236348,25.427948300839326,-1.0841412747915684,1.1239439318058777,-0.7136964819020695,2
23.835340710066895,26.380192563165,4.149336634870645,3.1344791510664964,-0.3528744595194524,2
25.459997664680085,25.29450285625064,6.064042125277988,0.7693450590958453,1.2609452859771726,2
24.424927905650986,24.74713390877187,-1.780906865131609,-0.6624275710889422,2.3817570230232032,2
25.473521617437846,27.445127883409118,-2.003297314640428,-0.2113867226279207,3.4134895835856507,2
24.08647470681954,26.472987062307553,3.1539031910692756,-0.3401336103261352,3.5893471733237248,2
25.02078648030935,26.62435805231556,1.2633896637709219,3.4691763449898554,3.115158937235643,2
25.27254368263762,25.029736390723475,4.272622707105712,-0.481502933622743,1.0237062329364657,2
25.843667822339782,28.82138569403968,-0.46995377230188695,6.5325646121941645,1.1680762259629316,2
24.625196609415195,30.552599088654013,3.7923250336970655,1.9550932233837144,2.7485005757555236,2
25.343172887470107,27.610880413449564,2.893162945713353,-2.0562272757932423,-2.1872347031715624,2
25.30688619706571,25.26892341737657,3.561013717108601,-1.8471482056929953,0.8593970486766401,2
24.399859210341166,23.791073798679207,2.1922991322419714,1.2124916772555552,1.2619618546397389,2
24.566574804058412,24.815182160583788,-0.9567700436576481,2.0389756948931965,-0.6259359747418378,2
25.00532653325176,25.80788790156147,-0.20926596047452128,3.546200413402193,0.6932116419481857,2
24.887860851766664,25.123211109132917,0.9038882295024361,2.482868950491183,1.1800337000451486,2
25.924262402779036,22.126383349362175,-0.8693488145575596,0.33738322542778487,-0.3637828895936248,2
25.258403584502354,25.675024572422675,-0.08740571606887104,0.874446292315279,1.0663120855523396,2
23.827024916684557,28.07710927798653,4.689746192916884,2.357342778547449,-0.43419707376646577,2
24.599093715350882,22.46161791208523,-0.02655498782319876,2.3121363315877206,1.7440150312479452,2
25.28340697789165,26.126297439179144,0.7377263112243762,2.5397169650587568,1.7666219969957715,2
24.493432547990967,26.47688890263374,1.7332406604197068,-0.03137091752257448,3.2120980451919956,2
24.830008496282538,23.496727915184145,-4.1721204611671014,-0.1287292087859715,0.569255555205212,2
25.2075220337292,22.02691959884615,2.118569252999981,1.5088970784425615,2.859611180084813,2
26.252206508350298,26.700483695912734,2.66611719834263,1.418445772724933,4.079787776830618,2
24.18393047039279,23.08316918571958,1.9860736505883025,-0.03049002064267059,3.1030848516563836,2
24.46664158827702,23.307724844633476,-0.8438814105280699,-1.0347786538559167,-2.780440241684952,2
24.934254215120834,23.881078449976954,-0.8167479052034599,3.7113356037995207,1.757425167926224,2
24.975078826027154,23.073442448699453,-3.5615822204499175,-5.619295014007381,3.3994133827152395,2
24.638057159136995,23.82430383923864,4.066644404073308,-1.029032895916628,2.4314646836311815,2
24.69506450168348,24.405561163466732,0.23551459558284848,4.536719330986198,0.4489292038658268,2
25.250946294268342,26.61555444269375,4.424274584943996,2.086578961196632,4.246829719975468,2
24.36060286641744,23.360134087359295,-0.3942017029360161,6.636146801441901,1.1703232294785266,2
25.155997481032248,23.92627785858563,1.114895838076445,2.252269113696363,0.774506210360439,2
25.503341689035253,22.654783956981696,0.5500904953573925,-0.7891474995637275,-3.0025551800588106,2
25.470098983798483,23.269968751778894,2.3486462163631883,0.18921449060775064,0.286622702278268,2
24.75766321338203,24.093071846917002,0.2687542168497117,5.142596087246513,2.1677913313374964,2
25.493530147455235,21.92658900687301,-1.7875104443588095,2.1892477359872022,1.467007563737109,2
25.551565734328793,24.632308046454185,1.4420719666483128,1.6652063582304095,-1.1568229747198844,2
25.369159790441312,26.74813985003805,0.3889955828721926,1.9204000658006941,0.8400684155094466,2
25.284370389912432,25.66836842826197,0.06492379733479425,5.028614653545631,0.8717429728709966,2
26.28431818646351,21.579802396932166,1.8174022135247472,1.2821616858085545,1.9556968558109165,2
24.593928649196208,22.86463167921761,1.1662572925702426,1.2912556696970148,3.359201406849909,2
25.04949438703744,25.583234608940522,-1.789283326064837,1.714324398429655,4.453857449820662,2
25.2547161157974,28.13965912403224,-0.9603463940297732,0.30916264886023803,3.87922404941304,2
24.97613835846011,29.786247892651204,1.8318155872630622,-2.616974999013081,4.018167978141957,2
25.9838624166902,26.205601697847204,-0.2528773065004615,2.8213277501788223,2.572968801967728,2
25.32753440333937,26.191346093001187,-0.3902661499251723,-1.6186773460289374,0.37825327264561814,2
24.96204363449954,22.680576680636257,1.3902650104367251,-0.6197496244161611,2.5094304617711316,2
24.60513147147728,23.101520883208977,0.221051310494652,-0.062126623117501945,-2.4598140938859894,2
24.38718203390292,25.16039355319347,-0.6900382617342655,0.3458415519743562,2.3131496392888113,2
25.0477982908216,25.563409060520964,1.6531658875683162,2.7978639692914333,1.6252067797470842,2
24.592284733185767,24.71632143809722,1.873373395418482,1.6477608479786499,1.1798547758164866,2
24.467644349365436,29.859944975711368,-1.0833394046430365,-2.1076920922038074,3.6794667446082623,2
24.990843612652426,25.267652438928945,0.28710652987672824,0.723502898313755,2.102733480952696,2
24.101107889236253,28.63212733026359,1.1038352388478314,2.332209805551218,0.969791790227861,2
25.19526702076243,26.589209348210186,1.3561843553554145,1.8383352362757797,-1.1209261902522227,2
24.9336738357119,25.700817972708155,-1.8000872099419496,-1.3894592962447598,2.9859009253014057,2
25.25424312557172,22.404762854461666,0.10692149524146766,-1.3662478219371792,-0.11106107741896043,2
24.964487981715816,26.908452157785323,-0.3768247434408092,-2.272931812458275,2.2253063936523008,2
24.408444545833515,24.392653357541615,-1.3095090163719298,3.942737698004274,-0.8932558352721451,2
24.855728271063303,27.035314756311674,0.6405990020345974,1.9330762403273045,6.068921000447127,2
24.886592328554503,20.620103834798517,2.6240834126565598,1.9829927162161094,3.9425760201715123,2
25.12648535876967,23.32173638380917,2.7056865574880877,0.7146716798571391,-2.2133227748299475,2
24.985113257635447,29.622582486953327,-1.7376845097656122,3.4154344307032307,0.5531694233441644,2
24.129150809101723,26.81034777738483,-0.9551918851198802,2.3064937370850993,-2.3181362962756187,2
25.234528034108536,22.416782739766173,2.1768816684357724,1.4748852500062601,0.7428269921653152,2
25.095273610931585,26.58577979967168,4.1525344571265475,2.109230002850258,2.6160080444151044,2
24.255003730607484,25.17226163685717,1.5900350944010222,1.07258006411064,2.0478236246495367,2
24.275614024769414,24.625054494781065,-0.2889160797813104,1.8301277505548077,-1.0104064560447172,2
25.756874094426443,23.927243903881624,1.2086521018101146,2.688306679829102,0.7263761480958016,2
24.666714289860714,24.435977752491485,-3.903855039369641,0.010531832010653774,-1.1564993572227547,2
24.72959837410567,22.86777691996779,4.030554519326591,-1.3141013197569569,-0.3724557183525985,2
25.125491663781705,25.004661287863712,4.009298109059431,4.407542300830908,1.5742380891829075,2
25.088093370926764,23.005444384080867,2.0936874352740587,3.722330834785707,4.0292246031248915,2
24.168370059889504,26.773494573077343,-1.337874405010294,2.7241565556889085,-4.276340312539334,2
24.99205061620062,24.788491228294447,3.710415372517348,3.060873214013929,3.442606669831962,2
25.2854601379945,26.45111869717519,-0.1137239080999406,1.7415992953457706,6.360098775556291,2
24.861689883095995,26.822844489760985,-0.8016151422154145,1.6223790379109175,2.308664873298443,2
25.75313400554338,26.633251580414928,3.2324874418868283,0.7966245168475007,-0.690229365293151,2
25.622063476942817,25.876005050575646,-3.7238123512585695,0.2945778177159305,5.342997562905432,2
25.178413864317992,25.024100404735396,-0.06442417865012584,-1.9817686076617251,-2.362532868948529,2
25.258607531784886,25.423010793369713,-0.5380180158839016,0.5770780645617677,-3.325285208838178,2
25.707761601861883,22.258265868973638,2.4987753399132338,5.284640845947034,0.8888487126441331,2
24.437926138386725,26.41238390921017,1.0354421238987952,-0.22008690475118198,-1.7411475905625724,2
24.349089420175208,22.28929086100518,3.514522412042234,1.0566991902153677,4.433020025571521,2
25.420992244585754,17.818321164299036,1.861165009570595,4.250032703887387,3.0821092969457786,2
24.66390768194398,26.793873338894677,0.8875288224911846,1.5490823328000416,-0.19538500483076704,2
25.34560546545267,26.548941955703118,-0.4187858505790849,0.3977207907675614,-2.2414811084539052,2
24.4884635815472,26.24592549110889,0.5185826219093912,3.114864806931502,2.5554084657100633,2
24.77356141881088,26.85291932839956,5.13821769200527,-0.2697484652662441,3.6805854893141356,2
77.45656563413321,20.408349693321007,2.0790147943804045,2.498129808303612,-0.46459762766475743,3
81.23473865775523,20.90956278077559,0.07578809524030428,2.155355345506031,1.8098082067441157,3
82.59840000128715,20.3902632753685,0.9649652634224674,0.6058481925588629,0.6918804803806339,3
80.41282562208298,20.448874955462834,1.1875776771563882,1.7609143766114574,1.6937655514441206,3
77.80734889983009,20.464819547896454,1.2086221227459721,1.0654783851948724,0.3348996659550595,3
80.8787949119586,19.763620947635992,-0.003892256693455831,1.391982973823512,1.6506391011627994,3
79.10494871646759,21.527794035500293,-0.118972511667093,1.5619698758137315,0.9655831836522674,3
80.04244217141317,18.876593743309694,1.0570663866702434,0.8484347596180332,1.3831888435238047,3
82.36567246995673,19.703731841496854,-0.11829748595128708,1.618765499115003,1.0123982003632308,3
76.62406383033321,20.47285644192284,1.0230299387511488,0.23447725201753655,-1.6250595685881883,3
78.60867531313922,20.0297513518402,0.29072360805924036,2.8087485250400883,1.9764690879209974,3
79.80413040305827,20.603947402455308,0.7038566336984873,2.59640302433076,2.1057411059892974,3
80.89268963312878,19.982030556271592,-0.4291455451076187,0.46172361778203586,0.5515651433937808,3
78.5853470681649,20.75515790987319,1.0547425927192575,0.6069731506664552,1.026224191031263,3
77.8659366300867,19.723880454363826,1.3654411236430697,-0.11984160043112246,0.6042309488141371,3
80.2092787283866,21.687856676940473,0.9286164356010612,1.8797417272168713,1.055410960617257,3
80.2469828232762,19.473313041041806,0.5919486917076633,2.13087897011308,0.2746237691180631,3
82.1007454057801,20.721385789201864,1.0494083124447422,0.5861545938146565,1.31099998640099,3
80.97557938962964,21.07527212555621,-0.029730241081616038,0.6651756195181461,-0.19163655101935873,3
78.29019871019693,19.44951389456858,0.453988421641248,1.1505464049859453,2.345131421335415,3
79.63405823268926,18.230538328820657,-0.1443112955814876,0.17425790965860777,1.5955108853257403,3
80.73250681389413,19.98496959361986,0.7260279435610244,2.349962803914231,2.1142434258656433,3
82.92579541818625,19.48023447973605,1.981804049846881,0.5080112417295146,1.3664086298456903,3
80.64556305433545,20.71407441762045,3.024331379612372,0.6884054704841304,0.1943233216338357,3
77.63809238486652,19.349510592656436,1.2726030951732392,1.485868374165462,1.8910605974875674,3
77.38410073895574,19.841896361701078,1.4848424041359585,2.737887002297578,0.1821213025480275,3
79.50920860395527,19.240964188608462,-0.1309268532063701,1.3665611171760232,1.2707472856448858,3
81.68656143268242,19.895230228827813,1.3736255548265253,-0.6804787458541481,2.0072532400266807,3
79.52451990834183,19.515664292742816,1.442318397764439,1.4284875250428515,-0.5196531582903261,3
80.41744564805009,18.70737631699436,0.7533594736107264,0.9322378600264605,0.5212630870850632,3
76.37124753904425,20.69133756035483,0.9578567419128684,0.5961036875750836,1.3247757131438855,3
81.70072971314669,18.74300265656896,1.6584889482025207,0.7106152874580431,1.5350728236379365,3
81.16665067209586,20.06959034796919,2.2768077255363712,-0.6433424687754434,-0.9721749448136443,3
78.71377467437196,21.60470134984498,2.1979796111434093,2.381933405400591,0.12284609670223423,3
83.15768522904611,19.877645721015643,1.7536471305020502,0.29447138961357566,0.23927218292562913,3
79.4921192256679,20.799235703396977,-0.1682584930006712,1.584008940311795,0.08717196553010254,3
86.37527113719175,19.15503333758388,2.317236341217229,0.20729552784639316,0.882565217237035,3
82.09115213412213,18.885449042216845,-0.12738761096968232,0.8907774200574654,-0.18123223737673988,3
78.37495816976185,19.795314321546115,-1.3207859178072487,0.5405240682442246,1.0093976440845187,3
83.46981853993931,19.736465742581828,0.6026664511488464,1.2591047951628966,0.7998747365335303,3
80.19027724024647,19.999725622085794,1.63531911359035,2.1508023388960695,1.6065449113238337,3
78.08248285358142,19.33930911966111,0.9276178760197755,2.5168981234559205,1.9080929651333816,3
79.48647680394305,20.34465769170562,0.19250321732412656,-0.3692485471835345,0.8163959324169762,3
80.43413903218621,19.081533346340432,1.645422613509473,0.16478876892684058,2.4260935801612566,3
79.35758641973472,20.313449210287395,0.6265747698942086,1.1420143982825641,1.6047630094273224,3
79.81429508820771,20.09271362638851,1.4016935129062962,1.5168073506162687,0.8695750679815154,3
82.8544647153619,20.053663482186803,0.43089131817199855,0.2644925004090025,2.7841497833282913,3
81.13867959485557,21.346922190423015,0.3332542672747365,1.1275656565080616,1.1727490066269963,3
77.28240687100396,18.815511740064693,2.328658886797702,-0.544237991775663,1.1084349210465982,3
81.18298100477189,19.25630027548428,2.1621300991198558,0.19004563691839993,0.7582838153554584,3
77.15403025245215,20.71840803920987,1.1178970604780507,0.06319251209600829,-0.3111653213272101,3
78.84972233006046,21.1852998842438,2.131315875653007,0.5239781838442714,1.9033175013029282,3
82.09702999706514,19.64813161644152,1.5125586727484266,3.195183036775302,0.608076874139265,3
76.4812243462707,19.939563118425852,-0.5277430882162757,2.781920016711717,0.6539595916721368,3
79.11154547285557,19.77465520473663,0.6477521518558553,1.6384570455665575,2.0741497317537103,3
79.49272881537868,19.94720085375702,-0.20853604332137654,1.348105720493752,1.2767916304027238,3
78.72966925758541,20.292109631069156,2.6388826330272837,1.3573625904011686,1.7175970050327665,3
81.1251746103276,18.58625876328228,0.9186345686907503,1.542910347598602,0.38217022373151766,3
82.61233766718922,21.108687519554003,1.9913982427582093,-0.6795395971867002,-1.5385207520772588,3
78.51210302374894,20.1489017783951,0.6742100993231271,-0.43911762886864336,-0.06186298504387211,3
76.38063257698111,18.051662406926525,2.0146887061388146,1.763879143723996,-0.7194560533649959,3
76.3780620679069,20.71259484890325,2.2213528839331875,2.6705857665207566,2.8894672074764616,3
76.9339599024972,18.839571228391144,1.0407712768321344,0.2743214830854501,1.7800460242177314,3
80.98642722580021,18.643551378063993,2.5529519016706184,1.3888379786112979,1.332460184039648,3
83.66022044075466,21.17455860580365,2.8646012060262525,0.42509880382332144,1.6386205979429178,3
78.24260474205502,17.786724335016974,1.0394899727050073,1.48342178570522,1.115190052502223,3
79.14590464989631,19.798995283026706,0.38385995290463326,2.411514732637696,0.5296902539169336,3
77.54506369091504,19.34247642654568,2.567369134682097,1.9097591962160774,-0.2519160517956891,3
83.24876157826691,20.886448172320712,0.47752977272593244,-0.39574240544210615,2.544739669318024,3
80.07666481530872,19.245526581287486,1.4204060388827098,-0.4293643996989913,1.4935394382694729,3
79.70567236617599,19.940374757238253,-0.7479907526515996,0.5679985224152828,0.04114910020778484,3
82.68299158580527,20.614166636503043,-1.3516924229096174,1.566257756672318,2.6602750672205824,3
80.2871085560632,20.481360900152985,-0.5491772768790284,1.4952910033121452,2.0276985174971442,3
78.21598337631131,19.355865076828668,1.7118782073788998,-0.24707943828747392,0.552250121233928,3
80.41325513772826,19.288954144272928,0.40276769049035455,0.4575076802146132,0.09647134008095515,3
78.85188192047758,21.067148397199794,0.6823341624942282,2.3581591355355065,0.4215946271928437,3
81.03935238854962,19.086578187930986,1.1651967239216574,0.670734815770464,0.8780161507839287,3
81.92115687492115,20.330139079314513,1.0985325139166267,1.8817491914439204,1.4704526365119301,3
79.63501063471368,18.551384774774164,1.473313943410425,1.2830217836761537,1.3435883685801011,3
78.42663830770442,21.292796710783684,0.054070038690432365,-0.45998704282727476,1.3557351945507408,3
78.36119935895665,19.91172381208667,-0.7581733759055078,1.2277897016849693,-0.2546163423205896,3
77.35763180412324,20.17047587999139,2.2440604411316105,1.2164639468675815,1.2399474396076622,3
79.05267386751628,19.940010927904495,2.1199554237142366,-0.1305257588794011,2.4823532961288546,3
79.61746277049791,20.456637092986178,0.9974302901935221,-0.3275600645731649,1.4832190348795176,3
78.59783541354702,18.744747837992136,1.6563081135156144,0.9244200798187208,0.5337844768203347,3
79.73253462894704,19.39382310508336,1.0273529543276332,0.6868330911405736,1.4588716949894982,3
83.93124827462913,22.151295468637155,2.133963558367904,0.14827726765075888,1.339086026657947,3
81.1064279564326,20.932707558960566,2.9164496136752147,1.5017543785015772,1.937805562612143,3
83.43494391560202,20.473853037629922,-0.12247150418495645,0.7616390945185836,0.4807421891743985,3
81.35975484659566,19.53075489072859,1.2541550350914725,-0.059237215561015466,1.0210618152082622,3
80.44015939804858,20.49292310977858,0.46429331241870586,1.9532150453838903,0.6022705770370012,3
79.38929849490916,18.647830885540184,0.9628303007478906,1.0776828219684766,0.7014730887419178,3
77.3167337563365,20.389516126419963,0.9141581696846086,2.4351159746842272,2.303141333766341,3
80.63272897933962,19.51994806750947,2.0684167509232108,0.9597574352158837,1.2710138346646198,3
79.85071763222665,21.156182526496778,-1.0687868498180664,1.866348939158097,1.3810732270557002,3
75.7766304088578,18.59433336862764,0.939992639298322,0.5171819478889823,0.5729920273690872,3
77.71636073758258,19.422196709958293,0.31942593198847935,-0.20216288842302177,2.6798295926967057,3
76.3179869564911,19.268948499586358,1.0685115752267165,0.7069650075939767,0.5837426460469394,3
81.35649878084008,18.60819307507392,1.031980183255362,0.12415088810547081,1.4567292959531288,3
80.01280206886719,20.4267406401139,0.36888613903938583,0.6741549746244437,1.0378730081896144,3
78.44562312432893,19.135008521100033,-0.05504155834328328,0.7299989457488169,0.537014662913193,3
80.89040050697649,20.95318249270211,2.907488621530549,1.32003731645319,1.9806887152247685,3
82.90367176662883,18.899508811974815,0.6977777641137433,1.3375641255610558,2.7102402794535436,3
79.28267103773851,19.72208234256605,1.6516282118927825,2.804722633460841,2.090483951390034,3
78.85162879634707,21.2054205520494,1.8289160175794983,2.9615953462628615,2.460469308423754,3
80.52916199685343,19.649595156456847,-0.2975141096350682,0.8106787675316871,0.9486113393243618,3
80.2032306600364,20.167201910431828,1.215493131537297,2.931219132308307,1.1933838874628888,3
80.77417091395765,18.854351338129828,1.4931721641746898,0.685453075564682,0.8789494010659902,3
78.83849638802099,18.565132980732717,-0.295832641991149,1.83767969144555,0.9342628704627365,3
79.9001805926936,19.94793600671288,1.0456943289703524,0.6210185487112883,1.7427603305828292,3
81.6959627182838,20.17887825715197,0.11635142914938867,1.4787533921319693,2.379107031548628,3
75.83361794026129,21.620947635247184,-1.3424176249322373,1.6286476984985616,0.5947778393220213,3
79.86673750195678,20.397830395989057,1.8317190272546848,1.2442653367606566,1.3606306103455104,3
81.44710987253538,21.223416821956697,1.5493595201674735,2.844151718984378,1.0859004582723384,3
80.77860617391916,20.53776840560208,-0.34887485840952714,0.47455376109140734,2.6039226617658877,3
78.68359701752524,20.059607470168345,2.1459258535482344,0.6524417634811349,2.7239686001397003,3
80.8966367386706,19.613838105930448,3.2100740161127304,0.1380849825364202,-0.005257276285744572,3
83.6642232137621,20.987647481271715,0.72268720878564,0.40985728576040426,1.4028801550335974,3
78.39446321945493,19.935708743556024,2.5117458134082677,1.8949987078348158,0.43540052127637174,3
81.9527754015614,18.995346565390214,1.431487345950181,1.4111736387746885,-0.3601592579070081,3
80.25730269443535,20.316622901350108,1.0211107721043744,0.1682871399072262,3.4431430352385677,3
81.25057977024608,18.66996154910296,0.31976909006618925,1.5056414901243913,-0.19569488609669872,3
80.99867883769544,19.40220484349942,2.1774762258111044,1.0283089559315883,1.0201887209678169,3
80.47819544101985,18.300894994288168,-0.6261620356553099,1.8046444029646564,-0.2932234308525099,3
78.56694069685479,20.906338930942702,0.5557187958720986,2.4988233970497564,1.251756856264766,3
82.24478061163911,19.853923627334296,1.933964625521429,1.0125998743053364,1.2526864961445296,3
80.27062250935379,20.178915706314335,0.0598527908627392,0.48949358390047193,1.544305617172692,3
79.80493000523317,19.904737655189493,0.10794079267233891,0.5786166963266872,-1.00484038105551,3
80.18233016487558,19.953843234831194,-0.560798164721928,2.3444310657109915,1.5820553409213138,3
81.65993958788893,20.820755264108623,2.4834288106070943,2.406011616831659,1.3861179259858503,3
79.89245206373042,20.112162905375772,-0.12875894451879044,0.728915786302742,2.118329476170929,3
82.51719685565783,19.96235965410341,1.756316245371795,0.10168020715443227,1.2789060176876887,3
81.04768243431556,19.05287087966333,1.1313056318237515,1.481349435110319,1.4853515089507856,3
76.66006584290088,18.58685338670785,0.1967281026533102,-0.022315217616867278,1.124326438551797,3
80.56953570225272,19.902059642757866,0.5736692411983979,0.17451743401847497,0.720828926683548,3
77.08896085112794,21.294082894834293,0.7799280423729203,1.384293680467211,0.8777030521177984,3
78.3020786413606,19.41222357579662,1.3331567175635177,0.7158852791248654,1.3114979128568192,3
78.65353786947239,20.41527706698463,2.4145395200679824,-0.06371092074893814,0.6087172844470015,3
80.40466480864052,20.62126357461113,1.0476151396533346,1.2796340937544064,1.4162038559953465,3
79.87004477543564,18.613943028652272,0.9568113794402231,1.6314442712039539,1.7645974391989532,3
79.98240944856107,19.756120056889262,0.4942271633100074,1.4390310232327295,0.4977823587428025,3
79.86258359877687,19.11680439156804,1.6355477162844425,1.1309905114549612,-0.48401376100947613,3
80.56458243902956,19.146018822224136,3.136272757174767,1.0262044785966766,1.4438685354359695,3
80.74740081959077,18.995180237784933,-0.1498639655896381,1.509282613601278,1.3546621340930383,3
79.26176331552064,20.501005217747885,1.525903194615108,0.3079920657845645,-0.35880758101476173,3
77.89825584932869,20.913154363918938,-1.9579707547691099,2.6076885317225615,-0.18613535238055468,3
78.22860697221311,19.027788924366057,-1.5215512303088468,0.1802577538495449,0.94584729224558,3
80.79240637751826,19.077516650297078,1.511229952812663,0.3782018234880983,0.8918196154687983,3
79.03725057707676,19.647453987178555,0.7821456539382448,1.4384436054599563,0.5540111333766031,3
81.51203401204673,19.7078083281921,0.8628793091402338,1.9955411791579256,0.6827413077270781,3
81.13205053150385,20.92155699073658,0.21809499085697237,2.328720576694911,1.312912517055392,3
83.19646455126619,20.318081132315427,1.6425048915384841,1.096311677402895,0.8008985933558868,3
81.08423747595087,18.453534794903632,0.479226631472496,0.4272653640973847,1.1664968628729668,3
80.08313544280753,19.885121174024693,1.2769480983395471,0.6315665820553988,0.22547435063905963,3
80.48222250622881,20.639426590674667,1.554498163159204,2.391405522126388,0.9992957370415921,3
80.51323229537249,18.896194285445308,-0.19977055299075697,1.4464869568688021,1.6806460808325303,3
80.77227222372062,20.684078275205877,1.0292043422236383,0.49261954657157303,1.1273605145956802,3
76.14117069077335,20.694985693353857,1.12880743675715,2.221293541591647,1.6774399990003204,3
76.76894848888982,19.640428441512146,0.5314587231714931,1.1376757893133629,-2.5314901744462905,3
79.61752812872582,18.699200052063013,0.32249753569197515,0.840815433670483,1.0362691515104396,3
77.30868317156029,20.07999770560535,-1.0914255527592327,-0.5326425495749976,1.5345228100951747,3
82.62244171527928,21.55795981804896,-0.6206788509667585,0.3433550521789219,0.3765648988124649,3
81.55040793911813,19.611306709278843,0.801560110620412,0.06614809099198804,2.242801303627183,3
79.3334867934978,21.130486237213496,1.59850151548659,1.1402854201704666,3.336931826776171,3
82.13088812046998,18.760895778789966,2.3321378802756576,1.1110168317039615,2.1018192304759253,3
80.07230946501421,21.48797416258101,0.36334883210442237,1.112151977824907,-0.6650944511478285,3
82.96993311322555,20.23162907328876,2.654807539329955,1.2353143381631924,-0.03618036078828446,3
80.69769857571121,18.788755913472322,1.1840901186590624,0.7759559623696188,0.5163929050740553,3
78.89955655793914,19.961497813128954,1.8104197810049008,1.9608798998089434,0.7077785804255154,3
75.01497284029274,19.329674714201158,0.5798780028713317,0.7833992999446867,-0.6742560989213384,3
82.35887154942125,21.81948817058969,0.6684757942111828,2.9340520250028153,1.9032069038074957,3
83.7453297609275,18.966217894861273,-0.044272087679898986,0.4839117632305172,0.5979628620561954,3
79.45551812538568,21.26956652818943,1.9822495565558942,1.7342455613036718,1.8249318148670939,3
83.34334382750569,19.49563712744353,-0.11707671411046094,2.7598205351092098,1.3277603027442422,3
78.8809551885056,21.225825602165155,1.380798306405704,0.5165587513526402,-0.7546949767268245,3
80.89049793426547,20.3289345528121,0.3596774572412539,-0.02083758509315925,1.0734702853688582,3
81.05096370901583,20.83809345506578,1.6766589406359063,1.3966352909370756,1.737749417093911,3
84.11296609541883,19.23074784550009,1.022662799993481,2.448098861240184,1.1114638551742915,3
82.49678460513162,20.610462344406795,1.2949013247771108,0.342365966162948,0.7254296367557144,3
82.60256968824595,20.50517678589506,2.793152474678372,0.6882174056121533,-0.36796538246434984,3
78.50574745742054,18.872253332393516,-0.9267815665092676,0.45253086385287167,0.4476915175937013,3
80.3749502227628,20.200784750112405,1.3067644175846043,-0.9742772670582382,0.919819109529585,3
77.82228618238462,20.140849233687106,0.34596897850171326,1.6436333614378782,-0.7813123247424754,3
77.75326313594763,21.584002613037136,2.058848965466068,1.9402489188401504,0.3207721142057073,3
81.83524221647343,19.933977347617457,-1.5371683067912363,0.6320494435250116,0.19604725608059748,3
81.77324547129602,20.5981158476725,-0.23798602822314585,0.40748079893258193,-0.04802796130414522,3
82.02992177253323,20.36608526589372,1.972824995048026,0.6389078324662483,2.296858817057788,3
79.57300341537058,21.2187392542144,0.9263696058600581,-0.6417861888532568,1.5364786399062393,3
80.86987887716317,20.245445660842204,1.4434448761905754,2.2457814109843537,1.2618337112015539,3
82.62953732455728,19.481984003881056,0.6295967390641615,1.084994646134719,0.0991960178480642,3
82.30146255633036,19.057970794023316,1.2939922375289186,0.1073452446126425,0.5260508216545348,3
80.33716236485817,20.333746056259177,-0.45716128631301545,1.7658296420003396,1.4255818198941048,3
77.03882444109139,20.1528860451303,1.7573310751314766,2.1197857859681672,1.903949989800676,3
76.641208370487,19.017544639311996,0.7678868085079991,2.0249278708590683,2.0938403369778156,3
82.73718647263404,21.42976193230133,0.7129875247797421,-0.008694172370554476,0.8973293482159759,3
80.64655359022788,19.48669474346383,2.2607917216741864,0.15919611550179513,1.697297743278479,3
79.4190722867659,20.24519763752615,1.7698221301281922,1.152679788802696,0.4469818878645285,3
80.16513238908222,17.85320144044554,1.0349824794490572,-0.1196149570558438,2.5405665580066836,3
79.12956058334723,20.42078686356425,0.7982240000972365,1.893590568364963,1.2241642146035263,3
82.75550079342749,21.990841509472844,-0.09554195627889284,-0.20608738252515924,0.058468443491715205,3
79.68702395947886,20.06575416600118,0.6413632624969627,2.0442135084164264,1.3882684478532985,3
79.08119462550775,20.574811984887816,1.2601103510373393,0.881881047981627,1.2135301225501043,3
82.64240164779231,19.623858532335237,1.9175581014676557,0.7993818486469657,-0.09475913451044815,3
80.1164695650883,21.49063708791286,-0.5361934647011917,0.9280719909918913,1.955093260277867,3
80.06103181843409,20.342421646076478,2.552083930966328,0.6482148611404757,1.486021472180987,3
80.92007634937167,21.405573963908402,1.6700640353093608,-0.2560890383771608,1.776364273681983,3
80.46209180312648,18.488814515025155,1.5435849930863235,2.1113758329139665,1.0432393469622105,3
76.69817688293423,18.845075169125202,1.8259417783074536,1.081654922854248,1.0856485113396828,3
79.99446838584703,19.355132029474373,0.5801329176223913,1.8115370182931994,-0.6645793800917559,3
79.83530622828444,18.52221135780174,0.3592465099336247,-0.5948964285178355,2.9881890707928025,3
77.77834580080375,20.06874432345385,0.19511442020182446,2.1809897017416495,-0.1716254500242944,3
83.3593744158021,22.294860869191815,0.8037693334973685,1.69064146419444,1.8104426106723732,3
81.08234985478806,20.71536190342045,-0.6549441031411953,0.4783886553993858,0.18786001461196855,3
79.47770547517786,18.298629789818246,-0.7174849462554826,2.2748311446229232,0.6745577259111468,3
76.6853168628813,21.15125404912891,1.04427124565324,1.2576446328870565,1.7632272522687784,3
80.48871609982801,18.821894560932925,1.5836900120169979,-0.25059201248983975,1.0655473992671645,3
79.56724201788425,20.02704132957323,1.024507729152052,1.778398660494339,1.2358450476257024,3
82.95888453288232,21.147269663648103,0.45084709274337553,0.7934450646833242,1.6015475708777727,3
83.23821398281936,18.03622119262672,0.2848261561910437,0.6913315859200813,2.3384497866887917,3
83.20913569958908,18.73206772976262,1.268527790756227,-0.19566969543844404,1.9810186190423793,3
78.43573560508628,19.482835534818232,0.3011297830559416,1.8045950059579692,-1.8709374646333612,3
80.57857082470649,21.333850755607987,-0.16354954621166184,1.1554836801411277,0.8254733147765042,3
81.53328357951759,20.73830933342319,0.33559424153964534,0.6823896717296919,2.6447820726436406,3
84.18118273258894,20.629003234127392,1.0173840776375958,1.437976958480061,-0.5083397304468198,3
79.4761869204557,19.176102714196784,1.0373153429950013,0.5617693561501342,1.3393910040499106,3
79.03625410996543,19.747673934032456,0.7394815179570342,-0.3476445355757962,1.8983835901965351,3
80.74982873259812,18.71379763138769,0.9215404800592524,1.014668430053008,0.8138932151633611,3
79.80723308798662,19.256484767596287,-1.212877485308908,1.3328645420136875,0.6720739114208291,3
77.49687566815216,19.713955760136717,1.445869934823094,1.1785696325317496,0.9102239558177193,3
80.63968084932398,19.566827308450073,2.1163585317741553,2.4458127154589393,2.778630899591029,3
80.9958046239122,19.524247274957034,3.0136946133703977,1.5186436264738248,0.26778427298639973,3
78.57055047191282,20.788343271025937,0.10486652152414477,1.0770532859427553,1.154943541591983,3
80.16776267668075,19.18549716291074,-0.5545295609394547,0.9572138868921586,0.47265676221489583,3
79.87613890385339,19.114402093139073,-0.02442511022143634,0.7496394721382578,1.1272192721201313,3
81.17973864366392,21.790641690482488,0.28945515785470854,1.4883097084868604,0.14640244415890358,3
77.11590767787257,18.779760862518703,0.4585402370316657,-0.08476929739439631,0.8308997857783142,3
80.09962704121597,18.55206090090263,-0.8034615128554772,1.4127709752537418,0.18340136878427593,3
78.78174821662797,19.363831552893217,1.4495582723580944,0.2866710502534099,1.6761236151939567,3
79.45677793989684,22.697565292892335,1.9674364085828877,1.2112101445878098,0.8534583162295322,3
77.94747364905595,20.617682001291556,0.8888685444139851,0.20776296892692814,1.2046392443385288,3
79.04148070090464,19.11772966369876,1.1588645528808164,2.1035329309966126,2.365715958719618,3
78.6810319078047,19.5878100530043,1.1387697027586745,-0.19662127211061642,1.669224940254364,3
82.8343512800472,19.207727874263643,0.6471603184503045,1.9073197564143072,0.6576943952978738,3
76.42267341341953,21.271957409782836,0.2520126790146969,1.4188623035726406,0.24130305600061497,3
79.0545498268476,19.247309963471857,0.8633410028079611,1.3371101595896073,1.0444824585134844,3
80.05291450008166,21.91832409899057,2.5633909854630796,0.5013850221744405,0.3977396200654507,3
84.59414839624566,18.715583067352526,0.7772406623640981,2.307156675163725,0.8455979849800284,3
79.72663268844408,19.4309013779976,0.8594050369296482,0.29321482475364125,0.9082751471065019,3
78.98280969143362,19.067632603811134,1.49777506027404,-0.3005695003852815,0.8526217396595196,3
79.45518847501542,20.96883066812995,-0.18514827025088842,0.7897512082977367,1.1628941861437432,3
48.388915363385536,51.27845395014399,-2.1604137961000434,1.827212369375661,1.7062576113037653,4
52.11494763838004,50.57246591667142,-1.416862384624205,-1.4366896381078291,-0.8411477599196489,4
52.963764493564156,47.74955548444117,1.2168979073467825,3.834949420106758,0.7106080703707671,4
45.62483171817499,46.410700995178615,7.825316848480263,2.4773433049004887,0.9917262380253701,4
49.889557147092596,54.152902574141834,0.31907447608229766,0.3433263972002385,-0.9806297935200083,4
50.69446801794859,51.23726012142251,0.14780776137210805,-0.8950823649513404,1.5750556873358303,4
54.01970669144357,47.89745009045545,1.4622198313072865,-6.7324903138756405,-0.30790845582707016,4
52.41893226290163,50.197247431142,-1.5199249516021545,2.9991038922046833,4.882288249121867,4
48.30452612558172,48.64729115859077,0.09464222437681746,-1.9210213839759036,0.5721482046465873,4
48.897315448334915,50.766101522422524,4.689324206157815,3.4483320517774123,1.4825991978033268,4
47.37116626200638,50.6931879441327,1.7226880473533193,-2.7059681934873883,-1.417781086509267,4
48.89070859595393,48.11152760568742,4.397435539628697,2.898198734978908,6.490161834662369,4
45.7925262959376,49.757389871667044,1.9741314869842221,-3.2784319886726934,-5.62908028342997,4
52.47228916813575,46.1195632156962,-0.8347954248658422,2.503770801460244,2.5590910960342534,4
47.65663132847036,47.96370293414146,2.1778619556456467,4.549024115843361,4.685391122544765,4
52.59798951052562,50.49152936516974,1.8814420375100238,-3.8820496349755764,1.7078624986434492,4
49.18715532857997,49.164724985247,2.246956976940285,2.311433706709164,1.4035303590365962,4
50.72770879013433,48.97283149603914,1.7984537351873324,1.434693213897852,0.6721108264074682,4
49.09250303350869,50.074946896448395,-0.33135209831809975,1.2796695044012731,3.91907836845958,4
48.49824634849387,49.50942663907184,1.0159469101734824,-0.780185015902009,2.510650493058331,4
50.825025407173094,45.26244370717653,0.17117169137025035,3.143420183981079,5.7796412131483805,4
51.15744168360427,47.99281811631096,4.380636818804468,2.620135380302405,4.292439313843433,4
47.60476481757368,53.26662471723607,-2.2317352823673033,1.3144091059768477,0.022300995499905052,4
50.846267823924556,48.32539828964519,-1.7333017127291366,1.4907686662590236,-0.7578228161981717,4
52.09181638706157,50.47518888429615,1.2266529799753498,2.4484950613406458,-2.1080304677049386,4
52.48857983123378,49.144162083036775,1.0262283910860368,3.2383473165629115,2.222047745911928,4
47.26420958231365,47.573450721706806,6.591855757611591,3.8299937034180807,-1.3574370806336216,4
50.48499159317596,49.51225084951821,3.4774585958125837,0.26395623563018367,1.2326738832732957,4
46.32619281621338,52.06146670582266,2.953148316183376,-0.22862995352713744,-0.12067161354198364,4
52.37986382063778,50.80718115894436,-0.45772151545771167,-0.9358610623817141,0.28189532210058976,4
52.32999700186471,51.13514637652041,2.6460196360257737,0.297764446953969,0.368164292413919,4
51.16513258574308,51.94769521634777,2.4339330824278185,1.0180350654826757,-1.9496073092972157,4
51.439756078374536,44.70158419463507,0.4570608360081647,1.2793798134166592,-2.2897575133859256,4
49.7479516228734,45.39008261581869,-0.3151894612160442,3.5369021941151515,-1.6519975066279615,4
48.50224341773811,48.8712362691696,-0.3222260895156259,0.6867241914167646,-0.08323003825291031,4
48.36436274690497,49.95423252335538,-1.9169787200489692,-0.3388827116937374,2.4947511380823393,4
52.35056226603872,51.99066146697642,5.908045640370661,4.2275588596906895,-0.983438604221166,4
50.67352053113348,43.85657223235651,0.1795127306315144,-0.246791420988405,3.290573340178213,4
53.45465979067754,50.674102598554924,1.4892869165836413,0.7860678653121607,-2.0658504036072154,4
48.92887821507698,51.42801278761494,2.39681898413951,-2.5457136929351534,-0.8255010971199279,4
52.840170804570796,48.52968029736527,1.299313622270613,-1.2836132090742551,-0.03455398842523705,4
51.09941472072113,53.179903475413646,3.699969262889959,-0.7993998236784001,4.769168023793598,4
51.81186079422151,49.678751022639226,2.848260346376467,1.0657436467197494,0.20664487879069338,4
51.61487970084549,46.843460952226295,4.035550714655651,-0.47499728163600907,-5.761509885418015E-4,4
49.24329907807088,53.55115986073762,-3.266835126145251,1.9019252176909407,2.9998043690020406,4
50.52837753064081,50.018153258623805,1.5687757751321825,-1.3069273840536253,-2.1486288316702464,4
48.74601249395979,52.885962550035934,-3.4440964499993365,-3.3021294505838172,-3.8684424557601584,4
49.56455823249025,50.45955967450269,0.02955263981602585,-1.4460864655600583,-0.15458294282570928,4
48.36256063820431,47.16738697369396,-0.851026454539797,-1.2763535130591999,0.40502408806812595,4
53.37442272061461,51.775292628962895,3.0831642291716284,-0.21412711448885235,-0.7366186943531479,4
46.71975679817213,48.57391207272418,2.333633960803464,-1.6311369102204,-0.8177086913120946,4
54.616981568347555,47.59841737137211,1.0392226938627596,0.763343763069932,4.324015508954684,4
50.68891253655256,46.250248399846015,0.8667333040371186,2.340869701938569,-2.7820525690421207,4
51.16918024568308,53.1782270983349,0.8889346808266065,1.0963358080270014,6.2703564878056985,4
47.24030245041528,49.8296729368694,5.824035055679471,-3.5843889412772265,-2.858704446844933,4
48.129049887457676,51.93344703149754,1.379350412265505,0.39938650844950996,1.3193241748674842,4
48.513076473629546,49.91741822903991,3.9932026567265724,-0.5656740109875986,0.4642195368204387,4
49.57373239633997,50.32451391058046,-4.646004056985258,-0.6259698521981747,2.5123154254768627,4
51.06109630750726,50.81464483155239,1.0294492796642223,1.5848489268417643,-2.0713498557175978,4
45.374488805059336,50.572162609807926,1.3189551491683487,5.598918535003364,-0.7203017432134806,4
52.1587491487508,52.719375602824755,-3.509859409193269,3.2152165243549664,-2.632644296094096,4
48.122416666497095,49.11874269926412,-0.32398432040827485,2.279784081616344,-2.0842400539283856,4
52.54091473420527,52.73980239588928,4.519686446181893,-1.4553352003749125,3.390710392022551,4
49.97048497625032,52.93531952539588,-3.001508571907449,2.0076501944848957,0.3662346693874481,4
46.355921924053085,46.82235942563134,2.0500825541527283,0.4173153962204147,-2.1092678957464526,4
49.101274508439644,49.849471301487306,-1.4787181948576227,3.1404914064944354,1.581030417374484,4
52.43056817715729,50.93217700293718,-2.05324338931348,2.17595898359367,4.988545796793088,4
46.66260928557865,48.87250552920306,-2.4228588144932264,2.5020277343585935,2.330960729597001,4
51.59941854328596,49.21867928223808,1.5482650146189756,6.328670842026632,1.5799612467832782,4
50.910324281868384,52.235724691653246,1.3338817275134582,-5.499543813014186,4.049972893347975,4
54.10654762715096,51.97738624746607,0.9415306098198609,3.688066374389922,-3.267877313706144,4
47.776961492735694,49.53978079487644,1.2811921473376997,-0.9854120742499664,-3.987243663736458,4
49.57854953076227,48.21793722218797,-0.1926215518533374,1.4304349287198335,3.7802711646593807,4
50.77994317625331,51.09760711489237,1.8314239840418218,2.548421230099203,-2.4122395300456567,4
52.12642291315393,52.72713497196542,-1.3361129327245762,2.359410544642312,3.800810714800366,4
48.79774379020506,46.0547433683392,1.5768348001243284,0.05469323721548858,-0.9665819747954987,4
47.4881935022699,45.83957789244389,0.19898574838623717,2.1581112632107824,-0.07741005014516222,4
52.1537453715265,58.81452433074825,-2.3845475921722556,-1.0684304308526955,-0.5774721935861487,4
48.445477076620456,49.14639392112558,1.6910446257222127,1.023684518701834,4.069590034013334,4
51.80133147743561,50.57777369357878,-0.09092648854194163,2.6884083538032995,1.54137269081824,4
50.962004920789056,50.95424470855802,1.7023114547182718,0.8412985551175428,1.5806381510967862,4
50.44137714039962,49.51234544309026,0.5613632468317422,2.290818174823758,2.893707733757079,4
50.70692391848815,47.080061703844976,-2.236697265898965,4.461378978878472,1.3797869309035882,4
50.26443014455184,54.754915908859566,0.7353916112301273,0.2847902175207295,-2.488234159649708,4
49.79754594933888,50.05477771157311,6.011009220934364,-3.7755491455635495,0.09595686646630908,4
53.1659979228563,48.86420837849646,4.661449134570673,-1.5975041350508428,0.6635467435017639,4
47.00270279195881,49.31713092194175,3.658250340414552,1.5495576833865363,-0.7724899459475882,4
48.9432936048671,48.137205075934254,-0.32474886075949927,0.8251615412589846,4.3180592785560385,4
51.7566379777597,52.257246743471924,2.1938862000452817,3.0291521514747664,1.7138574021103516,4
49.38639259344088,51.76054417392932,-3.0706969086395715,3.137018359201314,3.4342887468962977,4
49.93645079226647,49.28246758443948,1.0127295818607358,-4.4798775406868625,1.2823836900130003,4
45.05194299473768,47.84254772745697,1.0851932715753068,1.559092276174711,0.9615138515916565,4
49.999536125867806,54.44139273782923,-0.10091610410488494,-2.1201982564484805,1.021019155609098,4
49.57973491772643,52.81286974095009,1.3793623062073619,1.235023195066952,0.9361906624560391,4
48.9909494803563,48.51762580902487,0.947161243376208,6.953577225644674,1.171312804403256,4
51.180838046225944,50.45731953064322,4.341526207176381,-0.6115567260522572,4.0523217433645105,4
52.93971381511826,51.66352655036755,0.8830758107515875,-0.5284681030253893,2.750660165910653,4
48.47034625649851,51.83382550333851,5.29905238192598,0.31279214585286563,1.7671705116840002,4
49.7194769204183,46.93198592013719,2.450474802730369,-1.0050345162098573,2.93862198632989,4
49.53614958140995,53.11457923974653,1.825921813765986,3.631945098981569,0.9518110229670343,4
53.580781352416366,49.94046877261907,-0.8119458167578646,3.410789941385513,1.713988897263401,4
49.2809486121153,49.244864971733364,1.2898375140288887,3.537951938471552,-0.7031802316265698,4
49.723224862473586,54.9142399530353,0.5856733603516064,-0.394538638507268,1.9429133559456535,4
50.71204149917299,50.27245301056028,1.205136307663016,-1.3665641421515398,-4.2311423056255055,4
46.953713267099324,46.384542949243375,3.142824859703191,1.1802466363502662,1.5613789143631043,4
53.59284721496256,47.98050098828639,2.9346838698960993,-2.3548471376807303,3.897374992827053,4
51.93571900798147,51.46634532014706,-3.650540594675306,-3.0602469701114767,-1.2262947081072864,4
46.87678417477427,57.93867233787957,1.7426659565439886,-1.3170967287883868,-1.02543150966389,4
47.98901998358461,53.410205037603816,0.4751137054716835,3.394625792593624,2.589772897926135,4
52.29231360545815,54.80396214438628,2.176923006778117,-1.286804413700593,1.6478274103899395,4
45.8143131299966,49.02715845955019,-2.4666721547644497,-0.7077707977482337,5.7991523898076665,4
48.1162610878432,51.32935928532923,0.17797661401868559,-1.32608851439233,0.6906409069216524,4
51.534380951520404,47.178634018053906,4.093092365392604,5.535356001215637,3.2563009050725498,4
49.1709385561055,48.58397519283584,-0.5484142970743109,1.3521633552083092,3.224937686745423,4
53.7645869397378,49.616434198324725,-0.7800874393057065,2.3190783311914713,4.031596198480071,4
49.62580630983007,47.406987892761094,-1.766077743731901,-0.03392814766020491,-0.6056341547952779,4
48.7822758447241,45.59100989967298,6.6454375716155205,4.4107622313899615,1.3030100511299896,4
49.10590877188143,51.25806188479976,-1.42673913538286,4.388654381555503,5.659691026354827,4
50.09943771361905,48.3725166912106,4.837402299705578,-0.07240450228376538,-4.418804614713912,4
48.998189315468125,49.756663231116804,3.9834249332761065,0.1511510676592538,-2.576348634708509,4
47.890773825345455,52.81972288220607,1.9760801904759582,-0.08641198349995816,2.6790522836149124,4
53.14362604868506,51.40977539775958,0.29241712532274544,1.1147705762501348,1.6348905922344685,4
54.211066648771435,53.083304488245645,0.6360093915365266,1.0962539706019776,0.712521540962428,4
47.73275911158203,50.8430820441632,5.065899025962828,0.4677594666644518,-0.0937599764413386,4
49.12873933366369,49.05078119727624,2.3851665266373945,2.947452895774547,1.8535931484444188,4
51.77704162331407,49.06851693408417,2.150526995957625,0.43140228908660694,0.7183599234020852,4
49.28855540788345,44.57935207762766,1.0675475041245983,-0.6451998925479363,5.298332152262767,4
50.233036507877344,48.16880885471692,-3.074882657613574,1.2614842754303148,-2.7881449859447445,4
49.31540894766316,51.87822702395419,0.30512768541109303,0.3431451350058704,0.49600196939493657,4
52.81269352227094,50.39730930899493,-1.0296678900410825,4.698181392112509,2.064446317525803,4
48.04453323485922,50.1916092382867,3.292450467936833,0.38766808871728897,-1.1534597120800383,4
49.293124974569444,50.9993685655723,-3.000687758757082,-0.5235174493127026,0.16827821402283127,4
50.40176746704917,49.94897000791225,-1.6772113277459084,-1.1782344745913869,2.382802163581334,4
48.51410281719935,51.1349595135481,4.716178755719865,1.9439923120149887,-1.4665821256782863,4
51.55553668360256,45.09083263809101,0.10341708846598552,2.5086630019174665,-1.0892281475792478,4
47.94337373400171,46.675625289275715,0.2199983757135382,0.9171669648492888,1.4419403098285648,4
49.98914099578425,48.42379555487216,-0.06637279955610365,-1.1415054550388328,5.171521684771788,4
50.73668352751984,50.25707143179384,-1.642144136656512,0.3798075772747068,1.7819947649814045,4
47.53599775393552,52.06727778672061,3.4985827535669096,-2.0112815600836567,-3.976523291579274,4
50.520003988962095,50.182737820121766,-0.7501272701356867,3.5011045230058624,1.793313412979915,4
46.294410390523936,48.202608016496725,3.9624766882608426,1.0410207720273357,1.6278562563764762,4
48.91214731494209,45.1646205287784,1.1093962586238613,3.9485253434256093,2.099469402294835,4
50.59982158254635,52.017544162828926,0.4358759935744728,2.6894081395757983,3.422607316246108,4
48.929437780060034,51.079326338597696,0.1661527876603024,4.915149402026282,1.2587737679845905,4
46.28862144634383,50.77064553620796,-1.8310824099044547,2.2213111768083103,1.7332454087582312,4
48.581116091279526,48.13844239323856,0.5972119082892625,3.6367281439743167,2.676154218980111,4
49.35842986909441,48.03898416345561,-2.171803848883595,1.4255930696997114,-0.9025075775127838,4
46.22568915140546,51.055057413686164,5.564585792487062,-0.28578975282982255,1.6528452090606058,4
48.38710642280628,52.586701393373296,1.1484771530606945,3.4529205170536024,0.2400075357636089,4
49.59736561952144,52.27661789020169,0.775129434421109,-4.012753359405728,0.858221816563592,4
